data_category,description,availability_status,location,notes
raw_source_data,Datos crudos diarios de PM10 por estacion (MITECO),PUBLIC,https://www.miteco.gob.es/ (portal MITECO); copias locales en data/raw/pm10_*.csv (solo 3/17 estaciones commiteadas en el repo principal),Sin cambios respecto al estado previo; siempre fue publico via el portal oficial
processed_data,Series procesadas por estacion (features/lags derivados),VERSIONED_IN_REPO_PARTIAL,data/processed/ del repo principal (1 estacion completa: casa_de_campo_pm10_2023.csv),No se amplio esta categoria en esta tarea; fuera de alcance de la consolidacion de artefactos de diagnostico
row_level_predictions,predictions_all_stations.csv (895737 filas: y_true/y_pred por dataset/modelo/horizonte/origen),DOCUMENTED_HASH_RELEASE_ASSET_DRAFT,"evidence/paper_a/row_level/predictions_all_stations_manifest.md (hash + ubicaciones); release asset de GitHub en estado DRAFT (no publicado) -- ver submission_decision.json","NO se afirma disponibilidad publica inmediata: el release esta en borrador pendiente de publicacion explicita por el responsable del proyecto. Disponible ahora mismo solo localmente (backup + copia gitignored) y bajo peticion."
aggregate_diagnostics,"variance_retention_all_stations.csv, master_diagnostic_table.csv, dm_significance_all_stations.csv, exceedance_all_stations.csv, murphy_decomposition_all_stations.csv, alpha_threshold_sensitivity.csv (595 filas agregadas por celda)",VERSIONED_IN_REPO (tras esta consolidacion),evidence/paper_a/aggregates/ + outputs/tables/ del repositorio (rama evidence/p3-12r-consolidate-recovered-artifacts),"Sera publico en cuanto la rama se fusione a main (no se fusiona en esta tarea); mientras tanto disponible en el PR #14 / rama de auditoria"
station_source_tables,17 tablas variance_retention_<station_id>.csv (35 filas c/u),VERSIONED_IN_REPO (tras esta consolidacion),evidence/paper_a/source_tables/ + outputs/tables/,"14/17 eran NOT_FOUND antes de esta tarea; ahora las 17 estan versionadas en la rama de auditoria"
figure_source_data,"CSV especifico usado para renderizar cada figura multi-estacion (Fig. 3-6, exceedance, Murphy, threshold sensitivity)",VERSIONED_IN_REPO (tras esta consolidacion),"evidence/paper_a/aggregates/*.csv (mismos archivos que aggregate_diagnostics); figure_skill_alpha_five_models_source.csv en outputs/figures/",Cada figura multi-estacion tiene ahora una tabla fuente trazable con hash documentado
code,"Scripts Python de evaluacion rolling-origin, ajuste de modelos, computo de metricas, generacion de figuras/tablas",PUBLIC,https://github.com/fedeg-umh-es/varret-pm10-paper (scripts/, src/),Sin cambios; ya era publico
regeneration_environment,"Entorno Python reproducible (numpy, pandas, matplotlib, scipy, pyarrow, pytest, seaborn)",DOCUMENTED_NOT_VERSIONED,outputs/p3_12r_artifact_consolidation/environment_freeze.txt,"Entorno aislado en /tmp/p3-12r-venv (no persistente); freeze de versiones exactas documentado para reproducibilidad, no se versiona el venv en si (buena practica estandar)"
doi,Identificador DOI del paquete de evidencia,NOT_ASSIGNED,n/a,No se inventa ningun DOI; no se afirma tenerlo. Si se desea un DOI estable, séria necesario un deposito en Zenodo u otro repositorio con DOI, fuera del alcance de esta tarea
