station,station_type,model,condition,horizon,n_eval,skill_h,phi_h,r_h,beta_h,kge_h,rmse,rmse_persistence
Birr co offlay,unknown,xgboost_direct,lag_only,1,211,0.4695480108318173,0.6320267276320574,0.33781391023712154,1.0475523018939068,0.24095061552753216,7.492135757529792,14.12406006673371
Birr co offlay,unknown,xgboost_direct,lag_only,2,212,0.5393113573841728,0.631584475344683,0.28022361720558037,1.0585690658957334,0.18929760360809944,6.695440910981485,14.533548890991174
Birr co offlay,unknown,xgboost_direct,lag_only,3,212,0.5861330455845521,0.7047354458116353,0.2518588619657142,1.091515534678051,0.19051163537287363,6.084367364103568,14.701264015382007
Birr co offlay,unknown,xgboost_direct,lag_only,4,212,0.6122145614893917,0.7287804701061694,0.23612544812191397,1.0923367489039852,0.18416273706030384,5.76773585548604,14.87352355890036
Birr co offlay,unknown,xgboost_direct,lag_only,5,212,0.6275513814312709,0.6448227458775414,0.28488378410439047,1.1308187306125541,0.19089208114003386,5.568289355565978,14.95049002185638
Birr co offlay,unknown,xgboost_direct,lag_only,6,212,0.5785267167270907,0.6028237002986941,0.17018099933264197,1.1290169043632405,0.07102532406719075,6.366488772124489,15.105319897589112
Birr co offlay,unknown,xgboost_direct,lag_only,7,212,0.5727730446063188,0.6543534825918006,0.1778769203623116,1.1268489404826598,0.09919562236246482,6.439011936602422,15.071642496595283
Birr co offlay,unknown,xgboost_direct,lag_only,8,212,0.44561144075456494,0.5106521995852704,0.19888691240828024,1.0876482479543206,0.05717145553874192,8.651216213110773,15.604968877578816
Birr co offlay,unknown,xgboost_direct,lag_only,9,212,0.45467587172212953,0.7025800690206075,0.1516375961127719,1.0684330218897187,0.09841225487584304,8.09570359543434,14.845672831313209
Birr co offlay,unknown,xgboost_direct,lag_only,10,212,0.4229800185782173,0.682978956983879,0.23200568249586928,1.0579177765942152,0.1671302128908252,8.844680763784394,15.328205345664143
Birr co offlay,unknown,xgboost_direct,lag_only,11,212,0.4044201748996532,0.6535885015689783,0.3419776677609798,1.0588377396723312,0.2540400844681705,9.160569105326388,15.38092581256083
Birr co offlay,unknown,xgboost_direct,lag_only,12,212,0.343664263067067,0.5782551057214956,0.3380179497800637,1.0111604939215313,0.21500729475494507,10.299398002043429,15.692270620784226
Birr co offlay,unknown,xgboost_direct,lag_only,13,212,0.30565305999233794,0.5874191606602374,0.35335485798026817,0.9567198148590944,0.23172526846586106,10.503428397262985,15.127060828045241
Birr co offlay,unknown,xgboost_direct,lag_only,14,212,0.3686642354701678,0.5875216463766557,0.5277416665610192,0.9467972277777014,0.3707171854543253,9.337843488035926,14.790613826526991
Birr co offlay,unknown,xgboost_direct,lag_only,15,211,0.4127370425105492,0.6935678422012859,0.49300861436805826,1.012549513503911,0.40746441226930763,8.27950201835265,14.098457790948576
Birr co offlay,unknown,xgboost_direct,lag_only,16,211,0.40203779994467914,0.7715067128299556,0.47854680837647806,1.0251937506592912,0.4301251554872664,8.44770426300358,14.127488764711272
Birr co offlay,unknown,xgboost_direct,lag_only,17,212,0.37623451203909775,0.7326463118943466,0.5474349271440148,1.0317713924751297,0.4734047464203205,9.058883459397215,14.522899445768997
Birr co offlay,unknown,xgboost_direct,lag_only,18,212,0.2507923062759875,0.6140084277599863,0.5329658583882955,1.0088814918591413,0.3940385621436432,12.54855825220484,16.749104897509746
Birr co offlay,unknown,xgboost_direct,lag_only,19,212,0.2255332461730053,0.5503736137082018,0.48282619029359597,1.0161813840013973,0.3145115071102522,15.13402453036476,19.541219110543633
Birr co offlay,unknown,xgboost_direct,lag_only,20,212,0.1950409465195745,0.4672043826127943,0.4653026110135534,0.995010152420627,0.24515076586459839,17.280176812239034,21.467150083627505
Birr co offlay,unknown,xgboost_direct,lag_only,21,212,0.16788371680331848,0.43593186146221324,0.3462270838673845,1.007663451735429,0.13648936354290975,18.03642694987748,21.675368351870524
Birr co offlay,unknown,xgboost_direct,lag_only,22,212,0.27934270917783566,0.5871404132491749,0.4445365466726974,1.1020305512953932,0.30042661589223074,11.832651926760471,16.419249589858655
Birr co offlay,unknown,xgboost_direct,lag_only,23,212,0.2582061982459233,0.5112409350364442,0.35805969969579304,1.0364921520632078,0.19234633047270244,12.033210185863481,16.221772354270485
Birr co offlay,unknown,xgboost_direct,lag_only,24,212,0.35331170488471286,0.4816019333796075,0.22547829302319172,1.0320503898718163,0.06745098919951398,10.166371533241822,15.720667298345692
Birr co offlay,unknown,xgboost_direct,lag_plus_met,1,211,0.5218957832874278,0.6345924281414752,0.4799504365613104,1.0211554752301535,0.3640583390463177,6.752772675007041,14.12406006673371
Birr co offlay,unknown,xgboost_direct,lag_plus_met,2,212,0.5604282635082399,0.7072452496286495,0.3872004975859188,1.0519085752422757,0.31888101317932693,6.388537323400884,14.533548890991174
Birr co offlay,unknown,xgboost_direct,lag_plus_met,3,212,0.6033617068902399,0.8022436075441391,0.37297580413757947,1.0936417037691506,0.3358948113146074,5.831084265617057,14.701264015382007
Birr co offlay,unknown,xgboost_direct,lag_plus_met,4,212,0.6269884713520533,0.7928331329305773,0.33669678817252296,1.0944585881758209,0.29870713213937783,5.547995759086673,14.87352355890036
Birr co offlay,unknown,xgboost_direct,lag_plus_met,5,212,0.6099550170495865,0.7577047223970449,0.2811867988108805,1.1391910220921468,0.22878436194310792,5.831363625675298,14.95049002185638
Birr co offlay,unknown,xgboost_direct,lag_plus_met,6,212,0.5888925320101468,0.7119968866867854,0.28630967264698365,1.1297892552594426,0.21952262850473303,6.2099098162746085,15.105319897589112
Birr co offlay,unknown,xgboost_direct,lag_plus_met,7,212,0.5805068482973166,0.7798009637443627,0.2985523209390939,1.1373726233371548,0.2520777449023359,6.322450812232855,15.071642496595283
Birr co offlay,unknown,xgboost_direct,lag_plus_met,8,212,0.45927231717249495,0.5797791891693074,0.2862917387606175,1.0915264736907349,0.16672807115395505,8.438038661768525,15.604968877578816
Birr co offlay,unknown,xgboost_direct,lag_plus_met,9,212,0.4690700971092633,0.776881184477919,0.2567088481873374,1.087385052068813,0.21903912420144878,7.88201163467677,14.845672831313209
Birr co offlay,unknown,xgboost_direct,lag_plus_met,10,212,0.44234888632973257,0.7337680366251239,0.3174303570806256,1.0600332316321948,0.2648913245936161,8.547790781576156,15.328205345664143
Birr co offlay,unknown,xgboost_direct,lag_plus_met,11,212,0.4452924125119698,0.7122608820750598,0.4621697665471712,1.0608583391925996,0.3870082403087065,8.53191625081799,15.38092581256083
Birr co offlay,unknown,xgboost_direct,lag_plus_met,12,212,0.3449902614170285,0.7186336615693908,0.40259152622344885,1.0368993949913088,0.3386185168205864,10.27859007709312,15.692270620784226
Birr co offlay,unknown,xgboost_direct,lag_plus_met,13,212,0.3742473840965549,0.6645494572471143,0.5152133108856739,0.978197747246807,0.41006734384274857,9.465797884079844,15.127060828045241
Birr co offlay,unknown,xgboost_direct,lag_plus_met,14,212,0.36849321035755833,0.6882679968975036,0.5419745941765297,0.9631445877705838,0.44473210470201896,9.34037305443117,14.790613826526991
Birr co offlay,unknown,xgboost_direct,lag_plus_met,15,211,0.42128767587886995,0.7539326710853659,0.5268271667196431,1.014234447834041,0.4664793537088905,8.158951274723503,14.098457790948576
Birr co offlay,unknown,xgboost_direct,lag_plus_met,16,211,0.4429177637395707,0.7933160609456961,0.5580832433784138,1.0210938258004114,0.5116828695070758,7.870173033789445,14.127488764711272
Birr co offlay,unknown,xgboost_direct,lag_plus_met,17,212,0.45892096015629313,0.8006874295350677,0.6806899658604063,1.0415062367416053,0.6213086133326805,7.858036487863392,14.522899445768997
Birr co offlay,unknown,xgboost_direct,lag_plus_met,18,212,0.3979008954184061,0.7043036506695144,0.7308660757476906,1.0114254527280448,0.6000000735489253,10.084621061333806,16.749104897509746
Birr co offlay,unknown,xgboost_direct,lag_plus_met,19,212,0.32342490694099835,0.6915232201012872,0.6435743067625762,1.0281182678318104,0.5277841219078732,13.2211021382024,19.541219110543633
Birr co offlay,unknown,xgboost_direct,lag_plus_met,20,212,0.286931573042683,0.6055587837641412,0.620803525230459,1.0030788259838532,0.45284068251311893,15.307546941388901,21.467150083627505
Birr co offlay,unknown,xgboost_direct,lag_plus_met,21,212,0.2570712386477336,0.5349026042696348,0.5404576241463462,0.9901303193609606,0.34609466027848845,16.103254561509285,21.675368351870524
Birr co offlay,unknown,xgboost_direct,lag_plus_met,22,212,0.4228315823178813,0.7127353970751821,0.6860989894402812,1.0729698557953349,0.5682831988690296,9.476672305306495,16.419249589858655
Birr co offlay,unknown,xgboost_direct,lag_plus_met,23,212,0.4381399500281101,0.6139595312254363,0.7034053211509543,1.031886381173454,0.512134866630549,9.114365825603036,16.221772354270485
Birr co offlay,unknown,xgboost_direct,lag_plus_met,24,212,0.35996163300333706,0.5532455469800982,0.2833729163638717,1.0421053191259773,0.1544724864366419,10.061830225731018,15.720667298345692
Dublin Airport,unknown,xgboost_direct,lag_only,1,145,-0.10653787977029006,0.7012302983830937,0.8572724126046921,0.9603093624344269,0.6665185979424008,6.597053117846819,5.961886383154207
Dublin Airport,unknown,xgboost_direct,lag_only,2,145,-0.024975097149294134,0.6281360165177056,0.8214056278481505,1.0200787234955366,0.5869843500388349,7.151555679804527,6.977297009161245
Dublin Airport,unknown,xgboost_direct,lag_only,3,145,0.24661426597052571,0.6133471269103371,0.758312909223775,1.0162036542358173,0.5437372987773819,6.632655664771155,8.803797795979595
Dublin Airport,unknown,xgboost_direct,lag_only,4,145,0.2646447901488598,0.5568405690560201,0.6361505003567518,1.0279429518502685,0.4259289693919919,7.180178941917111,9.764232095901805
Dublin Airport,unknown,xgboost_direct,lag_only,5,145,0.2069590725643361,0.5802894103551914,0.5137555426308695,1.0614711480993668,0.35473311457130596,8.096648441360324,10.209622430889194
Dublin Airport,unknown,xgboost_direct,lag_only,6,145,0.3829688162006034,0.6779447259895246,0.459953091707857,1.1247730417390054,0.3589550915741797,7.340145161454495,11.89590632398387
Dublin Airport,unknown,xgboost_direct,lag_only,7,145,0.268438477837169,0.7130142511383606,0.3937627487377258,1.1640874173835516,0.30948634668725217,8.908652343426576,12.17758462348938
Dublin Airport,unknown,xgboost_direct,lag_only,8,145,0.2800933205698968,0.8350909046595361,0.39967838117737503,1.2588969051990193,0.32575326231901025,9.817661906155593,13.637409106868557
Dublin Airport,unknown,xgboost_direct,lag_only,9,145,0.260302460880942,0.7788602582527712,0.28734162374981453,1.348219004226024,0.17656741531334474,11.720427500060019,15.84489183784287
Dublin Airport,unknown,xgboost_direct,lag_only,10,145,0.2876722184411894,0.6332758457073849,0.2767255483591818,1.287038342498028,0.13976541118019714,11.257367422726167,15.803633824433037
Dublin Airport,unknown,xgboost_direct,lag_only,11,145,0.2609601331462714,0.6008425823879961,0.27816586522751646,1.2856506619703278,0.12709252332133725,12.248600877908078,16.573667304381473
Dublin Airport,unknown,xgboost_direct,lag_only,12,145,0.27482061762638665,0.6241852159392978,0.35670670581058656,1.3384726887114433,0.18169273785990814,11.969313246351096,16.505313771020163
Dublin Airport,unknown,xgboost_direct,lag_only,13,145,0.2651700473801796,0.6198833633618124,0.4086845742431863,1.315955256538594,0.22930530407854866,12.06646761580799,16.420761800452667
Dublin Airport,unknown,xgboost_direct,lag_only,14,145,0.3233862693831081,0.5442810611158242,0.43716444912532315,1.2393151924737895,0.2372842141827094,11.524619526691923,17.032789914246248
Dublin Airport,unknown,xgboost_direct,lag_only,15,145,0.2930522435281061,0.4875819034883166,0.3953153610286085,1.259387168804763,0.16603505974101673,12.336264005940933,17.450036290526633
Dublin Airport,unknown,xgboost_direct,lag_only,16,145,0.2785042323202874,0.41821011760058024,0.35048918130082785,1.2109266657389892,0.10287468590538207,13.694568990957102,18.98080294358208
Dublin Airport,unknown,xgboost_direct,lag_only,17,145,0.2978323112615454,0.5386958133648427,0.32992990300115743,1.2738513817390325,0.14163523675564393,11.588252202157028,16.50353952198654
Dublin Airport,unknown,xgboost_direct,lag_only,18,145,0.3517261266252466,0.5569597886111746,0.3309601152467163,1.23614005389371,0.16354251671046272,10.031311103306239,15.473878425927788
Dublin Airport,unknown,xgboost_direct,lag_only,19,145,0.3563440314495533,0.5520500065179353,0.26376556824138164,1.1907495857178665,0.11734166314532823,9.67407439024884,15.029883762338844
Dublin Airport,unknown,xgboost_direct,lag_only,20,145,0.33692231988720756,0.6942926246898519,0.26711539383686783,1.231885809553413,0.17274678970574497,9.376651446928772,14.141105526781963
Dublin Airport,unknown,xgboost_direct,lag_only,21,145,0.20358269396832773,0.6461215402559058,0.16048547105092598,1.1700701300248821,0.0732106724211169,12.058636205933025,15.141102678968496
Dublin Airport,unknown,xgboost_direct,lag_only,22,145,0.2428932684349312,0.39750449824975104,0.09151995112751855,1.1153803284408743,-0.09619772350600808,12.207325359771355,16.12365185888221
Dublin Airport,unknown,xgboost_direct,lag_only,23,145,0.21248172009831978,0.3553718641378242,0.11495325427542977,1.1047837069399566,-0.09992399778478989,13.5376104870657,17.190217462324608
Dublin Airport,unknown,xgboost_direct,lag_only,24,145,0.20082515681469293,0.3860837350405594,0.007437986214234511,1.0761429808437095,-0.16955986812303436,13.753896575604944,17.210122031351013
Dublin Airport,unknown,xgboost_direct,lag_plus_met,1,145,-0.06991511883388646,0.6776111187597934,0.8783847518317869,0.9482499432985421,0.6515707708831933,6.378712378106562,5.961886383154207
Dublin Airport,unknown,xgboost_direct,lag_plus_met,2,145,0.09271624186816263,0.6685526094884692,0.8693624428540804,0.9949913133354431,0.6437014861719736,6.330388252073844,6.977297009161245
Dublin Airport,unknown,xgboost_direct,lag_plus_met,3,145,0.29267971794177794,0.6798646144227569,0.7860529935560507,0.9920028936470174,0.6148715274417662,6.22710474023584,8.803797795979595
Dublin Airport,unknown,xgboost_direct,lag_plus_met,4,145,0.22249102341662208,0.7382843514233731,0.5903550618194984,1.0210233083666742,0.5134344488340017,7.591778104007184,9.764232095901805
Dublin Airport,unknown,xgboost_direct,lag_plus_met,5,145,0.21495443824077054,0.6605378348404609,0.5369240534143674,1.054115442421453,0.4232831067244073,8.015018776607038,10.209622430889194
Dublin Airport,unknown,xgboost_direct,lag_plus_met,6,145,0.34740252077058764,0.8048072371002988,0.43522986352973614,1.1131832208651191,0.39182571311961756,7.763238480181099,11.89590632398387
Dublin Airport,unknown,xgboost_direct,lag_plus_met,7,145,0.248514962387811,0.8458338503729502,0.4202507681210302,1.1626132273716159,0.37845399585284245,9.151272638808532,12.17758462348938
Dublin Airport,unknown,xgboost_direct,lag_plus_met,8,145,0.28079190761894024,0.8971862189969945,0.42775866289580206,1.2527677201881326,0.36602654485850883,9.808134988771027,13.637409106868557
Dublin Airport,unknown,xgboost_direct,lag_plus_met,9,145,0.2955749062628592,0.7764990542097625,0.3379017841280675,1.3176532946581072,0.23238659740916645,11.16153941812732,15.84489183784287
Dublin Airport,unknown,xgboost_direct,lag_plus_met,10,145,0.26289946108334616,0.7689572972650346,0.29357147978604026,1.2884174001074464,0.20275061533827354,11.64886700883105,15.803633824433037
Dublin Airport,unknown,xgboost_direct,lag_plus_met,11,145,0.2615987660958511,0.7012466493195737,0.32893945002834435,1.2814655529298509,0.21336241905363473,12.238016387872129,16.573667304381473
Dublin Airport,unknown,xgboost_direct,lag_plus_met,12,145,0.24492392598740365,0.7776085198725293,0.349046752583513,1.3311583360499095,0.23654473327463243,12.462767522567946,16.505313771020163
Dublin Airport,unknown,xgboost_direct,lag_plus_met,13,145,0.21123357113840713,0.8077217338044017,0.3576497099056161,1.3000303666836603,0.2654232186028094,12.95214564452991,16.420761800452667
Dublin Airport,unknown,xgboost_direct,lag_plus_met,14,145,0.25277889974964385,0.7078611040614895,0.31923216046557673,1.2234122391202658,0.22624098425073658,12.727260020056251,17.032789914246248
Dublin Airport,unknown,xgboost_direct,lag_plus_met,15,145,0.25419916170557555,0.6020082786749209,0.325054432586415,1.2532210737972815,0.17655003708203731,13.014251693742892,17.450036290526633
Dublin Airport,unknown,xgboost_direct,lag_plus_met,16,145,0.2465400403486252,0.5522327046191092,0.29833270114939614,1.2006461533664814,0.14379241538644028,14.30127502002205,18.98080294358208
Dublin Airport,unknown,xgboost_direct,lag_plus_met,17,145,0.3117198252299763,0.58074518386159,0.3602294395894322,1.2509109267920742,0.19499238264041163,11.359059066516888,16.50353952198654
Dublin Airport,unknown,xgboost_direct,lag_plus_met,18,145,0.2399238944621479,0.8380640685373792,0.21311999349292748,1.2422954420684011,0.16088709234909337,11.761325251545383,15.473878425927788
Dublin Airport,unknown,xgboost_direct,lag_plus_met,19,145,0.29693557475784804,0.7680451283289195,0.21355904759023342,1.1654743883385648,0.1635346944940571,10.566976588825112,15.029883762338844
Dublin Airport,unknown,xgboost_direct,lag_plus_met,20,145,0.2816937182192438,0.9261882073542955,0.24963488884792323,1.1888330296125733,0.22272662863024573,10.157644931212053,14.141105526781963
Dublin Airport,unknown,xgboost_direct,lag_plus_met,21,145,0.17105412942120857,0.8191370539887816,0.209419627233175,1.1532888764305151,0.17463571031857772,12.551154541740411,15.141102678968496
Dublin Airport,unknown,xgboost_direct,lag_plus_met,22,145,0.26134314999933195,0.5299964311146729,0.22177988577326405,1.0760804891341997,0.08768528358963901,11.909845892589349,16.12365185888221
Dublin Airport,unknown,xgboost_direct,lag_plus_met,23,145,0.2177591030340278,0.48338764089605646,0.20550396639597174,1.0883407085290846,0.04820361538042395,13.44689112676892,17.190217462324608
Dublin Airport,unknown,xgboost_direct,lag_plus_met,24,145,0.2490076351404944,0.40033383272597034,0.1837218019785705,1.0510597098455994,-0.014158125100693253,12.924670243844975,17.210122031351013
Dundalk Co Louth,unknown,xgboost_direct,lag_only,1,151,0.18167341381482116,1.3007358710612167,0.6667762136094909,1.2101963181733408,0.5043563294734767,7.681984408075333,9.387431054741485
Dundalk Co Louth,unknown,xgboost_direct,lag_only,2,150,0.2430475075562607,1.39733530914159,0.5259378472723945,1.2702471463042813,0.32498607968058746,8.482811448691896,11.206530836969776
Dundalk Co Louth,unknown,xgboost_direct,lag_only,3,151,0.3722986027599652,1.1528923857366191,0.4949482476919373,1.2994960185673685,0.39324533849060106,7.605863210772783,12.117008571615907
Dundalk Co Louth,unknown,xgboost_direct,lag_only,4,151,0.44096562629929403,0.9443197248229569,0.4672561781855765,1.291835785562142,0.39001278828167063,7.209303553771064,12.895993328722856
Dundalk Co Louth,unknown,xgboost_direct,lag_only,5,151,0.3814833805931124,1.068873452325377,0.37613697037926386,1.3763940491943132,0.2681385975256855,8.358974645952314,13.514551401978432
Dundalk Co Louth,unknown,xgboost_direct,lag_only,6,152,0.42134539719072595,0.916560070634794,0.31200067214756927,1.373245640607055,0.21284207101113573,8.231293363393934,14.22488186118687
Dundalk Co Louth,unknown,xgboost_direct,lag_only,7,152,0.4631514027045177,0.7909456706347668,0.2937128847660236,1.3589556047767082,0.18061344411047842,7.8943150172597125,14.704918774174741
Dundalk Co Louth,unknown,xgboost_direct,lag_only,8,152,0.44094164270229896,0.7611818207683103,0.2114296664470084,1.293385385551788,0.1253844969663599,8.181148523115182,14.633800597597872
Dundalk Co Louth,unknown,xgboost_direct,lag_only,9,152,0.42141557771105054,0.7129863561522795,0.1987939713855813,1.1930427749746,0.12731824528484104,8.166052941474774,14.113848605133349
Dundalk Co Louth,unknown,xgboost_direct,lag_only,10,153,0.4472135899119589,0.6653887530148466,0.21789009997139777,1.1262272959492654,0.1400035392082285,7.945353679185705,14.373279686670056
Dundalk Co Louth,unknown,xgboost_direct,lag_only,11,153,0.32108165874343797,0.5058309288303517,0.09564381068897837,1.061836809381006,-0.03241802533675675,10.777984588801631,15.875229661424996
Dundalk Co Louth,unknown,xgboost_direct,lag_only,12,153,0.3418261614268103,0.5178562010201926,0.09787111086464136,1.1141053966807297,-0.02923234357405602,10.469799772127638,15.90734720605791
Dundalk Co Louth,unknown,xgboost_direct,lag_only,13,153,0.37562339160537306,0.6690739492455399,0.08037513248852263,1.1371320487329275,0.013071863404869877,9.295631204034006,14.88785947304236
Dundalk Co Louth,unknown,xgboost_direct,lag_only,14,152,0.43717710272381094,0.7734060849613095,0.11503247447579147,1.2257173500518201,0.05901081532282315,8.226562950959371,14.616610288551254
Dundalk Co Louth,unknown,xgboost_direct,lag_only,15,152,0.34457567091660934,0.6352747290293395,0.06206196264703414,1.1420005386078464,-0.016324966810849384,10.165280600643136,15.509464860511445
Dundalk Co Louth,unknown,xgboost_direct,lag_only,16,151,0.30509567132470905,0.762803592140463,0.04880300507173277,1.168146991922113,0.005358722978736852,10.368253287437463,14.920403945680778
Dundalk Co Louth,unknown,xgboost_direct,lag_only,17,151,0.25759162784982315,0.8195908849133648,0.20096799240363908,1.1233433231382262,0.171620151541218,10.649798108516356,14.344932665120968
Dundalk Co Louth,unknown,xgboost_direct,lag_only,18,151,0.21700434861842133,0.8220776521266276,0.33627901568999613,1.0249493922449147,0.31239227821409377,11.500891617491,14.688321189521204
Dundalk Co Louth,unknown,xgboost_direct,lag_only,19,150,0.08430067267073371,0.5376700875745231,0.2127610868137995,0.8840025404701594,0.0797014261798965,18.571408013609844,20.281120078765717
Dundalk Co Louth,unknown,xgboost_direct,lag_only,20,151,0.11443685112005486,0.6984195706623549,0.24606982033075153,0.8903861716183518,0.180624223845942,16.11242431281168,18.194551493239725
Dundalk Co Louth,unknown,xgboost_direct,lag_only,21,151,0.13429204566742703,0.631102616308199,0.23243222135421798,0.8520438429164614,0.13562936252507696,15.670166098267961,18.10098430982888
Dundalk Co Louth,unknown,xgboost_direct,lag_only,22,151,0.1930648486460369,0.5051318743277705,0.2562177423723982,0.8574768567704486,0.09533467242079563,13.602410232091964,16.85688150933612
Dundalk Co Louth,unknown,xgboost_direct,lag_only,23,151,0.1897998495716261,0.616600117756546,0.234708377945754,0.974154223297913,0.14365033971861263,13.148480661874318,16.228682079264455
Dundalk Co Louth,unknown,xgboost_direct,lag_only,24,152,0.16074131001982905,0.7823010151867816,0.08184532681164958,1.0772181549896165,0.05323524814961933,12.661307083903157,15.086298462041905
Dundalk Co Louth,unknown,xgboost_direct,lag_plus_met,1,151,0.2757996915992632,1.2082779235069094,0.7168607989083142,1.2068811919446554,0.5921430052142915,6.7983804649344375,9.387431054741485
Dundalk Co Louth,unknown,xgboost_direct,lag_plus_met,2,150,0.3414094369355848,1.2354880349705315,0.5778131415752031,1.2514965995510148,0.4550716582644969,7.380515453918657,11.206530836969776
Dundalk Co Louth,unknown,xgboost_direct,lag_plus_met,3,151,0.43384074164035524,1.0692661536684747,0.5596153737923751,1.2823128678494597,0.4723287250593976,6.86015658644352,12.117008571615907
Dundalk Co Louth,unknown,xgboost_direct,lag_plus_met,4,151,0.44299908686856593,0.9635822428359002,0.479767536868415,1.2895078524246901,0.40352463139843286,7.183080059835513,12.895993328722856
Dundalk Co Louth,unknown,xgboost_direct,lag_plus_met,5,151,0.3336677053223188,1.2256246739022578,0.3566451474930456,1.365538913510444,0.2264170005693371,9.005182047219762,13.514551401978432
Dundalk Co Louth,unknown,xgboost_direct,lag_plus_met,6,152,0.47213066435907747,0.8159957176182349,0.3855182605656838,1.352955046165635,0.26786432360740897,7.5088789376353215,14.22488186118687
Dundalk Co Louth,unknown,xgboost_direct,lag_plus_met,7,152,0.461532850639334,0.7826968494343371,0.25973398102118284,1.3343675366133358,0.1591575131801557,7.9181156939100115,14.704918774174741
Dundalk Co Louth,unknown,xgboost_direct,lag_plus_met,8,152,0.4647597094024547,0.7621681944085091,0.2725726640483444,1.2704531786085755,0.18829844236929438,7.832599684404817,14.633800597597872
Dundalk Co Louth,unknown,xgboost_direct,lag_plus_met,9,152,0.45518375576803605,0.6938175721263046,0.26695780070123076,1.1508387048237747,0.19138954992881707,7.689453988707294,14.113848605133349
Dundalk Co Louth,unknown,xgboost_direct,lag_plus_met,10,153,0.444367278419214,0.7067995752889715,0.23281364145485445,1.1175932627863279,0.17031959572301436,7.98626451034631,14.373279686670056
Dundalk Co Louth,unknown,xgboost_direct,lag_plus_met,11,153,0.33945520195917855,0.530457055438148,0.17168257622919467,1.0482427669574939,0.04663349341723089,10.486300370557633,15.875229661424996
Dundalk Co Louth,unknown,xgboost_direct,lag_plus_met,12,153,0.34096441506563624,0.5731473269488097,0.1340157858416248,1.0992362947282937,0.029443610162786182,10.483507870698391,15.90734720605791
Dundalk Co Louth,unknown,xgboost_direct,lag_plus_met,13,153,0.4013607403358711,0.6918494807415883,0.17206950118419895,1.1157715764891083,0.10902934318161561,8.912457172925667,14.88785947304236
Dundalk Co Louth,unknown,xgboost_direct,lag_plus_met,14,152,0.4492794513125119,0.8211683339640895,0.17954451543088065,1.2045555566898318,0.13572519259820204,8.04966763806213,14.616610288551254
Dundalk Co Louth,unknown,xgboost_direct,lag_plus_met,15,152,0.35600555212572704,0.6554416084445405,0.10269275765704194,1.1071561112150412,0.0328582293566575,9.988009259670505,15.509464860511445
Dundalk Co Louth,unknown,xgboost_direct,lag_plus_met,16,151,0.3422900513944751,0.7365890674065932,0.10619459102538097,1.1038022470115283,0.06242422439215267,9.813298112287375,14.920403945680778
Dundalk Co Louth,unknown,xgboost_direct,lag_plus_met,17,151,0.3043644261719388,0.7725816463731578,0.2586132278720879,1.0762881399194166,0.2207738879215143,9.978845466026323,14.344932665120968
Dundalk Co Louth,unknown,xgboost_direct,lag_plus_met,18,151,0.28131814593632265,0.7045009390669754,0.3936145236930011,0.9509979780318264,0.32366854350449237,10.556229905567898,14.688321189521204
Dundalk Co Louth,unknown,xgboost_direct,lag_plus_met,19,150,0.13818504092825012,0.46650199282491683,0.31956716153351056,0.8290188105012198,0.11861271935331019,17.47857267061072,20.281120078765717
Dundalk Co Louth,unknown,xgboost_direct,lag_plus_met,20,151,0.19293048295781912,0.49960976318981376,0.34594561412860064,0.8057244825009152,0.15387914251443668,14.684267886448076,18.194551493239725
Dundalk Co Louth,unknown,xgboost_direct,lag_plus_met,21,151,0.18896299626140156,0.5095866569245163,0.30958265359408904,0.8137013311879564,0.1328849250037275,14.680568079362999,18.10098430982888
Dundalk Co Louth,unknown,xgboost_direct,lag_plus_met,22,151,0.1938447776097625,0.5078585627045319,0.26985093422605877,0.8378356520925069,0.10466870473211387,13.589263061964742,16.85688150933612
Dundalk Co Louth,unknown,xgboost_direct,lag_plus_met,23,151,0.21896178692412327,0.507091359252595,0.24759048618845944,0.9266242389922886,0.09752395771353906,12.675220851765214,16.228682079264455
Dundalk Co Louth,unknown,xgboost_direct,lag_plus_met,24,152,0.2543064098706259,0.6660705047581514,0.2009665636677405,1.0481582519938488,0.13265776223885073,11.249756061923282,15.086298462041905
Pearse street dublin,unknown,xgboost_direct,lag_only,1,212,0.16551648752132875,0.8226660029588883,0.7638741040681624,1.0097972459012912,0.7045363452750231,6.087939835205373,7.295458501177968
Pearse street dublin,unknown,xgboost_direct,lag_only,2,212,0.2782435839815237,0.859239162747722,0.7199705524635807,1.1098083428878043,0.6679036631348065,5.980006972039638,8.285353395301934
Pearse street dublin,unknown,xgboost_direct,lag_only,3,212,0.28725890343942306,0.7260373330521732,0.6417828986066308,1.104191776240676,0.5371490943640487,6.516422120499948,9.142761869556525
Pearse street dublin,unknown,xgboost_direct,lag_only,4,212,0.35572215522693695,0.7478013531899745,0.5769947495300213,1.111612286100168,0.4950298010907147,6.375372567693508,9.895377622272786
Pearse street dublin,unknown,xgboost_direct,lag_only,5,212,0.43360719680321325,0.7521074190036549,0.5515824525657486,1.1435703031865492,0.4678896162288727,6.118652733920062,10.802843361330996
Pearse street dublin,unknown,xgboost_direct,lag_only,6,212,0.3892274331891802,0.7017344978863886,0.3985518194173884,1.1531608208045503,0.3114068975753953,7.032770403892028,11.514548599675978
Pearse street dublin,unknown,xgboost_direct,lag_only,7,212,0.38056257134822025,0.646316375447333,0.4610368149710093,1.0631012614203654,0.3522691992145601,6.995987089789191,11.294098106109155
Pearse street dublin,unknown,xgboost_direct,lag_only,8,212,0.37823795407915384,0.6390055084671868,0.4926661186981581,1.0686804373217653,0.3735642949954603,7.356878906787078,11.832306193427012
Pearse street dublin,unknown,xgboost_direct,lag_only,9,212,0.3658953730963286,0.632834980148867,0.45269140801073926,1.0488514025161295,0.3391344265318832,7.900915342357621,12.459955356165333
Pearse street dublin,unknown,xgboost_direct,lag_only,10,212,0.17272844638321783,0.35770040001816533,0.2049584937960322,0.9222562368045315,-0.025028714446425404,15.017793975369033,18.153403087187186
Pearse street dublin,unknown,xgboost_direct,lag_only,11,212,0.2849989680924859,0.46547571476427835,0.35891098547600686,0.9838730554788311,0.1651518614803692,10.340991476963874,14.462904269348646
Pearse street dublin,unknown,xgboost_direct,lag_only,12,212,0.26360062488322944,0.4539901137140378,0.2890687691222142,0.9334859297892915,0.10112618655597283,10.712239128964091,14.54677922189363
Pearse street dublin,unknown,xgboost_direct,lag_only,13,212,0.27705452664318153,0.4998544754285344,0.3142456941069039,0.9606406622560517,0.15032143061777126,9.958394650590684,13.77475206304473
Pearse street dublin,unknown,xgboost_direct,lag_only,14,212,0.2739244238030023,0.4656264941012313,0.3711962119431896,0.9177274096660337,0.17071233772508332,9.874400418371742,13.599686784799156
Pearse street dublin,unknown,xgboost_direct,lag_only,15,212,0.2792281778238328,0.4545650471951408,0.3646510657861036,0.9261666053153901,0.15939371515636025,9.388708113981256,13.02590892861863
Pearse street dublin,unknown,xgboost_direct,lag_only,16,212,0.2679171821427556,0.4456212866425611,0.36549134929604743,0.9120624601230951,0.1528459428406176,9.562912730794125,13.06261053740355
Pearse street dublin,unknown,xgboost_direct,lag_only,17,212,0.3041016017053483,0.46352222734942367,0.39439858587480847,0.9278607479768551,0.18774046941817046,8.779888437289184,12.616624005465342
Pearse street dublin,unknown,xgboost_direct,lag_only,18,212,0.27040156454665554,0.43875701295513986,0.3468181218929051,0.9163435447977287,0.13476092385309002,9.280756230590162,12.720362023286764
Pearse street dublin,unknown,xgboost_direct,lag_only,19,212,0.24921415789268642,0.4285186646398918,0.2995768857382797,0.9269265162044907,0.09306935783871984,9.737956770045479,12.970352161560319
Pearse street dublin,unknown,xgboost_direct,lag_only,20,212,0.26610446215893846,0.45546853591491226,0.3180673244740389,0.9417351126824888,0.1253906663985529,9.09871727453239,12.397837029093482
Pearse street dublin,unknown,xgboost_direct,lag_only,21,212,0.25573009356976284,0.4414521630856644,0.2550613787136714,0.9574572162569218,0.06794896917911752,9.368077328058876,12.586935528525196
Pearse street dublin,unknown,xgboost_direct,lag_only,22,212,0.23546501872748749,0.4065739038430003,0.19851096234189633,0.9600223115908274,0.0019331562180864292,10.075683215258005,13.17883872166028
Pearse street dublin,unknown,xgboost_direct,lag_only,23,212,0.2156029782201776,0.3973217347217305,0.19445692651286148,0.9759380772676739,-0.006329822079971015,10.763357236034219,13.721823180322396
Pearse street dublin,unknown,xgboost_direct,lag_only,24,212,0.1259058169057975,0.5490106762490642,0.11209919192272938,0.9411413362886918,0.00239107992386256,12.437057439842174,14.228509559251709
Pearse street dublin,unknown,xgboost_direct,lag_plus_met,1,212,0.2704729399319393,0.8030121418562085,0.8243332676939347,0.9907278657556239,0.7358996600369188,5.322234392212903,7.295458501177968
Pearse street dublin,unknown,xgboost_direct,lag_plus_met,2,212,0.37310391974504264,0.7858565680411136,0.7820032398471982,1.0651799560998294,0.6875445254673491,5.194055567041884,8.285353395301934
Pearse street dublin,unknown,xgboost_direct,lag_plus_met,3,212,0.36610062454635883,0.7166996443663809,0.7229182925952727,1.0726161430584344,0.5971272306135137,5.795591039033246,9.142761869556525
Pearse street dublin,unknown,xgboost_direct,lag_plus_met,4,212,0.4143853076341918,0.696843630844943,0.646685541086583,1.078640010883404,0.5278568624365068,5.79487852211078,9.895377622272786
Pearse street dublin,unknown,xgboost_direct,lag_plus_met,5,212,0.45757469047146404,0.7241570404756674,0.5757773143718442,1.111487123658594,0.48184596492705545,5.859735654058255,10.802843361330996
Pearse street dublin,unknown,xgboost_direct,lag_plus_met,6,212,0.43963701453670145,0.7022584431764528,0.50144939893429,1.1351035222334154,0.4037989448159578,6.452326829576675,11.514548599675978
Pearse street dublin,unknown,xgboost_direct,lag_plus_met,7,212,0.4190272639341269,0.6489475846538116,0.5342456593349261,1.041068797160462,0.4153192749295068,6.561563078102631,11.294098106109155
Pearse street dublin,unknown,xgboost_direct,lag_plus_met,8,212,0.4082211761572887,0.613525639667489,0.5403106836071173,1.0376655658674354,0.3982563721548076,7.002108242493066,11.832306193427012
Pearse street dublin,unknown,xgboost_direct,lag_plus_met,9,212,0.39333226285135703,0.6047807284482251,0.498683371052243,1.0253247538162698,0.3611275728118223,7.559052920897936,12.459955356165333
Pearse street dublin,unknown,xgboost_direct,lag_plus_met,10,212,0.18651678308688713,0.36129047218887567,0.2544869977870986,0.9143495864809107,0.01456837339103334,14.767488741285467,18.153403087187186
Pearse street dublin,unknown,xgboost_direct,lag_plus_met,11,212,0.3185548301896073,0.49064489301064085,0.4477190229967278,0.9814402267329504,0.24846732089711843,9.855676255777743,14.462904269348646
Pearse street dublin,unknown,xgboost_direct,lag_plus_met,12,212,0.3045568325005821,0.49287049500735713,0.4102254067867484,0.9287008924863692,0.2189123171076247,10.116458218988424,14.54677922189363
Pearse street dublin,unknown,xgboost_direct,lag_plus_met,13,212,0.3168323116056635,0.5237030469231206,0.4204705160115119,0.9557581892244678,0.24855436115246488,9.410465525115386,13.77475206304473
Pearse street dublin,unknown,xgboost_direct,lag_plus_met,14,212,0.29529673903409714,0.4932263293885885,0.42843853923320185,0.9202322910950085,0.2319733441847277,9.58374362536286,13.599686784799156
Pearse street dublin,unknown,xgboost_direct,lag_plus_met,15,212,0.311868601452884,0.5011108738430202,0.45366889952002665,0.9267516336897902,0.2565396078361347,8.963536928397703,13.02590892861863
Pearse street dublin,unknown,xgboost_direct,lag_plus_met,16,212,0.30106235422598193,0.4544578531890337,0.45443676783231746,0.9120396458733244,0.22347408405227276,9.129950256675718,13.06261053740355
Pearse street dublin,unknown,xgboost_direct,lag_plus_met,17,212,0.3135713961953902,0.5052582203286432,0.4236239164819609,0.9308292001532336,0.2372658275942946,8.660411600799298,12.616624005465342
Pearse street dublin,unknown,xgboost_direct,lag_plus_met,18,212,0.27027180839965315,0.47465706224467535,0.35383587964382757,0.9180603753113207,0.16320410207794245,9.28240677575478,12.720362023286764
Pearse street dublin,unknown,xgboost_direct,lag_plus_met,19,212,0.2580380502950619,0.45659616704281863,0.34008835980519503,0.9125426755124496,0.14068638894541263,9.623507778150953,12.970352161560319
Pearse street dublin,unknown,xgboost_direct,lag_plus_met,20,212,0.2642884620286807,0.4915709643446483,0.3294788490334282,0.9304449425358198,0.15564426678691134,9.121231748192137,12.397837029093482
Pearse street dublin,unknown,xgboost_direct,lag_plus_met,21,212,0.2463252992710434,0.5125108061613021,0.2639425466347374,0.948985975593995,0.11567612298991048,9.486454867555898,12.586935528525196
Pearse street dublin,unknown,xgboost_direct,lag_plus_met,22,212,0.24594652853835275,0.4452435807628021,0.25355158447343024,0.9441206007818872,0.06830132071362172,9.937549087901113,13.17883872166028
Pearse street dublin,unknown,xgboost_direct,lag_plus_met,23,212,0.2232930837999204,0.4474443296840055,0.24335216280371275,0.9656955142115661,0.0624443930745302,10.657834967030977,13.721823180322396
Pearse street dublin,unknown,xgboost_direct,lag_plus_met,24,212,0.1865808589826311,0.44417989270469455,0.2090408972086555,0.9152700695322631,0.029571509548837915,11.573742023643947,14.228509559251709
Ringsend dublin,unknown,xgboost_direct,lag_only,1,212,0.2432381490420754,0.8718243876827626,0.7793548926264705,1.0206465395729556,0.743993104395384,5.0384678632846,6.657930572090552
Ringsend dublin,unknown,xgboost_direct,lag_only,2,212,0.07214333460416722,0.34755767186851394,0.31566076692766537,0.9248858230860946,0.051504709008464156,15.746901863811594,16.9712655532779
Ringsend dublin,unknown,xgboost_direct,lag_only,3,212,0.3664469512246097,0.7626587875322142,0.5970720543576148,1.0253459845816888,0.5316793839155842,5.817648717853347,9.182575522441914
Ringsend dublin,unknown,xgboost_direct,lag_only,4,212,0.3922902876680078,0.7869335638309483,0.5824815035473502,1.0378976086450695,0.529728557274762,5.591582032322106,9.201073997756714
Ringsend dublin,unknown,xgboost_direct,lag_only,5,212,0.3838633911336381,0.7624887824398354,0.531291973743763,1.045182465413035,0.47260996641505504,6.076358595636607,9.86203141997451
Ringsend dublin,unknown,xgboost_direct,lag_only,6,212,0.3279010286917282,0.7807746000438889,0.5012337883724373,1.0574451021432059,0.45216110980738966,7.195487772961214,10.705994325441182
Ringsend dublin,unknown,xgboost_direct,lag_only,7,212,0.226342727698307,0.6926714639234051,0.4297805002130232,1.1169421178120114,0.3417625307363221,10.187575043940436,13.168072489813966
Ringsend dublin,unknown,xgboost_direct,lag_only,8,212,0.22581428351494803,0.7108699717828411,0.45317045910364634,1.1237986738595096,0.3691713135381799,10.564032006682067,13.645346047773588
Ringsend dublin,unknown,xgboost_direct,lag_only,9,212,0.22006029920056036,0.7017373202927769,0.4397247552307856,1.1117131144579249,0.35552440236326555,11.251446001691193,14.426046000938841
Ringsend dublin,unknown,xgboost_direct,lag_only,10,212,0.22749821348349286,0.6950066846382509,0.4850927881682381,1.1520671695045293,0.3825254796731856,11.117277513711677,14.391264470524456
Ringsend dublin,unknown,xgboost_direct,lag_only,11,212,0.18834125133857904,0.5805600765536983,0.4073474284323934,1.1019874003671737,0.26680947237434216,13.61000801895905,16.768140602691133
Ringsend dublin,unknown,xgboost_direct,lag_only,12,212,0.23072617430225728,0.5617891162084855,0.41320796106404406,1.0697056511502951,0.2643285016841801,12.955620211961795,16.84136360704962
Ringsend dublin,unknown,xgboost_direct,lag_only,13,212,0.0669828237749277,0.2358387692265892,0.18019494488857107,0.9724357049132181,-0.12106311390885494,31.825486735960588,34.11029030003978
Ringsend dublin,unknown,xgboost_direct,lag_only,14,212,0.20334771292117548,0.4786893241054406,0.34849241150797905,1.0297015858524738,0.1650693784113061,14.281775401546817,17.927238311102357
Ringsend dublin,unknown,xgboost_direct,lag_only,15,212,0.19717527339566854,0.44417805338466904,0.330002760225192,1.0136987771482813,0.12935541456890942,14.917008355907228,18.580653860776025
Ringsend dublin,unknown,xgboost_direct,lag_only,16,211,0.20670480606541575,0.4300032610070092,0.3200344980508683,1.0123605100527122,0.11264316731523305,14.01158283484926,17.662508158349773
Ringsend dublin,unknown,xgboost_direct,lag_only,17,212,0.2529408397938978,0.464822999633578,0.34152576350602754,1.0517359768206564,0.14989450469655907,11.392451525937467,15.249731390475775
Ringsend dublin,unknown,xgboost_direct,lag_only,18,212,0.2833850500878866,0.5050455429093335,0.29090409514583854,1.0595047069655128,0.13320260324230904,8.896534035681416,12.414664300224965
Ringsend dublin,unknown,xgboost_direct,lag_only,19,212,0.3023994518882406,0.6307363367204989,0.30555828900557,1.1700456083468218,0.19531344493305414,7.347912141418051,10.53312266067898
Ringsend dublin,unknown,xgboost_direct,lag_only,20,212,0.3079637014506934,0.6469898601993808,0.3167983262912495,1.2340557165704948,0.19615750036476765,7.551522726465304,10.912032710271582
Ringsend dublin,unknown,xgboost_direct,lag_only,21,212,0.23448611926795493,0.4764228392161202,0.234948926439094,1.1543025258409976,0.06018860512754198,9.372069947346615,12.242847821889654
Ringsend dublin,unknown,xgboost_direct,lag_only,22,212,0.2582593564640502,0.4853515139013122,0.2936663821053754,1.105390297660493,0.11972881516390188,8.827876525021697,11.901567754111937
Ringsend dublin,unknown,xgboost_direct,lag_only,23,212,0.25609081025096725,0.42317170164524803,0.23193811291974595,1.056946145153751,0.037766758204648365,9.774875149418431,13.139876861470295
Ringsend dublin,unknown,xgboost_direct,lag_only,24,212,0.19336812531281422,0.3627512073435426,0.14558880226962,1.0030565399605522,-0.06588642030270075,11.647646492985663,14.439853988540504
Ringsend dublin,unknown,xgboost_direct,lag_plus_met,1,212,0.2815056258567217,0.8532195679906053,0.8004545814826826,1.0128181523315893,0.7519532820186654,4.7836856594836,6.657930572090552
Ringsend dublin,unknown,xgboost_direct,lag_plus_met,2,212,0.08196804006729252,0.36706170534575927,0.34355308339680474,0.9274622002590807,0.0852349090892709,15.580164178414154,16.9712655532779
Ringsend dublin,unknown,xgboost_direct,lag_plus_met,3,212,0.3975923328070935,0.8452456300423606,0.6560993975323445,1.0340556490629604,0.6213493343044253,5.531653899296918,9.182575522441914
Ringsend dublin,unknown,xgboost_direct,lag_plus_met,4,212,0.3788126718497494,0.9287403031359405,0.6089026528167468,1.0505120989193828,0.5992674813442547,5.715590572779238,9.201073997756714
Ringsend dublin,unknown,xgboost_direct,lag_plus_met,5,212,0.3452204993821756,0.948630184372907,0.5438816119993857,1.0602970875344204,0.5370544518034825,6.4574560082482035,9.86203141997451
Ringsend dublin,unknown,xgboost_direct,lag_plus_met,6,212,0.3043249244637336,0.9449672563608155,0.5327783994892497,1.058998310965621,0.5258634927016488,7.447893411042133,10.705994325441182
Ringsend dublin,unknown,xgboost_direct,lag_plus_met,7,212,0.23624560821649176,0.7946148949590273,0.48206584914682615,1.1039131438747924,0.43322247092652577,10.057173195419013,13.168072489813966
Ringsend dublin,unknown,xgboost_direct,lag_plus_met,8,212,0.22280111517787293,0.806559712162106,0.48613629537815956,1.1281978035613878,0.43616515829149627,10.605147731341651,13.645346047773588
Ringsend dublin,unknown,xgboost_direct,lag_plus_met,9,212,0.26304081406704893,0.7654327798247996,0.5246948393473988,1.1020979274154534,0.46022156091017574,10.631407117083192,14.426046000938841
Ringsend dublin,unknown,xgboost_direct,lag_plus_met,10,212,0.2623888258177547,0.777507817641286,0.5629417561111738,1.1601684268734664,0.48407693913816097,10.615157484070773,14.391264470524456
Ringsend dublin,unknown,xgboost_direct,lag_plus_met,11,212,0.23820137250284756,0.6574067800870562,0.5112470295609746,1.0999949902113122,0.3948152525793054,12.77394649680938,16.768140602691133
Ringsend dublin,unknown,xgboost_direct,lag_plus_met,12,212,0.26718520017643155,0.650897109124812,0.5008118788833382,1.0700947928140727,0.3868320877108423,12.341600500455998,16.84136360704962
Ringsend dublin,unknown,xgboost_direct,lag_plus_met,13,212,0.06755796395637859,0.269414501824093,0.19170949733060422,0.9662267111249808,-0.09005932952840623,31.80586853740808,34.11029030003978
Ringsend dublin,unknown,xgboost_direct,lag_plus_met,14,212,0.22331524666524227,0.5187397865146447,0.4036391354018517,1.0376417283596406,0.2327486893969345,13.923812665631953,17.927238311102357
Ringsend dublin,unknown,xgboost_direct,lag_plus_met,15,212,0.19944446616181377,0.5479991728890031,0.36639761432601453,1.0198884800983385,0.22144217781759268,14.874845270576106,18.580653860776025
Ringsend dublin,unknown,xgboost_direct,lag_plus_met,16,211,0.23453678793103283,0.5123494951206218,0.40584494061565335,1.0189749528936543,0.2311155494234225,13.520000228084754,17.662508158349773
Ringsend dublin,unknown,xgboost_direct,lag_plus_met,17,212,0.2545864831141639,0.5725840221977161,0.38221144670015633,1.0719184250346536,0.24533492559383574,11.36735590733888,15.249731390475775
Ringsend dublin,unknown,xgboost_direct,lag_plus_met,18,212,0.2996264514086434,0.5925474142151289,0.36504856657885226,1.0569331062435232,0.24341404252201182,8.69490249051899,12.414664300224965
Ringsend dublin,unknown,xgboost_direct,lag_plus_met,19,212,0.3545325261922936,0.7219686597203306,0.45429277084300485,1.158779826421446,0.3673003560848648,6.798788075095169,10.53312266067898
Ringsend dublin,unknown,xgboost_direct,lag_plus_met,20,212,0.36368490709793466,0.710744258650568,0.4620785444523149,1.218961586062807,0.3511760235523893,6.943491107786838,10.912032710271582
Ringsend dublin,unknown,xgboost_direct,lag_plus_met,21,212,0.2665129384138063,0.5483859612909453,0.3455490795408794,1.1463352773739441,0.19149813812644623,8.979970474324775,12.242847821889654
Ringsend dublin,unknown,xgboost_direct,lag_plus_met,22,212,0.28556999729701926,0.5758889270138369,0.3932181246419278,1.108838092649734,0.2517352227291694,8.5028370827399,11.901567754111937
Ringsend dublin,unknown,xgboost_direct,lag_plus_met,23,212,0.2764839164809523,0.5012796570195788,0.3254367607278392,1.0773383356456616,0.15754005291628226,9.506912244733545,13.139876861470295
Ringsend dublin,unknown,xgboost_direct,lag_plus_met,24,212,0.20566267319985942,0.4380748221515416,0.22589969829810233,1.0283432919497162,0.04302846186862097,11.470115016641612,14.439853988540504
edenderry co offlay,unknown,xgboost_direct,lag_only,1,208,0.23176135527325215,1.154086761904798,0.7050855103378997,1.1671539327382217,0.6276322736369102,7.708363160009115,10.033813337717312
edenderry co offlay,unknown,xgboost_direct,lag_only,2,208,0.2033985582689214,0.6563298417374464,0.48276123081719285,1.0913199301456789,0.37231819233964925,11.428554482760902,14.346640470453755
edenderry co offlay,unknown,xgboost_direct,lag_only,3,211,0.1858544841766756,0.6779903116097217,0.6609735904365003,1.0912554991300472,0.5236002603693029,9.493047902460301,11.660136570131725
edenderry co offlay,unknown,xgboost_direct,lag_only,4,209,0.13299218843121707,0.7757642308544964,0.6828777092880528,1.10593674524871,0.5974197950413378,12.45547370863517,14.366045544731556
edenderry co offlay,unknown,xgboost_direct,lag_only,5,211,0.18003386861687454,0.5841612925975244,0.7975158451064549,0.9872070446099006,0.5373064477813334,16.833778033266643,20.529845549683
edenderry co offlay,unknown,xgboost_direct,lag_only,6,211,0.19188204129773057,0.6726907241188576,0.7388186781927676,1.008688238210015,0.5811652707546748,15.42284670842924,19.084895394722192
edenderry co offlay,unknown,xgboost_direct,lag_only,7,211,0.19433349758607776,0.5911942159987267,0.7104555405727506,1.0327301993359004,0.4979746729830441,14.160171947755632,17.575723832788384
edenderry co offlay,unknown,xgboost_direct,lag_only,8,211,-0.05769416714468334,0.49735311393709036,0.5587979265719833,1.0575781539184421,0.3287113843698998,19.02103131354008,17.983488899148075
edenderry co offlay,unknown,xgboost_direct,lag_only,9,211,0.0611124319172619,0.4446343115995588,0.38001189119258716,1.0285539894603521,0.16715449618240108,23.178667492854746,24.68737288766844
edenderry co offlay,unknown,xgboost_direct,lag_only,10,211,0.10729097578692848,0.5068417675522762,0.40639361158290416,1.0269838618812057,0.22779425319246982,18.212992437963212,20.401936066478186
edenderry co offlay,unknown,xgboost_direct,lag_only,11,211,0.15119037336135321,0.5078056164530872,0.3477381138254144,0.9897772877688255,0.18280639797137732,18.841077864217745,22.19705959135961
edenderry co offlay,unknown,xgboost_direct,lag_only,12,211,0.19434864439129496,0.647329712007528,0.34446485910633373,1.0437329313086692,0.25433571745723205,14.818483698045634,18.393171680136525
edenderry co offlay,unknown,xgboost_direct,lag_only,13,211,0.24780716568285976,0.6509990498005067,0.2707625573818491,1.070710439963059,0.1884651102533056,13.222181446431826,17.578180545199235
edenderry co offlay,unknown,xgboost_direct,lag_only,14,211,0.3412322418145235,0.626821582595822,0.28289134382320996,1.0487210800715463,0.19013538191663992,11.27131347578231,17.10969205115358
edenderry co offlay,unknown,xgboost_direct,lag_only,15,210,0.3428731185369498,0.888418085961394,0.1905822321424275,1.116967711831379,0.17459761808247576,10.195967295560179,15.515979612429675
edenderry co offlay,unknown,xgboost_direct,lag_only,16,209,0.38706078805091315,0.9486463159793251,0.1717621746482678,1.1445228628679516,0.15768061039923198,9.538070202390523,15.561200876772741
edenderry co offlay,unknown,xgboost_direct,lag_only,17,210,0.40121657840940417,0.8180112801786354,0.25052360421899417,1.1539878551640084,0.2135223960511542,9.534943704046327,15.923860548306266
edenderry co offlay,unknown,xgboost_direct,lag_only,18,210,0.3175109953434897,0.7943157175743951,0.30991942711498843,1.1300633710230155,0.2682666458387233,11.51598370237673,16.873508032810882
edenderry co offlay,unknown,xgboost_direct,lag_only,19,211,0.30526067385336364,0.7076737605719128,0.31983284846339965,1.1435750535461175,0.24588079172563804,12.187562292798996,17.542640576282285
edenderry co offlay,unknown,xgboost_direct,lag_only,20,208,0.40089264510521694,0.8831275731058625,0.4612385126074401,1.1869399292573306,0.41787489178329995,9.212952948111187,15.37779977635092
edenderry co offlay,unknown,xgboost_direct,lag_only,21,210,0.17347914339357662,0.4415488464471844,0.1734352878121175,1.0373944270072288,0.0017639269642143462,16.56642921015567,20.04357068274727
edenderry co offlay,unknown,xgboost_direct,lag_only,22,210,0.23656301203026375,0.613647438820459,0.2982505216477329,1.031518953841798,0.1983054968699416,11.583012714990153,15.172192201210613
edenderry co offlay,unknown,xgboost_direct,lag_only,23,210,0.20988427583999403,0.484054547414305,0.18985882224179912,1.0044003378659527,0.03950648054417516,13.661525647344137,17.2905376131681
edenderry co offlay,unknown,xgboost_direct,lag_only,24,210,0.30417140751656324,0.6007276570197359,0.2091508385243038,1.0723269298771425,0.1111288142474105,10.563126859780196,15.180645023625752
edenderry co offlay,unknown,xgboost_direct,lag_plus_met,1,208,0.18473787222556493,1.2018974664375552,0.686849955998965,1.1771941148017058,0.5874187457819806,8.180188011398922,10.033813337717312
edenderry co offlay,unknown,xgboost_direct,lag_plus_met,2,208,0.1847132101311998,0.7011683397651874,0.4725586337721929,1.113239580793433,0.38330075512838313,11.696626454558055,14.346640470453755
edenderry co offlay,unknown,xgboost_direct,lag_plus_met,3,211,0.12034349939564104,0.7475633175068487,0.6086880718671316,1.124355815137577,0.5180107132666303,10.256914931850986,11.660136570131725
edenderry co offlay,unknown,xgboost_direct,lag_plus_met,4,209,0.10724264342216938,0.6912608804009419,0.6554295777874201,1.1233423852377311,0.521186921825761,12.825392844991264,14.366045544731556
edenderry co offlay,unknown,xgboost_direct,lag_plus_met,5,211,0.15794733417955942,0.5692983622799488,0.7836146915896098,1.0106729572684952,0.5178792532493037,17.28721117399248,20.529845549683
edenderry co offlay,unknown,xgboost_direct,lag_plus_met,6,211,0.15507612024580153,0.6046752329147648,0.7154436892054581,1.033920711001927,0.5117330851687044,16.12528386161171,19.084895394722192
edenderry co offlay,unknown,xgboost_direct,lag_plus_met,7,211,0.12965959811943162,0.6524801932410792,0.6384138084231338,1.0565762359991597,0.49530656779718996,15.296862543970926,17.575723832788384
edenderry co offlay,unknown,xgboost_direct,lag_plus_met,8,211,-0.10500292464156114,0.555173374601571,0.5040180444950915,1.108987445740231,0.3249095688881325,19.87180782881767,17.983488899148075
edenderry co offlay,unknown,xgboost_direct,lag_plus_met,9,211,0.04639469034763177,0.4900117911379617,0.3622872765653704,1.0601871022151819,0.18122776177878197,23.542009867048545,24.68737288766844
edenderry co offlay,unknown,xgboost_direct,lag_plus_met,10,211,0.08583455469807577,0.530099134942908,0.37426844605395787,1.0517690453643724,0.21576353397519787,18.65074496923342,20.401936066478186
edenderry co offlay,unknown,xgboost_direct,lag_plus_met,11,211,0.15661137690613236,0.49359148034934025,0.35500153844986165,0.9898568231926047,0.17989300197317915,18.720747525489312,22.19705959135961
edenderry co offlay,unknown,xgboost_direct,lag_plus_met,12,211,0.20849234985410892,0.6278652019001237,0.3617576377886976,1.0359541590490269,0.2603174177859655,14.558336095274813,18.393171680136525
edenderry co offlay,unknown,xgboost_direct,lag_plus_met,13,211,0.28119697971803514,0.6119761260786805,0.32280842309113045,1.0614070587550006,0.21710678542078965,12.635249266950886,17.578180545199235
edenderry co offlay,unknown,xgboost_direct,lag_plus_met,14,211,0.3521274989254922,0.5802793790487127,0.2860798831543351,1.0446439107902363,0.17063855186094612,11.084898981795495,17.10969205115358
edenderry co offlay,unknown,xgboost_direct,lag_plus_met,15,210,0.42553750123627476,0.6449582339743172,0.22570904318968776,1.0615316114980746,0.14596997673710876,8.913348418923368,15.515979612429675
edenderry co offlay,unknown,xgboost_direct,lag_plus_met,16,209,0.521466163930568,0.6401730250738472,0.33984717791583924,1.0827020365554616,0.24361595254751123,7.446561149409069,15.561200876772741
edenderry co offlay,unknown,xgboost_direct,lag_plus_met,17,210,0.4955918811892276,0.5971117429298182,0.3714771063469871,1.0854601107560276,0.2485591133951799,8.032124543376238,15.923860548306266
edenderry co offlay,unknown,xgboost_direct,lag_plus_met,18,210,0.46066404049364384,0.5425968892814614,0.5301651084433125,1.0678850383876413,0.3407801508935191,9.100489645114266,16.873508032810882
edenderry co offlay,unknown,xgboost_direct,lag_plus_met,19,211,0.3685383345848112,0.6365822551096405,0.41289067791415013,1.0719539725747547,0.30577583767878747,11.077505034079278,17.542640576282285
edenderry co offlay,unknown,xgboost_direct,lag_plus_met,20,208,0.49514104600285624,0.8948603837884264,0.6150811071057877,1.131218874058393,0.5799579950609992,7.763619909866038,15.37779977635092
edenderry co offlay,unknown,xgboost_direct,lag_plus_met,21,210,0.2466946309298239,0.4301018479015927,0.3704920805156674,1.004236361164912,0.15083448538309574,15.098929410651094,20.04357068274727
edenderry co offlay,unknown,xgboost_direct,lag_plus_met,22,210,0.29684687545047406,0.5490744702408623,0.40367782770619626,0.9841936058359104,0.2522140622783613,10.668374352547193,15.172192201210613
edenderry co offlay,unknown,xgboost_direct,lag_plus_met,23,210,0.2493896206781142,0.4342004182433332,0.27907356447602977,0.961984942071356,0.0827708918799871,12.978456996499443,17.2905376131681
edenderry co offlay,unknown,xgboost_direct,lag_plus_met,24,210,0.33456785847235737,0.5797403975930926,0.27051955720095916,1.0354122552383496,0.1573767878449095,10.101689127842235,15.180645023625752
henry street Limerick,unknown,xgboost_direct,lag_only,1,211,-0.006086747804072035,0.7609800330000615,0.7726781573192517,1.0412817647610357,0.6675696330263914,4.899159233873413,4.86951969555958
henry street Limerick,unknown,xgboost_direct,lag_only,2,211,0.004610863414282518,0.6979777778723897,0.7506775430324747,1.0362337985644412,0.606690963279978,5.167783383706952,5.191721703366139
henry street Limerick,unknown,xgboost_direct,lag_only,3,211,0.07208558220961747,0.6917275568554175,0.6661838315273362,1.0343020453990233,0.544322741565199,6.070371796654148,6.541952232092006
henry street Limerick,unknown,xgboost_direct,lag_only,4,211,0.17795416917289286,0.6578005476375299,0.6934830687517866,1.0262395371097608,0.539846104388183,6.280201874904877,7.6397223115723465
henry street Limerick,unknown,xgboost_direct,lag_only,5,211,0.20107421009801607,0.6234726207810929,0.6554496617853821,1.0640226854137247,0.48562007512651606,7.680621990118175,9.613686386391997
henry street Limerick,unknown,xgboost_direct,lag_only,6,211,0.1648571728167787,0.39946969899231605,0.5785609165299257,1.0251948530497799,0.26591395318758737,13.600253827828022,16.284943587073727
henry street Limerick,unknown,xgboost_direct,lag_only,7,211,0.18974886905960042,0.5702857421586142,0.5676392235141569,1.1137121334162217,0.3799027223719791,9.992792846847703,12.332957604452579
henry street Limerick,unknown,xgboost_direct,lag_only,8,211,0.13435201810469466,0.6490081186525593,0.5230330235869585,1.1656678308462927,0.3850702255234907,8.890835237621605,10.270728314014478
henry street Limerick,unknown,xgboost_direct,lag_only,9,211,0.10580748382778593,0.6843434603344435,0.45319490117254746,1.2049663169350384,0.33618823585654356,8.592650492600583,9.609396564157455
henry street Limerick,unknown,xgboost_direct,lag_only,10,211,0.03788503417403244,0.5552530163353445,0.3229311354109096,1.2067945424473754,0.16394610839923207,10.140579801293752,10.53988365370468
henry street Limerick,unknown,xgboost_direct,lag_only,11,211,0.045795702847334474,0.7374345378817946,0.3585430358687258,1.2321531255581177,0.269039855781274,8.119850900127698,8.509551805999237
henry street Limerick,unknown,xgboost_direct,lag_only,12,210,0.04710933524948269,0.7654100774663142,0.32234661202144255,1.235374272065295,0.24524997916962898,7.688897142942022,8.06902347495985
henry street Limerick,unknown,xgboost_direct,lag_only,13,210,0.08829024080381986,0.7589088565613604,0.25931143878694324,1.175823356869933,0.2014648805610172,7.219047275827169,7.918141933889058
henry street Limerick,unknown,xgboost_direct,lag_only,14,211,0.1612060199573574,0.7712310237896554,0.24970345675318137,1.194826376612811,0.19176892888943498,6.9580354867728715,8.295285436382292
henry street Limerick,unknown,xgboost_direct,lag_only,15,210,0.17433698261908748,0.7935833836006282,0.2695367744202898,1.1898553489717991,0.21754910889993628,6.782706257913722,8.214860197358917
henry street Limerick,unknown,xgboost_direct,lag_only,16,210,0.1587646122439449,0.8453563944150904,0.23336143882619542,1.228378836862472,0.1852569599231927,6.9178187645512175,8.223404370807657
henry street Limerick,unknown,xgboost_direct,lag_only,17,211,0.08788282837496464,0.9431984833855458,0.2166434125840908,1.2430510337627627,0.17783957748457102,7.37648130318459,8.087208017411394
henry street Limerick,unknown,xgboost_direct,lag_only,18,211,0.07006206404714854,0.839218420557991,0.26126149290236045,1.1922084929742043,0.2199170538153452,7.671035714599781,8.248975999392618
henry street Limerick,unknown,xgboost_direct,lag_only,19,211,0.015680989694085046,0.7169024736935345,0.24038055258257132,1.1064410330300032,0.18238419302945608,8.790509850448407,8.930549708388156
henry street Limerick,unknown,xgboost_direct,lag_only,20,211,-0.025081641602453297,0.7336286690096456,0.18950976415477222,1.1275619671366823,0.13737600089389712,9.209387754423702,8.984052957993839
henry street Limerick,unknown,xgboost_direct,lag_only,21,211,-0.01379373140418294,0.7879829845232655,0.21123357298403259,1.1333509573075164,0.1724215027841598,8.749709802773323,8.630660786049935
henry street Limerick,unknown,xgboost_direct,lag_only,22,211,0.025326563545711944,0.6677853397924096,0.25879405700242347,1.148430286222401,0.1742976442689318,8.167138681726144,8.379359051208922
henry street Limerick,unknown,xgboost_direct,lag_only,23,211,0.08669052386784581,0.6123416843111579,0.24105601432929025,1.0847133791530537,0.143582286663814,7.646227725478872,8.372000866410016
henry street Limerick,unknown,xgboost_direct,lag_only,24,211,0.08825365041185895,0.5746734464614954,0.21471210278409458,1.0754459929197833,0.10374565188983731,7.828836524044701,8.586638737386977
henry street Limerick,unknown,xgboost_direct,lag_plus_met,1,211,0.02753050742420049,0.775827044102868,0.7900330536323688,1.0426999648293453,0.6898985331878732,4.735459347428686,4.86951969555958
henry street Limerick,unknown,xgboost_direct,lag_plus_met,2,211,0.07316837285834499,0.689666969330822,0.7929392542241996,1.02653310335335,0.6259883050770911,4.811851873997483,5.191721703366139
henry street Limerick,unknown,xgboost_direct,lag_plus_met,3,211,0.1466048249138816,0.655252104115111,0.7298725372812147,1.0150069860223103,0.5617704169485807,5.582870470511181,6.541952232092006
henry street Limerick,unknown,xgboost_direct,lag_plus_met,4,211,0.19365816897518406,0.6261825258137508,0.7108314396666506,1.011097047612994,0.5272621183383184,6.160227677234385,7.6397223115723465
henry street Limerick,unknown,xgboost_direct,lag_plus_met,5,211,0.1679635512391381,0.5656654335007515,0.6144451091846519,1.040057122096014,0.4178456712191001,7.998937480434241,9.613686386391997
henry street Limerick,unknown,xgboost_direct,lag_plus_met,6,211,0.10898948389045104,0.36013572521705006,0.4656307608371187,0.9932006351670764,0.16631960244398314,14.51005599033345,16.284943587073727
henry street Limerick,unknown,xgboost_direct,lag_plus_met,7,211,0.1519705613036072,0.4937737720358134,0.493588405029101,1.0630327221625122,0.28118790949022365,10.45871111477033,12.332957604452579
henry street Limerick,unknown,xgboost_direct,lag_plus_met,8,211,0.14067059154465078,0.5494813503440795,0.4919490040963175,1.10375507967366,0.3130880808396136,8.825938886487668,10.270728314014478
henry street Limerick,unknown,xgboost_direct,lag_plus_met,9,211,0.12025268771201092,0.6153980067039662,0.4233830256671861,1.153349027576793,0.290125537440063,8.453840800026958,9.609396564157455
henry street Limerick,unknown,xgboost_direct,lag_plus_met,10,211,0.05210869073352731,0.471277236265664,0.28876498754751395,1.1529278987808933,0.10067250344788103,9.990664116026423,10.53988365370468
henry street Limerick,unknown,xgboost_direct,lag_plus_met,11,211,0.08325210471995337,0.5968715004857806,0.31207910244144244,1.1727875372998566,0.18415486673970616,7.80111370792632,8.509551805999237
henry street Limerick,unknown,xgboost_direct,lag_plus_met,12,210,0.07082432116740067,0.700263563386379,0.3085249328209436,1.211373219791991,0.21727505596835284,7.497540364861999,8.06902347495985
henry street Limerick,unknown,xgboost_direct,lag_plus_met,13,210,0.16882528117778006,0.6475940877931338,0.33135616310574245,1.1516390611064642,0.22911160831915622,6.581359395494666,7.918141933889058
henry street Limerick,unknown,xgboost_direct,lag_plus_met,14,211,0.18806046603358428,0.7022625229728869,0.2595676811654794,1.1931500711611367,0.17890647670884163,6.735270191334633,8.295285436382292
henry street Limerick,unknown,xgboost_direct,lag_plus_met,15,210,0.20989168622011845,0.7131817170939406,0.29602470489881355,1.19570801153415,0.2150493204661621,6.4906293384727185,8.214860197358917
henry street Limerick,unknown,xgboost_direct,lag_plus_met,16,210,0.2052055197200192,0.7806331198918048,0.3044009746181532,1.2511028894353657,0.22861650699320257,6.535916403028194,8.223404370807657
henry street Limerick,unknown,xgboost_direct,lag_plus_met,17,211,0.1440805809310608,0.865662501984553,0.29296903811605796,1.2739493794037198,0.22994311449655502,6.921998388152428,8.087208017411394
henry street Limerick,unknown,xgboost_direct,lag_plus_met,18,211,0.11387381402780916,0.8007704314137187,0.33628743423345725,1.231728514047654,0.2693120398020664,7.309633640517922,8.248975999392618
henry street Limerick,unknown,xgboost_direct,lag_plus_met,19,211,0.05106720461412695,0.6791588015310752,0.2857489164761345,1.1322107972900564,0.2059134934592678,8.474491499113267,8.930549708388156
henry street Limerick,unknown,xgboost_direct,lag_plus_met,20,211,0.03613597252654155,0.6698557458183211,0.26116575766062283,1.1459150489348402,0.17770901274060202,8.65940546712678,8.984052957993839
henry street Limerick,unknown,xgboost_direct,lag_plus_met,21,211,0.02702351099685485,0.7252570971882604,0.25112758798429596,1.1618450494032522,0.18606672746472608,8.39743002938799,8.630660786049935
henry street Limerick,unknown,xgboost_direct,lag_plus_met,22,211,0.034596745651805816,0.6697480414639161,0.29276147778784917,1.1772160378677263,0.19958872603187194,8.08946049738909,8.379359051208922
henry street Limerick,unknown,xgboost_direct,lag_plus_met,23,211,0.09216487677193042,0.6083928127451949,0.2594815375373935,1.1073602350959277,0.15545870294138042,7.600396438222842,8.372000866410016
henry street Limerick,unknown,xgboost_direct,lag_plus_met,24,211,0.10915669486020163,0.5642946262520304,0.2610076868896446,1.0964940362342173,0.13671562589270625,7.64934963285524,8.586638737386977
porrlaoise co laois,unknown,xgboost_direct,lag_only,1,212,0.34244232421567244,0.8578648179556657,0.8372518808898158,1.020324782195357,0.7829689952565131,4.094355392625865,6.226610293526211
porrlaoise co laois,unknown,xgboost_direct,lag_only,2,212,0.36914113530906256,0.7867550992762038,0.7520107976871178,1.0238787753509817,0.672063682918857,4.503133527697153,7.138099787031243
porrlaoise co laois,unknown,xgboost_direct,lag_only,3,212,0.4127636973655898,0.758543929801692,0.7122967134342372,1.0294611740629307,0.6232478590458735,4.56020435531988,7.765535500551097
porrlaoise co laois,unknown,xgboost_direct,lag_only,4,212,0.4494643255536298,0.7213308175593436,0.6681367930538269,1.0221442107745353,0.5660874887289266,4.546111796654392,8.257615278475921
porrlaoise co laois,unknown,xgboost_direct,lag_only,5,212,0.46320591496470165,0.6854517116918909,0.6275071531661552,1.0164136494467966,0.5121875826630632,4.602935056352518,8.574861729428035
porrlaoise co laois,unknown,xgboost_direct,lag_only,6,212,0.4901765869950775,0.6461575889303028,0.5824531933455783,1.0243500417838831,0.45214718020822564,4.643541540687048,9.108137096564086
porrlaoise co laois,unknown,xgboost_direct,lag_only,7,212,0.5047938905576912,0.6312471625586664,0.5701661315799775,1.0429800391539126,0.432036010536207,4.592380386970332,9.273674737458668
porrlaoise co laois,unknown,xgboost_direct,lag_only,8,212,0.42311451669080413,0.5798452928560103,0.5588156060705085,1.0211217435475752,0.390393753778167,5.243395709422489,9.089144832254625
porrlaoise co laois,unknown,xgboost_direct,lag_only,9,212,0.3736812822879677,0.5584266858819334,0.5041972025552057,1.0031275912545963,0.3360593493975894,5.846963827633693,9.335444817924154
porrlaoise co laois,unknown,xgboost_direct,lag_only,10,212,0.3196801060585648,0.5388208276943842,0.4522287169209556,1.0223247158827748,0.2835936903727033,6.643848656732378,9.765771537623605
porrlaoise co laois,unknown,xgboost_direct,lag_only,11,212,0.33585580809373794,0.5605775402134555,0.40714523704463756,1.0640394368820956,0.2592774354727053,6.715900340071921,10.11211183040777
porrlaoise co laois,unknown,xgboost_direct,lag_only,12,212,0.3546035513790945,0.581276755520454,0.35086542630200346,1.0808930948169662,0.2233092359074791,6.5358291135978535,10.126843938425333
porrlaoise co laois,unknown,xgboost_direct,lag_only,13,212,0.3764837786182804,0.5937120268920505,0.33174217250698185,1.0639553978087273,0.2153161566549704,6.444697373515023,10.336054063250343
porrlaoise co laois,unknown,xgboost_direct,lag_only,14,212,0.4058597416289784,0.6062050793125848,0.37616105642886916,1.051580771171034,0.26046633407954256,6.263371884903547,10.541907902480952
porrlaoise co laois,unknown,xgboost_direct,lag_only,15,212,0.38506578399216884,0.6489896553189973,0.33419067765740085,1.070464094136571,0.244040011406771,6.4947193755289,10.561649045474793
porrlaoise co laois,unknown,xgboost_direct,lag_only,16,212,0.32412855864198775,0.6730860448652876,0.3252701301450644,1.0782156947903618,0.24617586517290513,6.882482903709064,10.183124308197216
porrlaoise co laois,unknown,xgboost_direct,lag_only,17,212,0.25921320769630374,0.7738998279674366,0.42384931879480986,1.1130692250134728,0.3708294786852242,7.00293614663507,9.453376085253037
porrlaoise co laois,unknown,xgboost_direct,lag_only,18,212,0.14673674686435756,0.6031371458920317,0.43246115289688514,1.1009149789684407,0.3001540877292659,9.631978764476933,11.288402177265388
porrlaoise co laois,unknown,xgboost_direct,lag_only,19,212,0.12202895723984053,0.654628791039175,0.45563543454111266,1.1379769200886132,0.34071881371948387,9.884782139864186,11.258665329995935
porrlaoise co laois,unknown,xgboost_direct,lag_only,20,212,0.14396905072605382,0.5925742991071907,0.45982847524758536,1.126079620532468,0.311758001415958,9.978297010695881,11.656467583513312
porrlaoise co laois,unknown,xgboost_direct,lag_only,21,212,0.19563577796086284,0.6056991765664684,0.37656280506727074,1.1022693501338687,0.25528119712017827,9.408939118848567,11.69736154474405
porrlaoise co laois,unknown,xgboost_direct,lag_only,22,212,0.1548897732933121,0.49590013909026304,0.2984730943987848,1.0681013077463173,0.13345833500725945,10.422982879613675,12.333282156850737
porrlaoise co laois,unknown,xgboost_direct,lag_only,23,212,0.17987132913403925,0.527977448339215,0.32234622106486455,1.0454107793003675,0.17290745846786004,9.181646802546513,11.195373517245482
porrlaoise co laois,unknown,xgboost_direct,lag_only,24,212,0.2553949856123241,0.5614092147933356,0.34661113634188995,1.0157775855976152,0.21289910670364198,7.503921860834779,10.077721363460881
porrlaoise co laois,unknown,xgboost_direct,lag_plus_met,1,212,0.3587594182566154,0.8501475400527135,0.8452375484308692,1.005025777740286,0.7845181339188019,3.9927552069100947,6.226610293526211
porrlaoise co laois,unknown,xgboost_direct,lag_plus_met,2,212,0.3721561296046223,0.8207593896423743,0.7560876008110019,1.0126767980824256,0.6970459505318836,4.481612197558117,7.138099787031243
porrlaoise co laois,unknown,xgboost_direct,lag_plus_met,3,212,0.41174774859806906,0.7947639498258318,0.7140023781396697,1.0278215706731997,0.6468845574099286,4.568093741540804,7.765535500551097
porrlaoise co laois,unknown,xgboost_direct,lag_plus_met,4,212,0.4432244083316328,0.7564846170186766,0.6623046821999815,1.008879052110957,0.5835666836347202,4.5976386324431795,8.257615278475921
porrlaoise co laois,unknown,xgboost_direct,lag_plus_met,5,212,0.4578364175679228,0.7416534871505668,0.625836159132666,1.0177246134360303,0.5449663062634651,4.64897775408642,8.574861729428035
porrlaoise co laois,unknown,xgboost_direct,lag_plus_met,6,212,0.47532650408836963,0.7129865671307127,0.5649042353872066,1.0332997301104445,0.4777032385158485,4.778798131696686,9.108137096564086
porrlaoise co laois,unknown,xgboost_direct,lag_plus_met,7,212,0.4908344039303675,0.6907698126498116,0.5503431740083159,1.0466204912735129,0.4522883604156911,4.721836125454035,9.273674737458668
porrlaoise co laois,unknown,xgboost_direct,lag_plus_met,8,212,0.4304018387078218,0.6394953226594037,0.577636614399281,1.027087606520601,0.4440429959901899,5.177160184170538,9.089144832254625
porrlaoise co laois,unknown,xgboost_direct,lag_plus_met,9,212,0.38326793507845036,0.6121607335332742,0.5302285235549544,1.0135366544438422,0.3906661196779404,5.757468159519544,9.335444817924154
porrlaoise co laois,unknown,xgboost_direct,lag_plus_met,10,212,0.3481068860640554,0.56638216977303,0.5155915030637945,1.0270576949606525,0.3493018107822008,6.36623921764847,9.765771537623605
porrlaoise co laois,unknown,xgboost_direct,lag_plus_met,11,212,0.3665144698460565,0.5931500249597574,0.4835944593599268,1.0701989656668356,0.3388423188265103,6.40587652386183,10.11211183040777
porrlaoise co laois,unknown,xgboost_direct,lag_plus_met,12,212,0.4082854858391908,0.5992876649393868,0.485977104917085,1.089367329460621,0.342142544532576,5.992200541007682,10.126843938425333
porrlaoise co laois,unknown,xgboost_direct,lag_plus_met,13,212,0.41768850056226514,0.6343892995782455,0.4479095853758173,1.0667945961282768,0.3344652313704959,6.0188031398407995,10.336054063250343
porrlaoise co laois,unknown,xgboost_direct,lag_plus_met,14,212,0.4451527680523948,0.6270193603819889,0.4792322232460042,1.0599475271868186,0.3566436905951923,5.8491484191381415,10.541907902480952
porrlaoise co laois,unknown,xgboost_direct,lag_plus_met,15,212,0.41389216352682456,0.6953836131284469,0.42586118531835804,1.0840247748025957,0.3446476638819791,6.190265271632209,10.561649045474793
porrlaoise co laois,unknown,xgboost_direct,lag_plus_met,16,212,0.34899556901942996,0.7336143725575754,0.41441870427884964,1.104412720251206,0.3482571269613973,6.62925904586234,10.183124308197216
porrlaoise co laois,unknown,xgboost_direct,lag_plus_met,17,212,0.28352380194129634,0.8100603452368443,0.4833103323532999,1.1253027568765015,0.4354239945009566,6.773118956381167,9.453376085253037
porrlaoise co laois,unknown,xgboost_direct,lag_plus_met,18,212,0.1840389583930495,0.6337712779161951,0.5002622066710555,1.1054643143090566,0.37152242637219024,9.210896398639633,11.288402177265388
porrlaoise co laois,unknown,xgboost_direct,lag_plus_met,19,212,0.14495876861647172,0.6775247046894565,0.49539077642454643,1.1375703178224834,0.3855519737611459,9.626623067494762,11.258665329995935
porrlaoise co laois,unknown,xgboost_direct,lag_plus_met,20,212,0.14327916902102333,0.6261290781823341,0.463351444038935,1.1148013725856012,0.33595896667191893,9.986338594427028,11.656467583513312
porrlaoise co laois,unknown,xgboost_direct,lag_plus_met,21,212,0.22318887331169823,0.673168799026008,0.45395267628239716,1.1159803075382249,0.3531323586652987,9.08664060085304,11.69736154474405
porrlaoise co laois,unknown,xgboost_direct,lag_plus_met,22,212,0.18983137317771193,0.5522086990956794,0.39426268656872515,1.0796333149802688,0.2425198306864601,9.992038269227589,12.333282156850737
porrlaoise co laois,unknown,xgboost_direct,lag_plus_met,23,212,0.1964786562189781,0.586719777540412,0.37994315257631495,1.0566700435675636,0.25268311262812004,8.995721572707556,11.195373517245482
porrlaoise co laois,unknown,xgboost_direct,lag_plus_met,24,212,0.2629620841044238,0.6724578680225665,0.4078726264919943,1.0417502205323064,0.32203115440876784,7.427662750701533,10.077721363460881
