station_id,horizon,conv_before,conv_after,conv_changed,fid_before,fid_after,fid_changed,rule_change_bef,rule_change_aft,skill_conv_aft,alpha_conv_aft,skill_fid_aft,alpha_fid_aft,rmse_cost_fid,alpha_gain_fid
03014002_10_M,1,NO_ELIGIBLE_MODEL,NO_ELIGIBLE_MODEL,False,NO_ELIGIBLE_MODEL,NO_ELIGIBLE_MODEL,False,False,False,0.0,0.0,0.0,0.0,,
03014002_10_M,2,ridge_direct,ridge_direct,False,NO_ELIGIBLE_MODEL,NO_ELIGIBLE_MODEL,False,True,True,0.2264146319696041,0.0798748738835058,0.0,0.0,,
03014002_10_M,3,ridge_direct,ridge_direct,False,NO_ELIGIBLE_MODEL,NO_ELIGIBLE_MODEL,False,True,True,0.2578848238331962,0.0371668686742623,0.0,0.0,,
03014002_10_M,4,ridge_direct,ridge_direct,False,NO_ELIGIBLE_MODEL,NO_ELIGIBLE_MODEL,False,True,True,0.2715063488548955,0.0234841531430121,0.0,0.0,,
03014002_10_M,5,ridge_direct,ridge_direct,False,NO_ELIGIBLE_MODEL,NO_ELIGIBLE_MODEL,False,True,True,0.2781987813347364,0.0290588671451635,0.0,0.0,,
03014002_10_M,6,ridge_direct,ridge_direct,False,NO_ELIGIBLE_MODEL,NO_ELIGIBLE_MODEL,False,True,True,0.2800379270533902,0.0367634559025588,0.0,0.0,,
03014002_10_M,7,ridge_direct,ridge_direct,False,NO_ELIGIBLE_MODEL,NO_ELIGIBLE_MODEL,False,True,True,0.2717268157502217,0.0330594389894317,0.0,0.0,,
08019004_10_M,1,sarima,sarima,False,sarima,sarima,False,False,False,0.1730314846340155,0.6771638168436921,0.1730314846340155,0.6771638168436921,0.0,0.0
08019004_10_M,2,sarima,sarima,False,NO_ELIGIBLE_MODEL,NO_ELIGIBLE_MODEL,False,True,True,0.1717646426509906,0.1772685608132157,0.0,0.0,,
08019004_10_M,3,ridge_direct,ridge_direct,False,NO_ELIGIBLE_MODEL,NO_ELIGIBLE_MODEL,False,True,True,0.1724499766895078,0.1077307067742243,0.0,0.0,,
08019004_10_M,4,ridge_direct,ridge_direct,False,NO_ELIGIBLE_MODEL,NO_ELIGIBLE_MODEL,False,True,True,0.1931347302833304,0.0892195824291956,0.0,0.0,,
08019004_10_M,5,ridge_direct,ridge_direct,False,NO_ELIGIBLE_MODEL,NO_ELIGIBLE_MODEL,False,True,True,0.1962058714941025,0.0820849807316869,0.0,0.0,,
08019004_10_M,6,ridge_direct,ridge_direct,False,NO_ELIGIBLE_MODEL,NO_ELIGIBLE_MODEL,False,True,True,0.1849014807417228,0.0796839983999663,0.0,0.0,,
08019004_10_M,7,ridge_direct,ridge_direct,False,NO_ELIGIBLE_MODEL,NO_ELIGIBLE_MODEL,False,True,True,0.1937724808632817,0.0786673417884791,0.0,0.0,,
08019028_10_M,1,ridge_direct,ridge_direct,False,NO_ELIGIBLE_MODEL,NO_ELIGIBLE_MODEL,False,True,True,0.0957226917093506,0.4782794231677706,0.0,0.0,,
08019028_10_M,2,ridge_direct,ridge_direct,False,NO_ELIGIBLE_MODEL,NO_ELIGIBLE_MODEL,False,True,True,0.173415931794217,0.2050816290799438,0.0,0.0,,
08019028_10_M,3,ridge_direct,ridge_direct,False,NO_ELIGIBLE_MODEL,NO_ELIGIBLE_MODEL,False,True,True,0.2158768626386846,0.1171170561980712,0.0,0.0,,
08019028_10_M,4,ridge_direct,ridge_direct,False,NO_ELIGIBLE_MODEL,NO_ELIGIBLE_MODEL,False,True,True,0.2384420224427619,0.0783212220636009,0.0,0.0,,
08019028_10_M,5,ridge_direct,ridge_direct,False,seasonal_naive,seasonal_naive,False,True,True,0.2460380050527101,0.0672592137262516,0.0419688754038303,1.0194150074656816,0.2040691296488798,0.95215579373943
08019028_10_M,6,ridge_direct,ridge_direct,False,NO_ELIGIBLE_MODEL,NO_ELIGIBLE_MODEL,False,True,True,0.2312505921946567,0.0631500670098657,0.0,0.0,,
08019028_10_M,7,ridge_direct,ridge_direct,False,NO_ELIGIBLE_MODEL,NO_ELIGIBLE_MODEL,False,True,True,0.2140867506929954,0.0588970012489588,0.0,0.0,,
08019043_10_M,1,hgb_direct,lightgbm_direct,True,NO_ELIGIBLE_MODEL,NO_ELIGIBLE_MODEL,False,True,True,0.1031388251293788,0.4257939814359193,0.0,0.0,,
08019043_10_M,2,ridge_direct,ridge_direct,False,NO_ELIGIBLE_MODEL,NO_ELIGIBLE_MODEL,False,True,True,0.1715787853161801,0.1534845238091154,0.0,0.0,,
08019043_10_M,3,ridge_direct,ridge_direct,False,NO_ELIGIBLE_MODEL,NO_ELIGIBLE_MODEL,False,True,True,0.192936628558989,0.0870445557726668,0.0,0.0,,
08019043_10_M,4,ridge_direct,ridge_direct,False,NO_ELIGIBLE_MODEL,NO_ELIGIBLE_MODEL,False,True,True,0.2288559054895049,0.0604679047283705,0.0,0.0,,
08019043_10_M,5,sarima,sarima,False,NO_ELIGIBLE_MODEL,NO_ELIGIBLE_MODEL,False,True,True,0.3500120881633911,0.076352772161282,0.0,0.0,,
08019043_10_M,6,sarima,sarima,False,NO_ELIGIBLE_MODEL,NO_ELIGIBLE_MODEL,False,True,True,0.2736650568810841,0.0733142187388907,0.0,0.0,,
08019043_10_M,7,sarima,sarima,False,NO_ELIGIBLE_MODEL,NO_ELIGIBLE_MODEL,False,True,True,0.301993472892385,0.1657410463117063,0.0,0.0,,
08019045_10_M,1,ridge_direct,ridge_direct,False,NO_ELIGIBLE_MODEL,NO_ELIGIBLE_MODEL,False,True,True,0.0941855775586321,0.4433900563206617,0.0,0.0,,
08019045_10_M,2,ridge_direct,ridge_direct,False,NO_ELIGIBLE_MODEL,NO_ELIGIBLE_MODEL,False,True,True,0.1609789723725999,0.1763445609768441,0.0,0.0,,
08019045_10_M,3,ridge_direct,ridge_direct,False,NO_ELIGIBLE_MODEL,NO_ELIGIBLE_MODEL,False,True,True,0.2035490639221941,0.0847586291291365,0.0,0.0,,
08019045_10_M,4,ridge_direct,ridge_direct,False,NO_ELIGIBLE_MODEL,NO_ELIGIBLE_MODEL,False,True,True,0.2360155704601227,0.0476688167541653,0.0,0.0,,
08019045_10_M,5,ridge_direct,ridge_direct,False,NO_ELIGIBLE_MODEL,NO_ELIGIBLE_MODEL,False,True,True,0.2413268123381637,0.0432605714863025,0.0,0.0,,
08019045_10_M,6,ridge_direct,ridge_direct,False,NO_ELIGIBLE_MODEL,NO_ELIGIBLE_MODEL,False,True,True,0.2358624863847505,0.0368235896488206,0.0,0.0,,
08019045_10_M,7,ridge_direct,ridge_direct,False,NO_ELIGIBLE_MODEL,NO_ELIGIBLE_MODEL,False,True,True,0.2329908239005792,0.0339551103942123,0.0,0.0,,
08019052_10_M,1,ridge_direct,lightgbm_direct,True,NO_ELIGIBLE_MODEL,NO_ELIGIBLE_MODEL,False,True,True,0.1009825966037864,0.4418806728529954,0.0,0.0,,
08019052_10_M,2,ridge_direct,ridge_direct,False,NO_ELIGIBLE_MODEL,NO_ELIGIBLE_MODEL,False,True,True,0.1671060445667238,0.1886691901511851,0.0,0.0,,
08019052_10_M,3,sarima,sarima,False,NO_ELIGIBLE_MODEL,NO_ELIGIBLE_MODEL,False,True,True,0.3635306557978943,0.2966304018433697,0.0,0.0,,
08019052_10_M,4,sarima,sarima,False,NO_ELIGIBLE_MODEL,NO_ELIGIBLE_MODEL,False,True,True,0.3327437167071805,0.1149175062786864,0.0,0.0,,
08019052_10_M,5,ridge_direct,ridge_direct,False,NO_ELIGIBLE_MODEL,NO_ELIGIBLE_MODEL,False,True,True,0.2089065771095802,0.0737490248027839,0.0,0.0,,
08019052_10_M,6,sarima,sarima,False,NO_ELIGIBLE_MODEL,NO_ELIGIBLE_MODEL,False,True,True,0.2719703049404761,0.0666365630513324,0.0,0.0,,
08019052_10_M,7,sarima,sarima,False,NO_ELIGIBLE_MODEL,NO_ELIGIBLE_MODEL,False,True,True,0.3268401965305357,0.1057172624870537,0.0,0.0,,
08019054_10_M,1,ridge_direct,ridge_direct,False,ridge_direct,ridge_direct,False,False,False,0.0899674181183064,0.5024007945076104,0.0899674181183064,0.5024007945076104,0.0,0.0
08019054_10_M,2,ridge_direct,ridge_direct,False,NO_ELIGIBLE_MODEL,NO_ELIGIBLE_MODEL,False,True,True,0.1619833464910797,0.2148681236988795,0.0,0.0,,
08019054_10_M,3,ridge_direct,ridge_direct,False,NO_ELIGIBLE_MODEL,NO_ELIGIBLE_MODEL,False,True,True,0.2048635621429519,0.1036284494035679,0.0,0.0,,
08019054_10_M,4,ridge_direct,ridge_direct,False,NO_ELIGIBLE_MODEL,NO_ELIGIBLE_MODEL,False,True,True,0.2359319290957044,0.0640560352918663,0.0,0.0,,
08019054_10_M,5,ridge_direct,ridge_direct,False,NO_ELIGIBLE_MODEL,NO_ELIGIBLE_MODEL,False,True,True,0.2418495686973673,0.0520849594053753,0.0,0.0,,
08019054_10_M,6,ridge_direct,ridge_direct,False,NO_ELIGIBLE_MODEL,NO_ELIGIBLE_MODEL,False,True,True,0.2394442363308918,0.0524299312809306,0.0,0.0,,
08019054_10_M,7,ridge_direct,ridge_direct,False,NO_ELIGIBLE_MODEL,NO_ELIGIBLE_MODEL,False,True,True,0.243312278413993,0.0476823269101211,0.0,0.0,,
08263007_10_M,1,ridge_direct,ridge_direct,False,NO_ELIGIBLE_MODEL,NO_ELIGIBLE_MODEL,False,True,True,0.1041602467073767,0.3327788550361783,0.0,0.0,,
08263007_10_M,2,sarima,sarima,False,NO_ELIGIBLE_MODEL,NO_ELIGIBLE_MODEL,False,True,True,0.19405822779013,0.1798831418911527,0.0,0.0,,
08263007_10_M,3,sarima,sarima,False,NO_ELIGIBLE_MODEL,NO_ELIGIBLE_MODEL,False,True,True,0.191857435364914,0.1421666841035241,0.0,0.0,,
08263007_10_M,4,ridge_direct,ridge_direct,False,NO_ELIGIBLE_MODEL,NO_ELIGIBLE_MODEL,False,True,True,0.2005978354559584,0.1077907044929924,0.0,0.0,,
08263007_10_M,5,ridge_direct,ridge_direct,False,NO_ELIGIBLE_MODEL,NO_ELIGIBLE_MODEL,False,True,True,0.2067350474146534,0.0997394380175426,0.0,0.0,,
08263007_10_M,6,sarima,sarima,False,NO_ELIGIBLE_MODEL,NO_ELIGIBLE_MODEL,False,True,True,0.26069363016219,0.051751262299468,0.0,0.0,,
08263007_10_M,7,ridge_direct,ridge_direct,False,NO_ELIGIBLE_MODEL,NO_ELIGIBLE_MODEL,False,True,True,0.2103560636531474,0.0971770815963663,0.0,0.0,,
22125001_10_M,1,ridge_direct,ridge_direct,False,hgb_direct,lightgbm_direct,True,True,True,0.0899913882371304,0.4947090084535672,0.0676014574725132,0.538621010142039,0.022389930764617205,0.04391200168847181
22125001_10_M,2,ridge_direct,ridge_direct,False,NO_ELIGIBLE_MODEL,NO_ELIGIBLE_MODEL,False,True,True,0.1625051073504467,0.1926319858321604,0.0,0.0,,
22125001_10_M,3,ridge_direct,ridge_direct,False,NO_ELIGIBLE_MODEL,NO_ELIGIBLE_MODEL,False,True,True,0.1982633813027889,0.1053565420650167,0.0,0.0,,
22125001_10_M,4,sarima,sarima,False,NO_ELIGIBLE_MODEL,NO_ELIGIBLE_MODEL,False,True,True,0.2298152657230086,0.0559295031790735,0.0,0.0,,
22125001_10_M,5,sarima,sarima,False,NO_ELIGIBLE_MODEL,NO_ELIGIBLE_MODEL,False,True,True,0.3339968187699137,0.0490197138362109,0.0,0.0,,
22125001_10_M,6,sarima,sarima,False,NO_ELIGIBLE_MODEL,NO_ELIGIBLE_MODEL,False,True,True,0.3371266868999995,0.0305963277156596,0.0,0.0,,
22125001_10_M,7,ridge_direct,ridge_direct,False,NO_ELIGIBLE_MODEL,NO_ELIGIBLE_MODEL,False,True,True,0.2484886052354199,0.0240964653584172,0.0,0.0,,
43004005_10_M,1,ridge_direct,ridge_direct,False,NO_ELIGIBLE_MODEL,NO_ELIGIBLE_MODEL,False,True,True,0.1043771266752907,0.415793107156367,0.0,0.0,,
43004005_10_M,2,ridge_direct,ridge_direct,False,NO_ELIGIBLE_MODEL,NO_ELIGIBLE_MODEL,False,True,True,0.1737851287279077,0.1709816964203485,0.0,0.0,,
43004005_10_M,3,ridge_direct,ridge_direct,False,NO_ELIGIBLE_MODEL,NO_ELIGIBLE_MODEL,False,True,True,0.1895872857958079,0.0985308889047165,0.0,0.0,,
43004005_10_M,4,ridge_direct,ridge_direct,False,NO_ELIGIBLE_MODEL,NO_ELIGIBLE_MODEL,False,True,True,0.2203488841826861,0.0491729863008958,0.0,0.0,,
43004005_10_M,5,ridge_direct,ridge_direct,False,NO_ELIGIBLE_MODEL,NO_ELIGIBLE_MODEL,False,True,True,0.2343299165213771,0.0326642324711901,0.0,0.0,,
43004005_10_M,6,ridge_direct,ridge_direct,False,NO_ELIGIBLE_MODEL,NO_ELIGIBLE_MODEL,False,True,True,0.2296002117316347,0.0305645436182837,0.0,0.0,,
43004005_10_M,7,ridge_direct,ridge_direct,False,NO_ELIGIBLE_MODEL,NO_ELIGIBLE_MODEL,False,True,True,0.2419475603259524,0.026375047385708,0.0,0.0,,
43004006_10_M,1,sarima,sarima,False,NO_ELIGIBLE_MODEL,NO_ELIGIBLE_MODEL,False,True,True,0.1732234237266809,0.400901661898133,0.0,0.0,,
43004006_10_M,2,ridge_direct,ridge_direct,False,NO_ELIGIBLE_MODEL,NO_ELIGIBLE_MODEL,False,True,True,0.204680525336187,0.1267397598758236,0.0,0.0,,
43004006_10_M,3,ridge_direct,ridge_direct,False,NO_ELIGIBLE_MODEL,NO_ELIGIBLE_MODEL,False,True,True,0.2213798303652635,0.0878895256467329,0.0,0.0,,
43004006_10_M,4,sarima,sarima,False,NO_ELIGIBLE_MODEL,NO_ELIGIBLE_MODEL,False,True,True,0.2783017057520477,0.0296646388285738,0.0,0.0,,
43004006_10_M,5,sarima,sarima,False,NO_ELIGIBLE_MODEL,NO_ELIGIBLE_MODEL,False,True,True,0.3046558772964027,0.0182730867821913,0.0,0.0,,
43004006_10_M,6,ridge_direct,ridge_direct,False,NO_ELIGIBLE_MODEL,NO_ELIGIBLE_MODEL,False,True,True,0.232453240995234,0.045750489520756,0.0,0.0,,
43004006_10_M,7,ridge_direct,ridge_direct,False,NO_ELIGIBLE_MODEL,NO_ELIGIBLE_MODEL,False,True,True,0.2380460713536182,0.0356362152008328,0.0,0.0,,
44013007_10_M,1,hgb_direct,lightgbm_direct,True,NO_ELIGIBLE_MODEL,NO_ELIGIBLE_MODEL,False,True,True,0.1784511861465981,0.2502702325132095,0.0,0.0,,
44013007_10_M,2,ridge_direct,ridge_direct,False,NO_ELIGIBLE_MODEL,NO_ELIGIBLE_MODEL,False,True,True,0.2664130977185105,0.1072560413397015,0.0,0.0,,
44013007_10_M,3,ridge_direct,ridge_direct,False,seasonal_naive,seasonal_naive,False,True,True,0.2881627091350546,0.1066452379078153,0.1146749843368366,0.958138617666905,0.173487724798218,0.8514933797590897
44013007_10_M,4,ridge_direct,ridge_direct,False,seasonal_naive,seasonal_naive,False,True,True,0.3088733708188462,0.1039998472269582,0.1416152432936309,0.9711118253489696,0.1672581275252153,0.8671119781220114
44013007_10_M,5,ridge_direct,ridge_direct,False,seasonal_naive,seasonal_naive,False,True,True,0.3129306888179469,0.0990128220275772,0.1476407771009743,0.9676357823094124,0.16528991171697258,0.8686229602818352
44013007_10_M,6,ridge_direct,ridge_direct,False,seasonal_naive,seasonal_naive,False,True,True,0.2493738878694332,0.0962317811370601,0.0700515760710263,0.9626560300122128,0.1793223117984069,0.8664242488751527
44013007_10_M,7,ridge_direct,lightgbm_direct,True,NO_ELIGIBLE_MODEL,NO_ELIGIBLE_MODEL,False,True,True,0.1976195214797129,0.1309374318844768,0.0,0.0,,
44216001_10_M,1,ridge_direct,ridge_direct,False,NO_ELIGIBLE_MODEL,NO_ELIGIBLE_MODEL,False,True,True,0.1104253459187939,0.4082926859463594,0.0,0.0,,
44216001_10_M,2,ridge_direct,ridge_direct,False,NO_ELIGIBLE_MODEL,NO_ELIGIBLE_MODEL,False,True,True,0.1954639461190745,0.1474327422244373,0.0,0.0,,
44216001_10_M,3,ridge_direct,ridge_direct,False,NO_ELIGIBLE_MODEL,NO_ELIGIBLE_MODEL,False,True,True,0.2258278220537054,0.087936425954919,0.0,0.0,,
44216001_10_M,4,ridge_direct,ridge_direct,False,NO_ELIGIBLE_MODEL,NO_ELIGIBLE_MODEL,False,True,True,0.2420492495829339,0.0601787779696501,0.0,0.0,,
44216001_10_M,5,ridge_direct,ridge_direct,False,NO_ELIGIBLE_MODEL,NO_ELIGIBLE_MODEL,False,True,True,0.2584146780694506,0.0468295165761375,0.0,0.0,,
44216001_10_M,6,ridge_direct,ridge_direct,False,NO_ELIGIBLE_MODEL,NO_ELIGIBLE_MODEL,False,True,True,0.2703207399425587,0.0356947279542019,0.0,0.0,,
44216001_10_M,7,ridge_direct,ridge_direct,False,NO_ELIGIBLE_MODEL,NO_ELIGIBLE_MODEL,False,True,True,0.2750255319309996,0.0305440738351143,0.0,0.0,,
45153999_10_M,1,NO_ELIGIBLE_MODEL,NO_ELIGIBLE_MODEL,False,NO_ELIGIBLE_MODEL,NO_ELIGIBLE_MODEL,False,False,False,0.0,0.0,0.0,0.0,,
45153999_10_M,2,hgb_direct,hgb_direct,False,NO_ELIGIBLE_MODEL,NO_ELIGIBLE_MODEL,False,True,True,0.2092429186473708,0.1959595717602163,0.0,0.0,,
45153999_10_M,3,hgb_direct,lightgbm_direct,True,NO_ELIGIBLE_MODEL,NO_ELIGIBLE_MODEL,False,True,True,0.2421456540918387,0.1326208958542793,0.0,0.0,,
45153999_10_M,4,hgb_direct,lightgbm_direct,True,NO_ELIGIBLE_MODEL,NO_ELIGIBLE_MODEL,False,True,True,0.2574310094445728,0.102530940361013,0.0,0.0,,
45153999_10_M,5,hgb_direct,lightgbm_direct,True,NO_ELIGIBLE_MODEL,NO_ELIGIBLE_MODEL,False,True,True,0.26256988674206,0.0829280092392754,0.0,0.0,,
45153999_10_M,6,ridge_direct,ridge_direct,False,NO_ELIGIBLE_MODEL,NO_ELIGIBLE_MODEL,False,True,True,0.2690557962497393,0.037428969426976,0.0,0.0,,
45153999_10_M,7,ridge_direct,ridge_direct,False,NO_ELIGIBLE_MODEL,NO_ELIGIBLE_MODEL,False,True,True,0.2750357126630899,0.0311837895233881,0.0,0.0,,
46250043_10_M,1,ridge_direct,ridge_direct,False,NO_ELIGIBLE_MODEL,NO_ELIGIBLE_MODEL,False,True,True,0.0954615809187324,0.4094559265345033,0.0,0.0,,
46250043_10_M,2,hgb_direct,lightgbm_direct,True,NO_ELIGIBLE_MODEL,NO_ELIGIBLE_MODEL,False,True,True,0.1780482785949777,0.2204727404314286,0.0,0.0,,
46250043_10_M,3,ridge_direct,ridge_direct,False,NO_ELIGIBLE_MODEL,NO_ELIGIBLE_MODEL,False,True,True,0.2036271928039161,0.1390712374635772,0.0,0.0,,
46250043_10_M,4,ridge_direct,ridge_direct,False,NO_ELIGIBLE_MODEL,NO_ELIGIBLE_MODEL,False,True,True,0.224281046700267,0.1065038690738099,0.0,0.0,,
46250043_10_M,5,ridge_direct,ridge_direct,False,NO_ELIGIBLE_MODEL,NO_ELIGIBLE_MODEL,False,True,True,0.2415127594814469,0.0851907029917788,0.0,0.0,,
46250043_10_M,6,ridge_direct,ridge_direct,False,NO_ELIGIBLE_MODEL,NO_ELIGIBLE_MODEL,False,True,True,0.243808200468329,0.0832435346307274,0.0,0.0,,
46250043_10_M,7,ridge_direct,ridge_direct,False,NO_ELIGIBLE_MODEL,NO_ELIGIBLE_MODEL,False,True,True,0.2528761794349226,0.0788981438848862,0.0,0.0,,
46263999_10_M,1,ridge_direct,ridge_direct,False,NO_ELIGIBLE_MODEL,NO_ELIGIBLE_MODEL,False,True,True,0.0852153086153748,0.4755109408749368,0.0,0.0,,
46263999_10_M,2,hgb_direct,lightgbm_direct,True,NO_ELIGIBLE_MODEL,NO_ELIGIBLE_MODEL,False,True,True,0.1946365081965676,0.1911790192434718,0.0,0.0,,
46263999_10_M,3,hgb_direct,lightgbm_direct,True,NO_ELIGIBLE_MODEL,NO_ELIGIBLE_MODEL,False,True,True,0.2314450072465149,0.1253993658041338,0.0,0.0,,
46263999_10_M,4,hgb_direct,lightgbm_direct,True,NO_ELIGIBLE_MODEL,NO_ELIGIBLE_MODEL,False,True,True,0.23514025015247,0.0959443744295656,0.0,0.0,,
46263999_10_M,5,hgb_direct,lightgbm_direct,True,NO_ELIGIBLE_MODEL,NO_ELIGIBLE_MODEL,False,True,True,0.215929546904228,0.0775332627832465,0.0,0.0,,
46263999_10_M,6,hgb_direct,lightgbm_direct,True,NO_ELIGIBLE_MODEL,NO_ELIGIBLE_MODEL,False,True,True,0.212460258933795,0.0613245834611612,0.0,0.0,,
46263999_10_M,7,ridge_direct,ridge_direct,False,NO_ELIGIBLE_MODEL,NO_ELIGIBLE_MODEL,False,True,True,0.2064613695421264,0.0677558416154959,0.0,0.0,,
50008001_10_M,1,ridge_direct,ridge_direct,False,NO_ELIGIBLE_MODEL,NO_ELIGIBLE_MODEL,False,True,True,0.1059603614978836,0.4175368143953776,0.0,0.0,,
50008001_10_M,2,ridge_direct,ridge_direct,False,NO_ELIGIBLE_MODEL,NO_ELIGIBLE_MODEL,False,True,True,0.1878363144274183,0.1750717102833572,0.0,0.0,,
50008001_10_M,3,sarima,sarima,False,NO_ELIGIBLE_MODEL,NO_ELIGIBLE_MODEL,False,True,True,0.2550870112436245,0.1205610695719694,0.0,0.0,,
50008001_10_M,4,ridge_direct,ridge_direct,False,NO_ELIGIBLE_MODEL,NO_ELIGIBLE_MODEL,False,True,True,0.2314734407010295,0.0935955092405453,0.0,0.0,,
50008001_10_M,5,ridge_direct,ridge_direct,False,NO_ELIGIBLE_MODEL,NO_ELIGIBLE_MODEL,False,True,True,0.2390790125694282,0.0837018230282301,0.0,0.0,,
50008001_10_M,6,ridge_direct,ridge_direct,False,NO_ELIGIBLE_MODEL,NO_ELIGIBLE_MODEL,False,True,True,0.2307674704489263,0.078326572667953,0.0,0.0,,
50008001_10_M,7,ridge_direct,ridge_direct,False,NO_ELIGIBLE_MODEL,NO_ELIGIBLE_MODEL,False,True,True,0.2282345519486226,0.0767109231644982,0.0,0.0,,
