station_id,model,horizon,skill,alpha,recall_p75,dm_significant,station_type,rule_a_rc,rule_b_rc,decision_change_rc,reason_rc
43004006_10_M,hgb_direct,1,0.103728580496874,0.376074242659997,0.4054054054054054,True,Rural Remote/Industrial,True,False,True,collapse_only
43004006_10_M,hgb_direct,2,0.18795894002857,0.1861569334216844,0.2297297297297297,True,Rural Remote/Industrial,True,False,True,collapse_only
43004006_10_M,hgb_direct,3,0.2046229908886579,0.1518557039721447,0.1793478260869565,True,Rural Remote/Industrial,True,False,True,both
43004006_10_M,hgb_direct,4,0.215590860929647,0.1251208686231342,0.1584699453551912,True,Rural Remote/Industrial,True,False,True,both
43004006_10_M,hgb_direct,5,0.2186248261975821,0.1121446179421103,0.1120218579234972,True,Rural Remote/Industrial,True,False,True,both
43004006_10_M,hgb_direct,6,0.2081437289157878,0.1106734635199595,0.136986301369863,True,Rural Remote/Industrial,True,False,True,both
43004006_10_M,hgb_direct,7,0.2130963128597638,0.104554865301192,0.1263736263736263,True,Rural Remote/Industrial,True,False,True,both
43004006_10_M,ridge_direct,1,0.128625916508676,0.3451439989374161,0.4567567567567567,True,Rural Remote/Industrial,True,False,True,collapse_only
43004006_10_M,ridge_direct,2,0.204680525336187,0.1267397598758236,0.2432432432432432,True,Rural Remote/Industrial,True,False,True,collapse_only
43004006_10_M,ridge_direct,3,0.2213798303652635,0.0878895256467329,0.1440217391304347,True,Rural Remote/Industrial,True,False,True,both
43004006_10_M,ridge_direct,4,0.23655466684523,0.0608637044708837,0.0901639344262295,True,Rural Remote/Industrial,True,False,True,both
43004006_10_M,ridge_direct,5,0.2427821288378928,0.0476801842783944,0.0655737704918032,True,Rural Remote/Industrial,True,False,True,both
43004006_10_M,ridge_direct,6,0.232453240995234,0.045750489520756,0.0712328767123287,True,Rural Remote/Industrial,True,False,True,both
43004006_10_M,ridge_direct,7,0.2380460713536182,0.0356362152008328,0.0384615384615384,True,Rural Remote/Industrial,True,False,True,both
43004006_10_M,sarima,1,0.1732234237266809,0.400901661898133,0.4137931034482758,True,Rural Remote/Industrial,True,False,True,collapse_only
43004006_10_M,sarima,2,0.1070412537572573,0.0686182167819132,0.0666666666666666,False,Rural Remote/Industrial,False,False,False,n/a
43004006_10_M,sarima,3,0.1411739429638495,0.0362429414181897,0.0,False,Rural Remote/Industrial,False,False,False,n/a
43004006_10_M,sarima,4,0.2783017057520477,0.0296646388285738,0.0,True,Rural Remote/Industrial,True,False,True,both
43004006_10_M,sarima,5,0.3046558772964027,0.0182730867821913,0.0,True,Rural Remote/Industrial,True,False,True,both
43004006_10_M,sarima,6,0.195033387928608,0.0116791612520069,0.0,True,Rural Remote/Industrial,True,False,True,both
43004006_10_M,sarima,7,0.1777609772683028,0.0073894960256389,0.0,True,Rural Remote/Industrial,True,False,True,both
43004006_10_M,seasonal_naive,1,-0.3267573734019842,0.9931952863887789,0.327027027027027,True,Rural Remote/Industrial,False,False,False,n/a
43004006_10_M,seasonal_naive,2,-0.088035602367134,0.9979459719152048,0.3189189189189189,True,Rural Remote/Industrial,False,False,False,n/a
43004006_10_M,seasonal_naive,3,-0.0461902771879771,0.9996567411127206,0.3179347826086957,False,Rural Remote/Industrial,False,False,False,n/a
43004006_10_M,seasonal_naive,4,-0.0146249697631157,1.0030419413945857,0.3224043715846995,False,Rural Remote/Industrial,False,False,False,n/a
43004006_10_M,seasonal_naive,5,-0.0016277486088154,1.0136178496111714,0.3251366120218579,False,Rural Remote/Industrial,False,False,False,n/a
43004006_10_M,seasonal_naive,6,-0.0120091121216361,1.0121771626439202,0.3232876712328767,False,Rural Remote/Industrial,False,False,False,n/a
43004006_10_M,seasonal_naive,7,0.0,1.016447213758479,0.3269230769230769,False,Rural Remote/Industrial,False,False,False,n/a
43004006_10_M,stl_ridge_direct,1,-1.701669355329821,1.6562655347887043,0.991891891891892,True,Rural Remote/Industrial,False,False,False,n/a
43004006_10_M,stl_ridge_direct,2,-1.2309873925324215,1.5213711031585424,0.9891891891891892,True,Rural Remote/Industrial,False,False,False,n/a
43004006_10_M,stl_ridge_direct,3,-1.1443500610402515,1.4709249873761483,0.9891304347826086,True,Rural Remote/Industrial,False,False,False,n/a
43004006_10_M,stl_ridge_direct,4,-1.0815538526023285,1.3991661173639582,0.9918032786885246,True,Rural Remote/Industrial,False,False,False,n/a
43004006_10_M,stl_ridge_direct,5,-1.0537849889006274,1.3401640848422014,0.9918032786885246,True,Rural Remote/Industrial,False,False,False,n/a
43004006_10_M,stl_ridge_direct,6,-1.07024958819381,1.2789331684329437,0.9917808219178084,True,Rural Remote/Industrial,False,False,False,n/a
43004006_10_M,stl_ridge_direct,7,-1.0415742825236487,1.2389146522285048,0.9917582417582418,True,Rural Remote/Industrial,False,False,False,n/a
08019043_10_M,hgb_direct,1,0.1021735567303114,0.427546585153835,0.4019138755980861,True,Urban/Traffic,True,False,True,collapse_only
08019043_10_M,hgb_direct,2,0.163238871893256,0.187087164323822,0.2403846153846154,True,Urban/Traffic,True,False,True,collapse_only
08019043_10_M,hgb_direct,3,0.1727921424890255,0.140052726156596,0.1761904761904762,True,Urban/Traffic,True,False,True,both
08019043_10_M,hgb_direct,4,0.2097880649835267,0.1234736239907905,0.1531100478468899,True,Urban/Traffic,True,False,True,both
08019043_10_M,hgb_direct,5,0.2215068839392947,0.1145614192038644,0.1238095238095238,True,Urban/Traffic,True,False,True,both
08019043_10_M,hgb_direct,6,0.211973683970957,0.1217399134952659,0.1291866028708134,True,Urban/Traffic,True,False,True,both
08019043_10_M,hgb_direct,7,0.1996196637650724,0.1326391874911526,0.1219512195121951,True,Urban/Traffic,True,False,True,both
08019043_10_M,ridge_direct,1,0.1010158366992278,0.452494510795521,0.430622009569378,True,Urban/Traffic,True,False,True,collapse_only
08019043_10_M,ridge_direct,2,0.1715787853161801,0.1534845238091154,0.1826923076923076,True,Urban/Traffic,True,False,True,both
08019043_10_M,ridge_direct,3,0.192936628558989,0.0870445557726668,0.1285714285714285,True,Urban/Traffic,True,False,True,both
08019043_10_M,ridge_direct,4,0.2288559054895049,0.0604679047283705,0.0813397129186602,True,Urban/Traffic,True,False,True,both
08019043_10_M,ridge_direct,5,0.2439065175608544,0.0529418189048877,0.0666666666666666,True,Urban/Traffic,True,False,True,both
08019043_10_M,ridge_direct,6,0.2355384411314679,0.0516576460973275,0.062200956937799,True,Urban/Traffic,True,False,True,both
08019043_10_M,ridge_direct,7,0.2144950641625439,0.0521697521493046,0.0536585365853658,True,Urban/Traffic,True,False,True,both
08019043_10_M,sarima,1,0.0884018398166911,0.5003396450888176,0.5882352941176471,False,Urban/Traffic,False,False,False,n/a
08019043_10_M,sarima,2,0.277205994207367,0.3009172521351125,0.32,False,Urban/Traffic,False,False,False,n/a
08019043_10_M,sarima,3,0.3511822451715841,0.1469481211691042,0.0476190476190476,False,Urban/Traffic,False,False,False,n/a
08019043_10_M,sarima,4,0.3475563250897877,0.0730700051912946,0.0,False,Urban/Traffic,False,False,False,n/a
08019043_10_M,sarima,5,0.3500120881633911,0.076352772161282,0.0384615384615384,True,Urban/Traffic,True,False,True,both
08019043_10_M,sarima,6,0.2736650568810841,0.0733142187388907,0.0294117647058823,True,Urban/Traffic,True,False,True,both
08019043_10_M,sarima,7,0.301993472892385,0.1657410463117063,0.0277777777777777,True,Urban/Traffic,True,False,True,both
08019043_10_M,seasonal_naive,1,-0.3666812426404486,0.8389731502564657,0.2248803827751196,True,Urban/Traffic,False,False,False,n/a
08019043_10_M,seasonal_naive,2,-0.1169428731225386,0.8444726540735621,0.2403846153846154,True,Urban/Traffic,False,False,False,n/a
08019043_10_M,seasonal_naive,3,-0.0578820795071113,0.8484427934472593,0.2428571428571428,False,Urban/Traffic,False,False,False,n/a
08019043_10_M,seasonal_naive,4,0.0242710819101389,0.8223697389430261,0.2488038277511961,False,Urban/Traffic,False,False,False,n/a
08019043_10_M,seasonal_naive,5,0.0488689806912669,0.8320481286869505,0.2619047619047619,False,Urban/Traffic,False,False,False,n/a
08019043_10_M,seasonal_naive,6,0.031190865681792,0.8632973445864804,0.2679425837320574,False,Urban/Traffic,False,False,False,n/a
08019043_10_M,seasonal_naive,7,0.0,0.8888571097663708,0.2731707317073171,False,Urban/Traffic,False,False,False,n/a
08019043_10_M,stl_ridge_direct,1,-2.171519499093407,1.4619840340426025,0.9952153110047848,True,Urban/Traffic,False,False,False,n/a
08019043_10_M,stl_ridge_direct,2,-1.6578988183861658,1.268620879947843,0.9951923076923076,True,Urban/Traffic,False,False,False,n/a
08019043_10_M,stl_ridge_direct,3,-1.5356848875275615,1.2381031197853476,1.0,True,Urban/Traffic,False,False,False,n/a
08019043_10_M,stl_ridge_direct,4,-1.3629155131951038,1.1598241645699974,1.0,True,Urban/Traffic,False,False,False,n/a
08019043_10_M,stl_ridge_direct,5,-1.3077555514784214,1.123708096534114,1.0,True,Urban/Traffic,False,False,False,n/a
08019043_10_M,stl_ridge_direct,6,-1.3601694716656518,1.0933431447620363,1.0,True,Urban/Traffic,False,False,False,n/a
08019043_10_M,stl_ridge_direct,7,-1.4519747750391638,1.104502413785505,1.0,True,Urban/Traffic,False,False,False,n/a
45153999_10_M,hgb_direct,1,0.1150643208678378,0.370345752367743,0.7484008528784648,False,Rural Remote/Background,False,False,False,n/a
45153999_10_M,hgb_direct,2,0.2092429186473708,0.1959595717602163,0.6645299145299145,True,Rural Remote/Background,True,False,True,collapse_only
45153999_10_M,hgb_direct,3,0.242048725240239,0.1440520786916048,0.572961373390558,True,Rural Remote/Background,True,False,True,collapse_only
45153999_10_M,hgb_direct,4,0.2573729018469566,0.1170497934823449,0.5481798715203426,True,Rural Remote/Background,True,False,True,collapse_only
45153999_10_M,hgb_direct,5,0.2624578096915761,0.1003603894924744,0.4871244635193133,True,Rural Remote/Background,True,False,True,collapse_only
45153999_10_M,hgb_direct,6,0.2654950040980207,0.0859820925754303,0.421505376344086,True,Rural Remote/Background,True,False,True,collapse_only
45153999_10_M,hgb_direct,7,0.2660563699960706,0.0770980570668335,0.3935483870967742,True,Rural Remote/Background,True,False,True,collapse_only
45153999_10_M,ridge_direct,1,0.0990226175122347,0.3867358522080297,0.6950959488272921,False,Rural Remote/Background,False,False,False,n/a
45153999_10_M,ridge_direct,2,0.1863445512844097,0.1596756955081631,0.4914529914529914,True,Rural Remote/Background,True,False,True,collapse_only
45153999_10_M,ridge_direct,3,0.228613020293565,0.0954284219450966,0.3626609442060086,True,Rural Remote/Background,True,False,True,collapse_only
45153999_10_M,ridge_direct,4,0.2459764884341624,0.0666727310557073,0.2655246252676659,True,Rural Remote/Background,True,False,True,collapse_only
45153999_10_M,ridge_direct,5,0.2550826002632598,0.0517127844284953,0.2167381974248927,True,Rural Remote/Background,True,False,True,collapse_only
45153999_10_M,ridge_direct,6,0.2690557962497393,0.037428969426976,0.2086021505376344,True,Rural Remote/Background,True,False,True,collapse_only
45153999_10_M,ridge_direct,7,0.2750357126630899,0.0311837895233881,0.2279569892473118,True,Rural Remote/Background,True,False,True,collapse_only
45153999_10_M,sarima,1,0.2396727309555365,0.6381633285041324,0.75,False,Rural Remote/Background,False,False,False,n/a
45153999_10_M,sarima,2,0.1774258367720855,0.2202700441905004,0.5208333333333334,False,Rural Remote/Background,False,False,False,n/a
45153999_10_M,sarima,3,0.2318158404109052,0.1821744811097952,0.3148148148148148,False,Rural Remote/Background,False,False,False,n/a
45153999_10_M,sarima,4,0.3251345432077729,0.2686605297420877,0.2448979591836734,False,Rural Remote/Background,False,False,False,n/a
45153999_10_M,sarima,5,0.1374056385704037,0.0809976612314301,0.2549019607843137,False,Rural Remote/Background,False,False,False,n/a
45153999_10_M,sarima,6,0.2806629406708948,0.177110849378435,0.14,False,Rural Remote/Background,False,False,False,n/a
45153999_10_M,sarima,7,0.2456842246219249,0.1213166146310791,0.12,False,Rural Remote/Background,False,False,False,n/a
45153999_10_M,seasonal_naive,1,-0.4159662044150629,1.01192033985413,0.3816631130063966,True,Rural Remote/Background,False,False,False,n/a
45153999_10_M,seasonal_naive,2,-0.1331498688846224,1.0068733262496827,0.3846153846153846,False,Rural Remote/Background,False,False,False,n/a
45153999_10_M,seasonal_naive,3,-0.0516130270429018,1.0095068819897202,0.3905579399141631,False,Rural Remote/Background,False,False,False,n/a
45153999_10_M,seasonal_naive,4,-0.0261561623455426,1.0128685990277055,0.3940042826552462,False,Rural Remote/Background,False,False,False,n/a
45153999_10_M,seasonal_naive,5,-0.0162438485117353,1.01792738975774,0.3948497854077253,False,Rural Remote/Background,False,False,False,n/a
45153999_10_M,seasonal_naive,6,-0.0024146556211568,1.0271759122099229,0.3935483870967742,False,Rural Remote/Background,False,False,False,n/a
45153999_10_M,seasonal_naive,7,0.0,1.0284455264144607,0.3956989247311828,False,Rural Remote/Background,False,False,False,n/a
45153999_10_M,stl_ridge_direct,1,-0.7259622309266258,1.5409984423296128,0.9658848614072496,True,Rural Remote/Background,False,False,False,n/a
45153999_10_M,stl_ridge_direct,2,-0.4165294653919269,1.402304675458886,0.97008547008547,True,Rural Remote/Background,False,False,False,n/a
45153999_10_M,stl_ridge_direct,3,-0.3217620031065469,1.370783664310688,0.9635193133047212,True,Rural Remote/Background,False,False,False,n/a
45153999_10_M,stl_ridge_direct,4,-0.2791293572497817,1.3098333657987526,0.9593147751605996,True,Rural Remote/Background,False,False,False,n/a
45153999_10_M,stl_ridge_direct,5,-0.2687080506875132,1.309974518850065,0.965665236051502,True,Rural Remote/Background,False,False,False,n/a
45153999_10_M,stl_ridge_direct,6,-0.2474924925103676,1.298934625770637,0.9655913978494624,True,Rural Remote/Background,False,False,False,n/a
45153999_10_M,stl_ridge_direct,7,-0.2440201136139301,1.300128726471384,0.9634408602150538,True,Rural Remote/Background,False,False,False,n/a
08019028_10_M,hgb_direct,1,0.0583157156074484,0.4868172835872158,0.4574468085106383,False,Urban/Traffic,False,False,False,n/a
08019028_10_M,hgb_direct,2,0.1493379889837482,0.2714382781701528,0.2846975088967972,True,Urban/Traffic,True,False,True,collapse_only
08019028_10_M,hgb_direct,3,0.1872927696137173,0.2109236472030908,0.2258064516129032,True,Urban/Traffic,True,False,True,collapse_only
08019028_10_M,hgb_direct,4,0.2111964495825539,0.1652173413795293,0.1601423487544484,True,Urban/Traffic,True,False,True,both
08019028_10_M,hgb_direct,5,0.2213452387118556,0.1455148725792733,0.1357142857142857,True,Urban/Traffic,True,False,True,both
08019028_10_M,hgb_direct,6,0.2102879401035242,0.1394818002924061,0.1459074733096085,True,Urban/Traffic,True,False,True,both
08019028_10_M,hgb_direct,7,0.1934338929203042,0.1392610973275853,0.1519434628975265,True,Urban/Traffic,True,False,True,both
08019028_10_M,ridge_direct,1,0.0957226917093506,0.4782794231677706,0.5070921985815603,True,Urban/Traffic,True,False,True,collapse_only
08019028_10_M,ridge_direct,2,0.173415931794217,0.2050816290799438,0.2740213523131672,True,Urban/Traffic,True,False,True,collapse_only
08019028_10_M,ridge_direct,3,0.2158768626386846,0.1171170561980712,0.1827956989247312,True,Urban/Traffic,True,False,True,both
08019028_10_M,ridge_direct,4,0.2384420224427619,0.0783212220636009,0.1316725978647686,True,Urban/Traffic,True,False,True,both
08019028_10_M,ridge_direct,5,0.2460380050527101,0.0672592137262516,0.1178571428571428,True,Urban/Traffic,True,False,True,both
08019028_10_M,ridge_direct,6,0.2312505921946567,0.0631500670098657,0.1032028469750889,True,Urban/Traffic,True,False,True,both
08019028_10_M,ridge_direct,7,0.2140867506929954,0.0588970012489588,0.0989399293286219,True,Urban/Traffic,True,False,True,both
08019028_10_M,sarima,1,0.0498714823828565,0.5285289595264814,0.4482758620689655,False,Urban/Traffic,False,False,False,n/a
08019028_10_M,sarima,2,0.2116698580537701,0.3257796190175865,0.21875,False,Urban/Traffic,False,False,False,n/a
08019028_10_M,sarima,3,0.2897654817087807,0.1875884536789086,0.0384615384615384,False,Urban/Traffic,False,False,False,n/a
08019028_10_M,sarima,4,0.2234398368823777,0.1106475496724064,0.0666666666666666,False,Urban/Traffic,False,False,False,n/a
08019028_10_M,sarima,5,0.2533513756625635,0.1068566464279028,0.0,False,Urban/Traffic,False,False,False,n/a
08019028_10_M,sarima,6,0.3016932608525395,0.0964059051915106,0.0,False,Urban/Traffic,False,False,False,n/a
08019028_10_M,sarima,7,0.1649501916789183,0.0846784629760311,0.09375,True,Urban/Traffic,True,False,True,both
08019028_10_M,seasonal_naive,1,-0.4668429588312475,1.0101543481715576,0.3120567375886525,True,Urban/Traffic,False,False,False,n/a
08019028_10_M,seasonal_naive,2,-0.1410000482483162,1.0336716465812406,0.3060498220640569,True,Urban/Traffic,False,False,False,n/a
08019028_10_M,seasonal_naive,3,-0.0319305642739513,1.0418481020058352,0.3118279569892473,False,Urban/Traffic,False,False,False,n/a
08019028_10_M,seasonal_naive,4,0.0295791208592276,1.0092325802106017,0.3131672597864768,False,Urban/Traffic,False,False,False,n/a
08019028_10_M,seasonal_naive,5,0.0419688754038303,1.0194150074656816,0.3178571428571428,True,Urban/Traffic,True,True,False,no_change
08019028_10_M,seasonal_naive,6,0.0240886986380554,1.0167201895731222,0.3202846975088968,False,Urban/Traffic,False,False,False,n/a
08019028_10_M,seasonal_naive,7,0.0,1.024994007541155,0.3250883392226148,False,Urban/Traffic,False,False,False,n/a
08019028_10_M,stl_ridge_direct,1,-2.4690058772971235,1.7660733676421996,1.0,True,Urban/Traffic,False,False,False,n/a
08019028_10_M,stl_ridge_direct,2,-1.764445465860332,1.61483468791144,1.0,True,Urban/Traffic,False,False,False,n/a
08019028_10_M,stl_ridge_direct,3,-1.525396974602772,1.5341989615084088,1.0,True,Urban/Traffic,False,False,False,n/a
08019028_10_M,stl_ridge_direct,4,-1.391100133068624,1.451376733069777,1.0,True,Urban/Traffic,False,False,False,n/a
08019028_10_M,stl_ridge_direct,5,-1.3655138199972372,1.421840893697212,1.0,True,Urban/Traffic,False,False,False,n/a
08019028_10_M,stl_ridge_direct,6,-1.4098851703391788,1.363761182404448,1.0,True,Urban/Traffic,False,False,False,n/a
08019028_10_M,stl_ridge_direct,7,-1.4597939020576325,1.320755067642129,1.0,True,Urban/Traffic,False,False,False,n/a
08019054_10_M,hgb_direct,1,0.0831603025834692,0.4784559928007614,0.5523809523809524,False,Urban/Background,False,False,False,n/a
08019054_10_M,hgb_direct,2,0.1490533332906917,0.2676040929025354,0.3555555555555555,True,Urban/Background,True,False,True,collapse_only
08019054_10_M,hgb_direct,3,0.1906232180478182,0.1919385476994885,0.2300319488817891,True,Urban/Background,True,False,True,collapse_only
08019054_10_M,hgb_direct,4,0.2213341926173715,0.1397435541776441,0.1779935275080906,True,Urban/Background,True,False,True,both
08019054_10_M,hgb_direct,5,0.2251296367038612,0.1286265653859761,0.1758957654723127,True,Urban/Background,True,False,True,both
08019054_10_M,hgb_direct,6,0.2279357404271512,0.1144594643368189,0.160655737704918,True,Urban/Background,True,False,True,both
08019054_10_M,hgb_direct,7,0.2284391268807913,0.1114271071261027,0.1584158415841584,True,Urban/Background,True,False,True,both
08019054_10_M,ridge_direct,1,0.0899674181183064,0.5024007945076104,0.5301587301587302,True,Urban/Background,True,True,False,no_change
08019054_10_M,ridge_direct,2,0.1619833464910797,0.2148681236988795,0.2920634920634921,True,Urban/Background,True,False,True,collapse_only
08019054_10_M,ridge_direct,3,0.2048635621429519,0.1036284494035679,0.1853035143769968,True,Urban/Background,True,False,True,both
08019054_10_M,ridge_direct,4,0.2359319290957044,0.0640560352918663,0.1229773462783171,True,Urban/Background,True,False,True,both
08019054_10_M,ridge_direct,5,0.2418495686973673,0.0520849594053753,0.1107491856677524,True,Urban/Background,True,False,True,both
08019054_10_M,ridge_direct,6,0.2394442363308918,0.0524299312809306,0.121311475409836,True,Urban/Background,True,False,True,both
08019054_10_M,ridge_direct,7,0.243312278413993,0.0476823269101211,0.0957095709570957,True,Urban/Background,True,False,True,both
08019054_10_M,sarima,1,0.0304005862439483,0.5034984906442423,0.5098039215686274,False,Urban/Background,False,False,False,n/a
08019054_10_M,sarima,2,0.1377498104989916,0.2583873606121182,0.15,False,Urban/Background,False,False,False,n/a
08019054_10_M,sarima,3,0.2136490298162952,0.1546676983772574,0.0952380952380952,False,Urban/Background,False,False,False,n/a
08019054_10_M,sarima,4,0.2707287212862288,0.1054183736843379,0.0512820512820512,False,Urban/Background,False,False,False,n/a
08019054_10_M,sarima,5,0.2685241117039193,0.0453523092591534,0.0555555555555555,False,Urban/Background,False,False,False,n/a
08019054_10_M,sarima,6,0.2414224701188877,0.0452619296430699,0.0476190476190476,False,Urban/Background,False,False,False,n/a
08019054_10_M,sarima,7,0.269179533278804,0.0611578853172643,0.0,False,Urban/Background,False,False,False,n/a
08019054_10_M,seasonal_naive,1,-0.5223950754286957,1.0316675800192845,0.2984126984126984,True,Urban/Background,False,False,False,n/a
08019054_10_M,seasonal_naive,2,-0.1957364906676268,1.0295531170014132,0.2984126984126984,True,Urban/Background,False,False,False,n/a
08019054_10_M,seasonal_naive,3,-0.0905203809493915,1.0360109936512831,0.2971246006389776,False,Urban/Background,False,False,False,n/a
08019054_10_M,seasonal_naive,4,-0.0291933436399971,1.034708897782465,0.2880258899676375,False,Urban/Background,False,False,False,n/a
08019054_10_M,seasonal_naive,5,0.0005560740029667,0.9875261325216846,0.2931596091205212,False,Urban/Background,False,False,False,n/a
08019054_10_M,seasonal_naive,6,-0.0031472716763187,0.9916536929600756,0.2983606557377049,False,Urban/Background,False,False,False,n/a
08019054_10_M,seasonal_naive,7,0.0,0.989712580456612,0.2904290429042904,False,Urban/Background,False,False,False,n/a
08019054_10_M,stl_ridge_direct,1,-2.1103657081918863,1.7214391156878543,0.9968253968253968,True,Urban/Background,False,False,False,n/a
08019054_10_M,stl_ridge_direct,2,-1.495891942768893,1.546757242420682,0.9904761904761904,True,Urban/Background,False,False,False,n/a
08019054_10_M,stl_ridge_direct,3,-1.2900035884016372,1.4647140366755795,0.9968051118210862,True,Urban/Background,False,False,False,n/a
08019054_10_M,stl_ridge_direct,4,-1.163854574148011,1.4187841090073938,1.0,True,Urban/Background,False,False,False,n/a
08019054_10_M,stl_ridge_direct,5,-1.1071900799370795,1.329690718940255,1.0,True,Urban/Background,False,False,False,n/a
08019054_10_M,stl_ridge_direct,6,-1.1128474847224537,1.2802919822079488,1.0,True,Urban/Background,False,False,False,n/a
08019054_10_M,stl_ridge_direct,7,-1.1022050723044847,1.2524728915193897,1.0,True,Urban/Background,False,False,False,n/a
44216001_10_M,hgb_direct,1,0.0890765265794398,0.3297492152033837,0.578088578088578,False,Urban/Background,False,False,False,n/a
44216001_10_M,hgb_direct,2,0.1942345432191011,0.1506270846127895,0.3674418604651163,True,Urban/Background,True,False,True,collapse_only
44216001_10_M,hgb_direct,3,0.2210488631819168,0.1069756314195129,0.2459396751740139,True,Urban/Background,True,False,True,collapse_only
44216001_10_M,hgb_direct,4,0.2323564595252979,0.0877831133727737,0.2,True,Urban/Background,True,False,True,collapse_only
44216001_10_M,hgb_direct,5,0.2489036207464984,0.0793410116518209,0.1818181818181818,True,Urban/Background,True,False,True,both
44216001_10_M,hgb_direct,6,0.2580962179906262,0.0690379275965746,0.1395348837209302,True,Urban/Background,True,False,True,both
44216001_10_M,hgb_direct,7,0.2645383767963849,0.0629724631361665,0.1378504672897196,True,Urban/Background,True,False,True,both
44216001_10_M,ridge_direct,1,0.1104253459187939,0.4082926859463594,0.5757575757575758,True,Urban/Background,True,False,True,collapse_only
44216001_10_M,ridge_direct,2,0.1954639461190745,0.1474327422244373,0.2883720930232558,True,Urban/Background,True,False,True,collapse_only
44216001_10_M,ridge_direct,3,0.2258278220537054,0.087936425954919,0.1832946635730858,True,Urban/Background,True,False,True,both
44216001_10_M,ridge_direct,4,0.2420492495829339,0.0601787779696501,0.127906976744186,True,Urban/Background,True,False,True,both
44216001_10_M,ridge_direct,5,0.2584146780694506,0.0468295165761375,0.1235431235431235,True,Urban/Background,True,False,True,both
44216001_10_M,ridge_direct,6,0.2703207399425587,0.0356947279542019,0.0837209302325581,True,Urban/Background,True,False,True,both
44216001_10_M,ridge_direct,7,0.2750255319309996,0.0305440738351143,0.0771028037383177,True,Urban/Background,True,False,True,both
44216001_10_M,sarima,1,0.0228935506098526,0.3067914304963427,0.6052631578947368,False,Urban/Background,False,False,False,n/a
44216001_10_M,sarima,2,0.0859779041474871,0.1221562818130573,0.2857142857142857,False,Urban/Background,False,False,False,n/a
44216001_10_M,sarima,3,0.0712915491603985,0.0480868332296009,0.2040816326530612,False,Urban/Background,False,False,False,n/a
44216001_10_M,sarima,4,0.0635097699465022,0.0300165628996245,0.1276595744680851,False,Urban/Background,False,False,False,n/a
44216001_10_M,sarima,5,0.0654818122472855,0.0205832216106314,0.1,False,Urban/Background,False,False,False,n/a
44216001_10_M,sarima,6,0.2131811579523137,0.0330835446133913,0.0,False,Urban/Background,False,False,False,n/a
44216001_10_M,sarima,7,0.1847786766248785,0.0333854206973176,0.0,False,Urban/Background,False,False,False,n/a
44216001_10_M,seasonal_naive,1,-0.5298804010487466,1.0166469191397804,0.337995337995338,True,Urban/Background,False,False,False,n/a
44216001_10_M,seasonal_naive,2,-0.1319152568402384,1.0095557133800994,0.3348837209302325,False,Urban/Background,False,False,False,n/a
44216001_10_M,seasonal_naive,3,-0.0671576324218659,1.0045540548596343,0.3317865429234338,False,Urban/Background,False,False,False,n/a
44216001_10_M,seasonal_naive,4,-0.037878975850824,0.9974497608941156,0.3325581395348837,False,Urban/Background,False,False,False,n/a
44216001_10_M,seasonal_naive,5,-0.0202409383586945,1.0261259861097831,0.3286713286713286,True,Urban/Background,False,False,False,n/a
44216001_10_M,seasonal_naive,6,-0.004678418568369,1.0309384262584087,0.3255813953488372,False,Urban/Background,False,False,False,n/a
44216001_10_M,seasonal_naive,7,0.0,1.0293579508285111,0.3247663551401869,False,Urban/Background,False,False,False,n/a
44216001_10_M,stl_ridge_direct,1,-1.1401601018448315,1.61254194976722,0.9766899766899768,True,Urban/Background,False,False,False,n/a
44216001_10_M,stl_ridge_direct,2,-0.6260709387183585,1.4332100951172826,0.9534883720930232,True,Urban/Background,False,False,False,n/a
44216001_10_M,stl_ridge_direct,3,-0.5306681536142857,1.366432458348089,0.951276102088167,True,Urban/Background,False,False,False,n/a
44216001_10_M,stl_ridge_direct,4,-0.4867776099678345,1.3167199649726944,0.955813953488372,True,Urban/Background,False,False,False,n/a
44216001_10_M,stl_ridge_direct,5,-0.4623634645879388,1.3137782738705877,0.9627039627039627,True,Urban/Background,False,False,False,n/a
44216001_10_M,stl_ridge_direct,6,-0.4343459222364314,1.279855364435307,0.9604651162790696,True,Urban/Background,False,False,False,n/a
44216001_10_M,stl_ridge_direct,7,-0.422329671789202,1.254711970858534,0.9626168224299064,True,Urban/Background,False,False,False,n/a
08019052_10_M,hgb_direct,1,0.0999574863552733,0.4446283854495581,0.5195729537366548,True,Suburban/Industrial,True,False,True,collapse_only
08019052_10_M,hgb_direct,2,0.1586166165421074,0.2279273815595763,0.3142857142857143,True,Suburban/Industrial,True,False,True,collapse_only
08019052_10_M,hgb_direct,3,0.1853038395262949,0.1793951021930146,0.2669039145907473,True,Suburban/Industrial,True,False,True,collapse_only
08019052_10_M,hgb_direct,4,0.2006604230219609,0.1438399136095002,0.1886120996441281,True,Suburban/Industrial,True,False,True,both
08019052_10_M,hgb_direct,5,0.1932196696590293,0.1420174190422324,0.2014388489208633,True,Suburban/Industrial,True,False,True,collapse_only
08019052_10_M,hgb_direct,6,0.1928103370552878,0.1385339733596975,0.1732851985559566,True,Suburban/Industrial,True,False,True,both
08019052_10_M,hgb_direct,7,0.2009361696148172,0.1410527721448125,0.144927536231884,True,Suburban/Industrial,True,False,True,both
08019052_10_M,ridge_direct,1,0.100794494639045,0.4496741335183056,0.505338078291815,True,Suburban/Industrial,True,False,True,collapse_only
08019052_10_M,ridge_direct,2,0.1671060445667238,0.1886691901511851,0.2892857142857143,True,Suburban/Industrial,True,False,True,collapse_only
08019052_10_M,ridge_direct,3,0.1964613215895463,0.1136939722155105,0.2028469750889679,True,Suburban/Industrial,True,False,True,collapse_only
08019052_10_M,ridge_direct,4,0.2165857753883291,0.0796024494446228,0.1530249110320284,True,Suburban/Industrial,True,False,True,both
08019052_10_M,ridge_direct,5,0.2089065771095802,0.0737490248027839,0.1438848920863309,True,Suburban/Industrial,True,False,True,both
08019052_10_M,ridge_direct,6,0.2077036038099634,0.0699766671852484,0.1407942238267148,True,Suburban/Industrial,True,False,True,both
08019052_10_M,ridge_direct,7,0.221331252041439,0.0677550965539448,0.108695652173913,True,Suburban/Industrial,True,False,True,both
08019052_10_M,sarima,1,0.225417232158123,0.7978366381107133,0.4814814814814814,False,Suburban/Industrial,False,False,False,n/a
08019052_10_M,sarima,2,0.3028664269010346,0.40652298776083,0.2285714285714285,False,Suburban/Industrial,False,False,False,n/a
08019052_10_M,sarima,3,0.3635306557978943,0.2966304018433697,0.0555555555555555,True,Suburban/Industrial,True,False,True,both
08019052_10_M,sarima,4,0.3327437167071805,0.1149175062786864,0.0263157894736842,True,Suburban/Industrial,True,False,True,both
08019052_10_M,sarima,5,0.2570871062658924,0.0851224583671629,0.0263157894736842,False,Suburban/Industrial,False,False,False,n/a
08019052_10_M,sarima,6,0.2719703049404761,0.0666365630513324,0.0263157894736842,True,Suburban/Industrial,True,False,True,both
08019052_10_M,sarima,7,0.3268401965305357,0.1057172624870537,0.0256410256410256,True,Suburban/Industrial,True,False,True,both
08019052_10_M,seasonal_naive,1,-0.4226660906422903,0.9869162245106438,0.2669039145907473,True,Suburban/Industrial,False,False,False,n/a
08019052_10_M,seasonal_naive,2,-0.1470092648506853,0.9929140605474328,0.2642857142857143,True,Suburban/Industrial,False,False,False,n/a
08019052_10_M,seasonal_naive,3,-0.0658851666687303,0.9925306971875212,0.2633451957295373,False,Suburban/Industrial,False,False,False,n/a
08019052_10_M,seasonal_naive,4,-0.0213629737522804,0.9934469628307764,0.2597864768683274,False,Suburban/Industrial,False,False,False,n/a
08019052_10_M,seasonal_naive,5,-0.0305419571186007,1.01076141065923,0.2625899280575539,True,Suburban/Industrial,False,False,False,n/a
08019052_10_M,seasonal_naive,6,-0.0264110345798069,1.0144519334982938,0.2635379061371841,True,Suburban/Industrial,False,False,False,n/a
08019052_10_M,seasonal_naive,7,0.0,1.016937402337008,0.2644927536231884,False,Suburban/Industrial,False,False,False,n/a
08019052_10_M,stl_ridge_direct,1,-1.9979901739483257,1.7906974344495048,0.99288256227758,True,Suburban/Industrial,False,False,False,n/a
08019052_10_M,stl_ridge_direct,2,-1.4688396735544145,1.6171520940263626,0.9892857142857144,True,Suburban/Industrial,False,False,False,n/a
08019052_10_M,stl_ridge_direct,3,-1.3032972070423945,1.5181198779424134,0.9857651245551602,True,Suburban/Industrial,False,False,False,n/a
08019052_10_M,stl_ridge_direct,4,-1.2147754731731355,1.4686061528880838,0.98220640569395,True,Suburban/Industrial,False,False,False,n/a
08019052_10_M,stl_ridge_direct,5,-1.2450785657120482,1.4413658927554949,0.9784172661870504,True,Suburban/Industrial,False,False,False,n/a
08019052_10_M,stl_ridge_direct,6,-1.239413422297413,1.3858101027922156,0.9819494584837544,True,Suburban/Industrial,False,False,False,n/a
08019052_10_M,stl_ridge_direct,7,-1.1851703393464763,1.3705380834373673,0.9927536231884058,True,Suburban/Industrial,False,False,False,n/a
50008001_10_M,hgb_direct,1,0.0846597532126622,0.432872242323901,0.5439024390243903,True,Suburban/Traffic,True,False,True,collapse_only
50008001_10_M,hgb_direct,2,0.1670035556514706,0.225581201831729,0.2604422604422604,True,Suburban/Traffic,True,False,True,collapse_only
50008001_10_M,hgb_direct,3,0.1988231978650368,0.1715873705065659,0.1970443349753694,True,Suburban/Traffic,True,False,True,both
50008001_10_M,hgb_direct,4,0.2061545569068243,0.1588697375123192,0.1604938271604938,True,Suburban/Traffic,True,False,True,both
50008001_10_M,hgb_direct,5,0.2210477892411335,0.157997717084472,0.1506172839506173,True,Suburban/Traffic,True,False,True,both
50008001_10_M,hgb_direct,6,0.2114337080941231,0.145932343014624,0.1695331695331695,True,Suburban/Traffic,True,False,True,both
50008001_10_M,hgb_direct,7,0.2095606027768186,0.1420807853693969,0.1867321867321867,True,Suburban/Traffic,True,False,True,both
50008001_10_M,ridge_direct,1,0.1059603614978836,0.4175368143953776,0.5463414634146342,True,Suburban/Traffic,True,False,True,collapse_only
50008001_10_M,ridge_direct,2,0.1878363144274183,0.1750717102833572,0.2604422604422604,True,Suburban/Traffic,True,False,True,collapse_only
50008001_10_M,ridge_direct,3,0.2229593657752616,0.1119357999049645,0.1773399014778325,True,Suburban/Traffic,True,False,True,both
50008001_10_M,ridge_direct,4,0.2314734407010295,0.0935955092405453,0.1432098765432098,True,Suburban/Traffic,True,False,True,both
50008001_10_M,ridge_direct,5,0.2390790125694282,0.0837018230282301,0.1259259259259259,True,Suburban/Traffic,True,False,True,both
50008001_10_M,ridge_direct,6,0.2307674704489263,0.078326572667953,0.1105651105651105,True,Suburban/Traffic,True,False,True,both
50008001_10_M,ridge_direct,7,0.2282345519486226,0.0767109231644982,0.1203931203931203,True,Suburban/Traffic,True,False,True,both
50008001_10_M,sarima,1,0.0843731339435583,0.4555358478862475,0.5813953488372093,False,Suburban/Traffic,False,False,False,n/a
50008001_10_M,sarima,2,0.1339127840841226,0.157973594626209,0.3409090909090909,True,Suburban/Traffic,True,False,True,collapse_only
50008001_10_M,sarima,3,0.2550870112436245,0.1205610695719694,0.2222222222222222,True,Suburban/Traffic,True,False,True,collapse_only
50008001_10_M,sarima,4,0.2076539480198088,0.0547151344105457,0.0652173913043478,True,Suburban/Traffic,True,False,True,both
50008001_10_M,sarima,5,0.2141559040956496,0.02456882094914,0.0238095238095238,True,Suburban/Traffic,True,False,True,both
50008001_10_M,sarima,6,0.2159494494037475,0.0270007863183342,0.0,True,Suburban/Traffic,True,False,True,both
50008001_10_M,sarima,7,0.1719703737327858,0.0337263693592652,0.0217391304347826,True,Suburban/Traffic,True,False,True,both
50008001_10_M,seasonal_naive,1,-0.4542819177939778,0.9920133925120616,0.3707317073170731,True,Suburban/Traffic,False,False,False,n/a
50008001_10_M,seasonal_naive,2,-0.0988469281936628,0.9997813584215014,0.3759213759213759,True,Suburban/Traffic,False,False,False,n/a
50008001_10_M,seasonal_naive,3,-0.0104451906971025,0.9743238693501788,0.3694581280788177,False,Suburban/Traffic,False,False,False,n/a
50008001_10_M,seasonal_naive,4,0.0061734964084948,0.9821481584941124,0.3679012345679012,False,Suburban/Traffic,False,False,False,n/a
50008001_10_M,seasonal_naive,5,0.0215743195368932,0.988322475370984,0.3679012345679012,False,Suburban/Traffic,False,False,False,n/a
50008001_10_M,seasonal_naive,6,0.0076283491589894,0.9955002916141974,0.366093366093366,False,Suburban/Traffic,False,False,False,n/a
50008001_10_M,seasonal_naive,7,0.0,1.0005973581401912,0.366093366093366,False,Suburban/Traffic,False,False,False,n/a
50008001_10_M,stl_ridge_direct,1,-1.5770204627131492,1.7798855086703778,0.9682926829268292,True,Suburban/Traffic,False,False,False,n/a
50008001_10_M,stl_ridge_direct,2,-0.9727806008019416,1.6494318536043893,0.9606879606879608,True,Suburban/Traffic,False,False,False,n/a
50008001_10_M,stl_ridge_direct,3,-0.8119718622900411,1.5446812319558,0.958128078817734,True,Suburban/Traffic,False,False,False,n/a
50008001_10_M,stl_ridge_direct,4,-0.7772349668460992,1.4726645500494773,0.9580246913580248,True,Suburban/Traffic,False,False,False,n/a
50008001_10_M,stl_ridge_direct,5,-0.7489442276330229,1.4187819405739974,0.9580246913580248,True,Suburban/Traffic,False,False,False,n/a
50008001_10_M,stl_ridge_direct,6,-0.7631393700244054,1.3465655237612384,0.9705159705159704,True,Suburban/Traffic,False,False,False,n/a
50008001_10_M,stl_ridge_direct,7,-0.7703892884850547,1.303947013027621,0.9705159705159704,True,Suburban/Traffic,False,False,False,n/a
08019045_10_M,hgb_direct,1,0.0981343420721223,0.4360918645718678,0.5029239766081871,False,Urban/Background,False,False,False,n/a
08019045_10_M,hgb_direct,2,0.1507049702509407,0.2263860517111045,0.3147058823529411,True,Urban/Background,True,False,True,collapse_only
08019045_10_M,hgb_direct,3,0.1821960317857415,0.1443859922189581,0.1887905604719764,True,Urban/Background,True,False,True,both
08019045_10_M,hgb_direct,4,0.2167163652989592,0.0954931110293624,0.1398809523809523,True,Urban/Background,True,False,True,both
08019045_10_M,hgb_direct,5,0.2181701627557102,0.0890719463894342,0.1411764705882353,True,Urban/Background,True,False,True,both
08019045_10_M,hgb_direct,6,0.2119144262615816,0.0810139061455848,0.1166180758017492,True,Urban/Background,True,False,True,both
08019045_10_M,hgb_direct,7,0.2070338077574712,0.0791106016272115,0.0823529411764705,True,Urban/Background,True,False,True,both
08019045_10_M,ridge_direct,1,0.0941855775586321,0.4433900563206617,0.5,True,Urban/Background,True,False,True,collapse_only
08019045_10_M,ridge_direct,2,0.1609789723725999,0.1763445609768441,0.2705882352941176,True,Urban/Background,True,False,True,collapse_only
08019045_10_M,ridge_direct,3,0.2035490639221941,0.0847586291291365,0.1592920353982301,True,Urban/Background,True,False,True,both
08019045_10_M,ridge_direct,4,0.2360155704601227,0.0476688167541653,0.1011904761904761,True,Urban/Background,True,False,True,both
08019045_10_M,ridge_direct,5,0.2413268123381637,0.0432605714863025,0.0794117647058823,True,Urban/Background,True,False,True,both
08019045_10_M,ridge_direct,6,0.2358624863847505,0.0368235896488206,0.0699708454810495,True,Urban/Background,True,False,True,both
08019045_10_M,ridge_direct,7,0.2329908239005792,0.0339551103942123,0.0470588235294117,True,Urban/Background,True,False,True,both
08019045_10_M,sarima,1,0.152067846604338,0.7606391377573289,0.5365853658536586,False,Urban/Background,False,False,False,n/a
08019045_10_M,sarima,2,0.2279081871399637,0.2933102725800243,0.3157894736842105,False,Urban/Background,False,False,False,n/a
08019045_10_M,sarima,3,0.3007737474075614,0.1706555822445473,0.2045454545454545,False,Urban/Background,False,False,False,n/a
08019045_10_M,sarima,4,0.3269467632766175,0.0797308475249661,0.0476190476190476,False,Urban/Background,False,False,False,n/a
08019045_10_M,sarima,5,0.3685045295534584,0.0671574041430181,0.0263157894736842,False,Urban/Background,False,False,False,n/a
08019045_10_M,sarima,6,0.2941841202772949,0.0489673729445369,0.0263157894736842,False,Urban/Background,False,False,False,n/a
08019045_10_M,sarima,7,0.2974094654665165,0.0198994323456124,0.0465116279069767,False,Urban/Background,False,False,False,n/a
08019045_10_M,seasonal_naive,1,-0.4576093599344706,0.970720929782561,0.3070175438596491,True,Urban/Background,False,False,False,n/a
08019045_10_M,seasonal_naive,2,-0.1754867510055717,0.9794323854265083,0.3088235294117647,True,Urban/Background,False,False,False,n/a
08019045_10_M,seasonal_naive,3,-0.0636489062014111,0.9757033615661312,0.3126843657817109,False,Urban/Background,False,False,False,n/a
08019045_10_M,seasonal_naive,4,0.000513310917791,0.9748072326737028,0.3154761904761904,False,Urban/Background,False,False,False,n/a
08019045_10_M,seasonal_naive,5,0.0096181391011882,0.9818523299688944,0.3176470588235294,False,Urban/Background,False,False,False,n/a
08019045_10_M,seasonal_naive,6,0.0057623139017154,0.9607184802411152,0.3090379008746355,False,Urban/Background,False,False,False,n/a
08019045_10_M,seasonal_naive,7,0.0,0.9767204926369416,0.3147058823529411,False,Urban/Background,False,False,False,n/a
08019045_10_M,stl_ridge_direct,1,-2.0510811305465904,1.690872896533437,1.0,True,Urban/Background,False,False,False,n/a
08019045_10_M,stl_ridge_direct,2,-1.486377026514044,1.488918527754045,0.9970588235294118,True,Urban/Background,False,False,False,n/a
08019045_10_M,stl_ridge_direct,3,-1.259809414325558,1.3982542231729098,0.9941002949852508,True,Urban/Background,False,False,False,n/a
08019045_10_M,stl_ridge_direct,4,-1.1244847357631755,1.341194188461469,1.0,True,Urban/Background,False,False,False,n/a
08019045_10_M,stl_ridge_direct,5,-1.102560533528839,1.3119822232464655,1.0,True,Urban/Background,False,False,False,n/a
08019045_10_M,stl_ridge_direct,6,-1.0969200028271249,1.2320718869299625,1.0,True,Urban/Background,False,False,False,n/a
08019045_10_M,stl_ridge_direct,7,-1.1140258564241523,1.2289068855444327,1.0,True,Urban/Background,False,False,False,n/a
03014002_10_M,hgb_direct,1,0.0545432047835262,0.2980932035616973,0.5155709342560554,False,Suburban/Industrial,False,False,False,n/a
03014002_10_M,hgb_direct,2,0.2074180430237674,0.1637044787714371,0.3066202090592334,True,Suburban/Industrial,True,False,True,collapse_only
03014002_10_M,hgb_direct,3,0.2358890778091833,0.1295924754776451,0.2404181184668989,True,Suburban/Industrial,True,False,True,collapse_only
03014002_10_M,hgb_direct,4,0.2421463973791151,0.1194146001058735,0.2260273972602739,True,Suburban/Industrial,True,False,True,collapse_only
03014002_10_M,hgb_direct,5,0.2536119461106551,0.1040043978229446,0.2074829931972789,True,Suburban/Industrial,True,False,True,collapse_only
03014002_10_M,hgb_direct,6,0.2508762662428327,0.1012726638807586,0.1924398625429553,True,Suburban/Industrial,True,False,True,both
03014002_10_M,hgb_direct,7,0.2378516414402605,0.1020102009595247,0.1527777777777778,True,Suburban/Industrial,True,False,True,both
03014002_10_M,ridge_direct,1,0.1068243052570685,0.2648966469796901,0.3806228373702422,False,Suburban/Industrial,False,False,False,n/a
03014002_10_M,ridge_direct,2,0.2264146319696041,0.0798748738835058,0.1672473867595819,True,Suburban/Industrial,True,False,True,both
03014002_10_M,ridge_direct,3,0.2578848238331962,0.0371668686742623,0.0905923344947735,True,Suburban/Industrial,True,False,True,both
03014002_10_M,ridge_direct,4,0.2715063488548955,0.0234841531430121,0.047945205479452,True,Suburban/Industrial,True,False,True,both
03014002_10_M,ridge_direct,5,0.2781987813347364,0.0290588671451635,0.0714285714285714,True,Suburban/Industrial,True,False,True,both
03014002_10_M,ridge_direct,6,0.2800379270533902,0.0367634559025588,0.1134020618556701,True,Suburban/Industrial,True,False,True,both
03014002_10_M,ridge_direct,7,0.2717268157502217,0.0330594389894317,0.125,True,Suburban/Industrial,True,False,True,both
03014002_10_M,sarima,1,-0.0460140053356599,0.0517967942749496,0.4375,False,Suburban/Industrial,False,False,False,n/a
03014002_10_M,sarima,2,-0.0070258483928693,0.0301821838606212,0.1111111111111111,False,Suburban/Industrial,False,False,False,n/a
03014002_10_M,sarima,3,0.2339225517747595,0.028385158746944,0.0,True,Suburban/Industrial,True,False,True,both
03014002_10_M,sarima,4,0.2479131466958791,0.0116666885308638,0.0,True,Suburban/Industrial,True,False,True,both
03014002_10_M,sarima,5,0.127818294381531,0.003095626624963,0.0,True,Suburban/Industrial,True,False,True,both
03014002_10_M,sarima,6,0.08973280811703,0.0016483196066309,0.0,True,Suburban/Industrial,True,False,True,both
03014002_10_M,sarima,7,0.2217535084576362,0.0049555503436443,0.0,True,Suburban/Industrial,True,False,True,both
03014002_10_M,seasonal_naive,1,-0.5820662647666237,1.3124697247858397,0.2525951557093425,True,Suburban/Industrial,False,False,False,n/a
03014002_10_M,seasonal_naive,2,-0.1912908811513025,1.3108098487646214,0.2473867595818815,False,Suburban/Industrial,False,False,False,n/a
03014002_10_M,seasonal_naive,3,-0.1141022420372301,1.296043414361797,0.2578397212543554,False,Suburban/Industrial,False,False,False,n/a
03014002_10_M,seasonal_naive,4,-0.0732680967064896,1.2401768615386688,0.2602739726027397,False,Suburban/Industrial,False,False,False,n/a
03014002_10_M,seasonal_naive,5,-0.0561755911083006,1.220635100988062,0.272108843537415,False,Suburban/Industrial,False,False,False,n/a
03014002_10_M,seasonal_naive,6,-0.0173186221478531,1.0710752538159911,0.281786941580756,False,Suburban/Industrial,False,False,False,n/a
03014002_10_M,seasonal_naive,7,0.0,0.964750532639048,0.2951388888888889,False,Suburban/Industrial,False,False,False,n/a
03014002_10_M,stl_ridge_direct,1,-1.28855624225073,1.642356629381014,0.9896193771626296,True,Suburban/Industrial,False,False,False,n/a
03014002_10_M,stl_ridge_direct,2,-0.747120424710628,1.472850521013925,0.989547038327526,True,Suburban/Industrial,False,False,False,n/a
03014002_10_M,stl_ridge_direct,3,-0.6248225401105085,1.3700053749435843,0.9965156794425089,True,Suburban/Industrial,False,False,False,n/a
03014002_10_M,stl_ridge_direct,4,-0.5566452254443988,1.283954012930507,0.9965753424657534,True,Suburban/Industrial,False,False,False,n/a
03014002_10_M,stl_ridge_direct,5,-0.5291724152501194,1.242907748574815,1.0,True,Suburban/Industrial,False,False,False,n/a
03014002_10_M,stl_ridge_direct,6,-0.4975317643858783,1.0940319424526166,1.0,True,Suburban/Industrial,False,False,False,n/a
03014002_10_M,stl_ridge_direct,7,-0.4921674853675131,0.9797059419083552,1.0,True,Suburban/Industrial,False,False,False,n/a
46263999_10_M,hgb_direct,1,0.0576745356631105,0.3867637663588691,0.6925064599483204,False,Rural Remote EMEP,False,False,False,n/a
46263999_10_M,hgb_direct,2,0.1944010198200222,0.1955083502333943,0.5408163265306123,True,Rural Remote EMEP,True,False,True,collapse_only
46263999_10_M,hgb_direct,3,0.2313148450813498,0.1340004470383874,0.473551637279597,True,Rural Remote EMEP,True,False,True,collapse_only
46263999_10_M,hgb_direct,4,0.2350524348857933,0.1079540983125341,0.4181360201511335,True,Rural Remote EMEP,True,False,True,collapse_only
46263999_10_M,hgb_direct,5,0.2158380294562084,0.0928018694326719,0.3725,True,Rural Remote EMEP,True,False,True,collapse_only
46263999_10_M,hgb_direct,6,0.2122987011351359,0.0793759082652726,0.36,True,Rural Remote EMEP,True,False,True,collapse_only
46263999_10_M,hgb_direct,7,0.2047846046271658,0.0783525631458926,0.3508771929824561,True,Rural Remote EMEP,True,False,True,collapse_only
46263999_10_M,ridge_direct,1,0.0852153086153748,0.4755109408749368,0.6692506459948321,True,Rural Remote EMEP,True,False,True,collapse_only
46263999_10_M,ridge_direct,2,0.1800284101493156,0.2289217304349452,0.4515306122448979,True,Rural Remote EMEP,True,False,True,collapse_only
46263999_10_M,ridge_direct,3,0.2189869172535209,0.1419788223533167,0.36272040302267,True,Rural Remote EMEP,True,False,True,collapse_only
46263999_10_M,ridge_direct,4,0.2246462771083498,0.1077596206531649,0.3148614609571788,True,Rural Remote EMEP,True,False,True,collapse_only
46263999_10_M,ridge_direct,5,0.2077774999457512,0.0874297364441652,0.2775,True,Rural Remote EMEP,True,False,True,collapse_only
46263999_10_M,ridge_direct,6,0.208160151566629,0.0783494121830458,0.27,True,Rural Remote EMEP,True,False,True,collapse_only
46263999_10_M,ridge_direct,7,0.2064613695421264,0.0677558416154959,0.2531328320802005,True,Rural Remote EMEP,True,False,True,collapse_only
46263999_10_M,sarima,1,0.1461155756160355,0.5307389325344523,0.6956521739130435,False,Rural Remote EMEP,False,False,False,n/a
46263999_10_M,sarima,2,0.0782767753261056,0.1499568563458232,0.3725490196078431,False,Rural Remote EMEP,False,False,False,n/a
46263999_10_M,sarima,3,0.0876360349409425,0.0506705876995868,0.3958333333333333,False,Rural Remote EMEP,False,False,False,n/a
46263999_10_M,sarima,4,0.2495542186014008,0.0903109842064008,0.24,False,Rural Remote EMEP,False,False,False,n/a
46263999_10_M,sarima,5,0.3270361752893018,0.0797103120027165,0.1111111111111111,False,Rural Remote EMEP,False,False,False,n/a
46263999_10_M,sarima,6,0.3003059777732562,0.0850048078825685,0.0454545454545454,False,Rural Remote EMEP,False,False,False,n/a
46263999_10_M,sarima,7,0.1495592589263198,0.0397630068284785,0.0238095238095238,False,Rural Remote EMEP,False,False,False,n/a
46263999_10_M,seasonal_naive,1,-0.7016714016935104,1.313613457248389,0.421188630490956,True,Rural Remote EMEP,False,False,False,n/a
46263999_10_M,seasonal_naive,2,-0.2256678692312941,1.295507767133707,0.4209183673469387,True,Rural Remote EMEP,False,False,False,n/a
46263999_10_M,seasonal_naive,3,-0.099388999661014,1.1810735501461755,0.4105793450881612,False,Rural Remote EMEP,False,False,False,n/a
46263999_10_M,seasonal_naive,4,-0.0723208467300837,1.116622568561022,0.4055415617128463,False,Rural Remote EMEP,False,False,False,n/a
46263999_10_M,seasonal_naive,5,-0.0301146774267071,0.8661511534785976,0.3925,False,Rural Remote EMEP,False,False,False,n/a
46263999_10_M,seasonal_naive,6,-0.0069080095242777,0.7914481731281748,0.395,False,Rural Remote EMEP,False,False,False,n/a
46263999_10_M,seasonal_naive,7,0.0,0.7535175583894964,0.3884711779448621,False,Rural Remote EMEP,False,False,False,n/a
46263999_10_M,stl_ridge_direct,1,-1.243273564187279,1.9811487271746209,0.979328165374677,True,Rural Remote EMEP,False,False,False,n/a
46263999_10_M,stl_ridge_direct,2,-0.6772051326064006,1.8166911587040944,0.9770408163265306,True,Rural Remote EMEP,False,False,False,n/a
46263999_10_M,stl_ridge_direct,3,-0.5039775306055656,1.6141794357141774,0.9748110831234256,True,Rural Remote EMEP,False,False,False,n/a
46263999_10_M,stl_ridge_direct,4,-0.4473887200197133,1.4863231574296032,0.9722921914357684,True,Rural Remote EMEP,False,False,False,n/a
46263999_10_M,stl_ridge_direct,5,-0.3732407032105855,1.1827497847885304,0.97,True,Rural Remote EMEP,False,False,False,n/a
46263999_10_M,stl_ridge_direct,6,-0.3430493175813982,1.0952809994232502,0.9675,True,Rural Remote EMEP,False,False,False,n/a
46263999_10_M,stl_ridge_direct,7,-0.3157186396243172,1.01750765830664,0.9674185463659148,True,Rural Remote EMEP,False,False,False,n/a
43004005_10_M,hgb_direct,1,0.0825095674380311,0.4472329047300538,0.5174603174603175,False,Rural Near-city/Industrial,False,False,False,n/a
43004005_10_M,hgb_direct,2,0.1491276983719101,0.2203492515436525,0.3069620253164557,True,Rural Near-city/Industrial,True,False,True,collapse_only
43004005_10_M,hgb_direct,3,0.1614387247026361,0.1571593075670126,0.2165605095541401,True,Rural Near-city/Industrial,True,False,True,collapse_only
43004005_10_M,hgb_direct,4,0.1973635493963782,0.1254287678784028,0.1725239616613418,True,Rural Near-city/Industrial,True,False,True,both
43004005_10_M,hgb_direct,5,0.2122394069568375,0.0941318370262501,0.108626198083067,True,Rural Near-city/Industrial,True,False,True,both
43004005_10_M,hgb_direct,6,0.2038831608350912,0.0950831695901777,0.0987261146496815,True,Rural Near-city/Industrial,True,False,True,both
43004005_10_M,hgb_direct,7,0.2178902670666233,0.0875479223831554,0.1057692307692307,True,Rural Near-city/Industrial,True,False,True,both
43004005_10_M,ridge_direct,1,0.1043771266752907,0.415793107156367,0.5047619047619047,True,Rural Near-city/Industrial,True,False,True,collapse_only
43004005_10_M,ridge_direct,2,0.1737851287279077,0.1709816964203485,0.2911392405063291,True,Rural Near-city/Industrial,True,False,True,collapse_only
43004005_10_M,ridge_direct,3,0.1895872857958079,0.0985308889047165,0.1624203821656051,True,Rural Near-city/Industrial,True,False,True,both
43004005_10_M,ridge_direct,4,0.2203488841826861,0.0491729863008958,0.1182108626198083,True,Rural Near-city/Industrial,True,False,True,both
43004005_10_M,ridge_direct,5,0.2343299165213771,0.0326642324711901,0.0734824281150159,True,Rural Near-city/Industrial,True,False,True,both
43004005_10_M,ridge_direct,6,0.2296002117316347,0.0305645436182837,0.0605095541401273,True,Rural Near-city/Industrial,True,False,True,both
43004005_10_M,ridge_direct,7,0.2419475603259524,0.026375047385708,0.0544871794871794,True,Rural Near-city/Industrial,True,False,True,both
43004005_10_M,sarima,1,0.0222567812982883,0.2674366581098201,0.4736842105263157,False,Rural Near-city/Industrial,False,False,False,n/a
43004005_10_M,sarima,2,0.0418672969534698,0.1196333937348953,0.2307692307692307,False,Rural Near-city/Industrial,False,False,False,n/a
43004005_10_M,sarima,3,0.0415278060949625,0.0691456451854457,0.0975609756097561,False,Rural Near-city/Industrial,False,False,False,n/a
43004005_10_M,sarima,4,0.170385188531993,0.0415208678384987,0.0333333333333333,True,Rural Near-city/Industrial,True,False,True,both
43004005_10_M,sarima,5,0.1350599014555196,0.0316141281588943,0.0277777777777777,False,Rural Near-city/Industrial,False,False,False,n/a
43004005_10_M,sarima,6,0.2015098283533729,0.0311211514936012,0.0285714285714285,True,Rural Near-city/Industrial,True,False,True,both
43004005_10_M,sarima,7,0.1887875480506626,0.0287783888640554,0.0303030303030303,True,Rural Near-city/Industrial,True,False,True,both
43004005_10_M,seasonal_naive,1,-0.4705907946525709,1.022647862590112,0.2952380952380952,True,Rural Near-city/Industrial,False,False,False,n/a
43004005_10_M,seasonal_naive,2,-0.1746273090153716,1.0465578891700649,0.2943037974683544,True,Rural Near-city/Industrial,False,False,False,n/a
43004005_10_M,seasonal_naive,3,-0.1188339221514591,1.0475739169886649,0.2898089171974522,False,Rural Near-city/Industrial,False,False,False,n/a
43004005_10_M,seasonal_naive,4,-0.0473076693024721,1.036204510488659,0.2907348242811501,False,Rural Near-city/Industrial,False,False,False,n/a
43004005_10_M,seasonal_naive,5,-0.0149397006753866,1.0331211093894197,0.2939297124600639,False,Rural Near-city/Industrial,False,False,False,n/a
43004005_10_M,seasonal_naive,6,-0.0191827794486592,1.034870113048145,0.2929936305732484,False,Rural Near-city/Industrial,False,False,False,n/a
43004005_10_M,seasonal_naive,7,0.0,1.0383755755133606,0.2916666666666667,False,Rural Near-city/Industrial,False,False,False,n/a
43004005_10_M,stl_ridge_direct,1,-1.736948984690982,1.7382910333109234,0.9809523809523808,True,Rural Near-city/Industrial,False,False,False,n/a
43004005_10_M,stl_ridge_direct,2,-1.2333100253323654,1.596631303724902,0.9841772151898734,True,Rural Near-city/Industrial,False,False,False,n/a
43004005_10_M,stl_ridge_direct,3,-1.122676075447314,1.4963358331121368,0.9840764331210192,True,Rural Near-city/Industrial,False,False,False,n/a
43004005_10_M,stl_ridge_direct,4,-0.984541186056348,1.4034827909733103,0.9840255591054312,True,Rural Near-city/Industrial,False,False,False,n/a
43004005_10_M,stl_ridge_direct,5,-0.9170455140463598,1.32142698702763,0.9936102236421726,True,Rural Near-city/Industrial,False,False,False,n/a
43004005_10_M,stl_ridge_direct,6,-0.9125925903309258,1.2563150394097653,0.9936305732484076,True,Rural Near-city/Industrial,False,False,False,n/a
43004005_10_M,stl_ridge_direct,7,-0.8708483180589193,1.2344458382197825,0.9935897435897436,True,Rural Near-city/Industrial,False,False,False,n/a
22125001_10_M,hgb_direct,1,0.0658780575519581,0.544090062862485,0.5728155339805825,True,Urban/Traffic,True,True,False,no_change
22125001_10_M,hgb_direct,2,0.1466647056443955,0.266817231027285,0.2591687041564792,True,Urban/Traffic,True,False,True,collapse_only
22125001_10_M,hgb_direct,3,0.1852059195971299,0.1620643707804204,0.1887254901960784,True,Urban/Traffic,True,False,True,both
22125001_10_M,hgb_direct,4,0.2134784483810844,0.1122661701184632,0.1200980392156862,True,Urban/Traffic,True,False,True,both
22125001_10_M,hgb_direct,5,0.2226269730998128,0.0827552574156867,0.0684596577017114,True,Urban/Traffic,True,False,True,both
22125001_10_M,hgb_direct,6,0.2249282147411214,0.078592780757209,0.0757946210268948,True,Urban/Traffic,True,False,True,both
22125001_10_M,hgb_direct,7,0.2269217096230159,0.0836911235755352,0.0808823529411764,True,Urban/Traffic,True,False,True,both
22125001_10_M,ridge_direct,1,0.0899913882371304,0.4947090084535672,0.6140776699029126,True,Urban/Traffic,True,False,True,collapse_only
22125001_10_M,ridge_direct,2,0.1625051073504467,0.1926319858321604,0.295843520782396,True,Urban/Traffic,True,False,True,collapse_only
22125001_10_M,ridge_direct,3,0.1982633813027889,0.1053565420650167,0.1397058823529411,True,Urban/Traffic,True,False,True,both
22125001_10_M,ridge_direct,4,0.2253165049660748,0.0632921131551645,0.0759803921568627,True,Urban/Traffic,True,False,True,both
22125001_10_M,ridge_direct,5,0.2363710388763534,0.0391294359120388,0.0440097799511002,True,Urban/Traffic,True,False,True,both
22125001_10_M,ridge_direct,6,0.2426977596252166,0.0275201542836734,0.0342298288508557,True,Urban/Traffic,True,False,True,both
22125001_10_M,ridge_direct,7,0.2484886052354199,0.0240964653584172,0.0196078431372549,True,Urban/Traffic,True,False,True,both
22125001_10_M,sarima,1,0.0811923919386752,0.574150209152127,0.6304347826086957,False,Urban/Traffic,False,False,False,n/a
22125001_10_M,sarima,2,0.1587614133554286,0.2660492234066146,0.3333333333333333,False,Urban/Traffic,False,False,False,n/a
22125001_10_M,sarima,3,0.1794296071239648,0.1449874713767845,0.2127659574468085,True,Urban/Traffic,True,False,True,collapse_only
22125001_10_M,sarima,4,0.2298152657230086,0.0559295031790735,0.0851063829787234,True,Urban/Traffic,True,False,True,both
22125001_10_M,sarima,5,0.3339968187699137,0.0490197138362109,0.0512820512820512,True,Urban/Traffic,True,False,True,both
22125001_10_M,sarima,6,0.3371266868999995,0.0305963277156596,0.0666666666666666,True,Urban/Traffic,True,False,True,both
22125001_10_M,sarima,7,0.2416453535293454,0.0311635816101488,0.0204081632653061,True,Urban/Traffic,True,False,True,both
22125001_10_M,seasonal_naive,1,-0.6219167266933707,1.0089158549297432,0.3349514563106796,True,Urban/Traffic,False,False,False,n/a
22125001_10_M,seasonal_naive,2,-0.2185080380855206,1.0031998683691996,0.3325183374083129,True,Urban/Traffic,False,False,False,n/a
22125001_10_M,seasonal_naive,3,-0.1100061131073608,1.0217641125071335,0.3357843137254901,True,Urban/Traffic,False,False,False,n/a
22125001_10_M,seasonal_naive,4,-0.042653666784745,1.0096249978419385,0.3431372549019608,False,Urban/Traffic,False,False,False,n/a
22125001_10_M,seasonal_naive,5,-0.0167514406296003,1.0082847449434178,0.3520782396088019,False,Urban/Traffic,False,False,False,n/a
22125001_10_M,seasonal_naive,6,-0.0063009753792186,1.01311059664435,0.3545232273838631,False,Urban/Traffic,False,False,False,n/a
22125001_10_M,seasonal_naive,7,0.0,1.014252454196186,0.3529411764705882,False,Urban/Traffic,False,False,False,n/a
22125001_10_M,stl_ridge_direct,1,-1.6566203307545484,1.7691529178559249,0.9781553398058253,True,Urban/Traffic,False,False,False,n/a
22125001_10_M,stl_ridge_direct,2,-1.016607839183413,1.581823452074154,0.9657701711491442,True,Urban/Traffic,False,False,False,n/a
22125001_10_M,stl_ridge_direct,3,-0.8352210916413987,1.5032139478641224,0.9509803921568628,True,Urban/Traffic,False,False,False,n/a
22125001_10_M,stl_ridge_direct,4,-0.7125130310509078,1.4017498357595457,0.9534313725490196,True,Urban/Traffic,False,False,False,n/a
22125001_10_M,stl_ridge_direct,5,-0.6582253557761379,1.3168979002075991,0.9584352078239609,True,Urban/Traffic,False,False,False,n/a
22125001_10_M,stl_ridge_direct,6,-0.6349028276566269,1.2540037402205562,0.9584352078239609,True,Urban/Traffic,False,False,False,n/a
22125001_10_M,stl_ridge_direct,7,-0.6188295002731432,1.2146075508045262,0.9632352941176472,True,Urban/Traffic,False,False,False,n/a
44013007_10_M,hgb_direct,1,0.1775177996783613,0.2549308919802796,0.4820627802690583,True,Urban/Industrial,True,False,True,collapse_only
44013007_10_M,hgb_direct,2,0.255330757399563,0.1790067720440561,0.3431151241534989,True,Urban/Industrial,True,False,True,collapse_only
44013007_10_M,hgb_direct,3,0.2812110307095371,0.1722648621392002,0.3438914027149321,True,Urban/Industrial,True,False,True,collapse_only
44013007_10_M,hgb_direct,4,0.3031680632945924,0.1639615075882175,0.3066361556064073,True,Urban/Industrial,True,False,True,collapse_only
44013007_10_M,hgb_direct,5,0.308210842418793,0.1525465858102478,0.2702078521939954,True,Urban/Industrial,True,False,True,collapse_only
44013007_10_M,hgb_direct,6,0.24511340003398,0.1567231404507468,0.2651162790697674,True,Urban/Industrial,True,False,True,collapse_only
44013007_10_M,hgb_direct,7,0.1973628481456341,0.1549100925947006,0.2976744186046511,True,Urban/Industrial,True,False,True,collapse_only
44013007_10_M,ridge_direct,1,0.1752973486195908,0.2217177026388803,0.4237668161434977,True,Urban/Industrial,True,False,True,collapse_only
44013007_10_M,ridge_direct,2,0.2664130977185105,0.1072560413397015,0.2505643340857788,True,Urban/Industrial,True,False,True,collapse_only
44013007_10_M,ridge_direct,3,0.2881627091350546,0.1066452379078153,0.2375565610859728,True,Urban/Industrial,True,False,True,collapse_only
44013007_10_M,ridge_direct,4,0.3088733708188462,0.1039998472269582,0.2242562929061785,True,Urban/Industrial,True,False,True,collapse_only
44013007_10_M,ridge_direct,5,0.3129306888179469,0.0990128220275772,0.2124711316397228,True,Urban/Industrial,True,False,True,collapse_only
44013007_10_M,ridge_direct,6,0.2493738878694332,0.0962317811370601,0.1930232558139535,True,Urban/Industrial,True,False,True,both
44013007_10_M,ridge_direct,7,0.197585292614929,0.0954568783902243,0.1953488372093023,True,Urban/Industrial,True,False,True,both
44013007_10_M,sarima,1,0.2827535876450319,0.3160887131912814,0.2894736842105263,False,Urban/Industrial,False,False,False,n/a
44013007_10_M,sarima,2,0.2498636860340478,0.169327974852276,0.2888888888888888,False,Urban/Industrial,False,False,False,n/a
44013007_10_M,sarima,3,0.2254989150616876,0.0951125746527263,0.25,False,Urban/Industrial,False,False,False,n/a
44013007_10_M,sarima,4,0.3456940523163669,0.1292207512102377,0.2553191489361702,False,Urban/Industrial,False,False,False,n/a
44013007_10_M,sarima,5,0.4255155230163081,0.1727053594917063,0.1142857142857142,False,Urban/Industrial,False,False,False,n/a
44013007_10_M,sarima,6,0.3727806481608267,0.1473892809312945,0.0,False,Urban/Industrial,False,False,False,n/a
44013007_10_M,sarima,7,0.2950720028002277,0.2247738108580405,0.119047619047619,False,Urban/Industrial,False,False,False,n/a
44013007_10_M,seasonal_naive,1,-0.104380397576949,0.9561430660924822,0.3699551569506726,True,Urban/Industrial,False,False,False,n/a
44013007_10_M,seasonal_naive,2,0.0812794304513576,0.9562178400490232,0.3747178329571106,False,Urban/Industrial,False,False,False,n/a
44013007_10_M,seasonal_naive,3,0.1146749843368366,0.958138617666905,0.3800904977375565,True,Urban/Industrial,True,True,False,no_change
44013007_10_M,seasonal_naive,4,0.1416152432936309,0.9711118253489696,0.3821510297482837,True,Urban/Industrial,True,True,False,no_change
44013007_10_M,seasonal_naive,5,0.1476407771009743,0.9676357823094124,0.3833718244803695,True,Urban/Industrial,True,True,False,no_change
44013007_10_M,seasonal_naive,6,0.0700515760710263,0.9626560300122128,0.3837209302325581,True,Urban/Industrial,True,True,False,no_change
44013007_10_M,seasonal_naive,7,0.0,0.9865587802590254,0.3883720930232558,False,Urban/Industrial,False,False,False,n/a
44013007_10_M,stl_ridge_direct,1,-0.8425952129837566,1.3266581079910795,0.9887892376681614,True,Urban/Industrial,False,False,False,n/a
44013007_10_M,stl_ridge_direct,2,-0.5350037841217283,1.2608645996195706,0.981941309255079,True,Urban/Industrial,False,False,False,n/a
44013007_10_M,stl_ridge_direct,3,-0.4808067098766881,1.2448063087216623,0.9773755656108596,True,Urban/Industrial,False,False,False,n/a
44013007_10_M,stl_ridge_direct,4,-0.4452792700300121,1.2583480959650586,0.9794050343249427,True,Urban/Industrial,False,False,False,n/a
44013007_10_M,stl_ridge_direct,5,-0.4319504101058393,1.2035493991443058,0.9861431870669746,True,Urban/Industrial,False,False,False,n/a
44013007_10_M,stl_ridge_direct,6,-0.5570212652415933,1.1635577969715525,0.983720930232558,True,Urban/Industrial,False,False,False,n/a
44013007_10_M,stl_ridge_direct,7,-0.6688362634208787,1.1597385721543234,0.9906976744186048,True,Urban/Industrial,False,False,False,n/a
08019004_10_M,hgb_direct,1,0.0921807124535031,0.4932608970988938,0.4120171673819742,True,Urban/Background,True,False,True,collapse_only
08019004_10_M,hgb_direct,2,0.1415381101030542,0.228797926679686,0.2121212121212121,True,Urban/Background,True,False,True,collapse_only
08019004_10_M,hgb_direct,3,0.1396250003658291,0.1810466567753779,0.1982758620689655,True,Urban/Background,True,False,True,both
08019004_10_M,hgb_direct,4,0.1739263808280868,0.1664879570472411,0.1983122362869198,True,Urban/Background,True,False,True,both
08019004_10_M,hgb_direct,5,0.1781520023341559,0.1636868542880254,0.1757322175732217,True,Urban/Background,True,False,True,both
08019004_10_M,hgb_direct,6,0.1723830195311023,0.1602703255826596,0.175,True,Urban/Background,True,False,True,both
08019004_10_M,hgb_direct,7,0.1773667396297504,0.1498721832153405,0.15,True,Urban/Background,True,False,True,both
08019004_10_M,ridge_direct,1,0.0943243775351351,0.4496270936663591,0.3948497854077253,True,Urban/Background,True,False,True,collapse_only
08019004_10_M,ridge_direct,2,0.154548389101721,0.1609637657642549,0.1645021645021645,True,Urban/Background,True,False,True,both
08019004_10_M,ridge_direct,3,0.1724499766895078,0.1077307067742243,0.1293103448275862,True,Urban/Background,True,False,True,both
08019004_10_M,ridge_direct,4,0.1931347302833304,0.0892195824291956,0.1139240506329113,True,Urban/Background,True,False,True,both
08019004_10_M,ridge_direct,5,0.1962058714941025,0.0820849807316869,0.0920502092050209,True,Urban/Background,True,False,True,both
08019004_10_M,ridge_direct,6,0.1849014807417228,0.0796839983999663,0.0916666666666666,True,Urban/Background,True,False,True,both
08019004_10_M,ridge_direct,7,0.1937724808632817,0.0786673417884791,0.0833333333333333,True,Urban/Background,True,False,True,both
08019004_10_M,sarima,1,0.1730314846340155,0.6771638168436921,0.2692307692307692,True,Urban/Background,True,True,False,no_change
08019004_10_M,sarima,2,0.1717646426509906,0.1772685608132157,0.15625,True,Urban/Background,True,False,True,both
08019004_10_M,sarima,3,0.1719743752560671,0.0973974413707909,0.05,True,Urban/Background,True,False,True,both
08019004_10_M,sarima,4,0.1474739550710023,0.0794556864526517,0.0,True,Urban/Background,True,False,True,both
08019004_10_M,sarima,5,0.1761310788915725,0.0624273231953539,0.0,True,Urban/Background,True,False,True,both
08019004_10_M,sarima,6,0.2215627116342742,0.0926560652069176,0.0,False,Urban/Background,False,False,False,n/a
08019004_10_M,sarima,7,0.1955251442414819,0.1188884007372056,0.0,False,Urban/Background,False,False,False,n/a
08019004_10_M,seasonal_naive,1,-0.4323755797878224,1.003125553722795,0.2703862660944206,True,Urban/Background,False,False,False,n/a
08019004_10_M,seasonal_naive,2,-0.1543808755737401,1.012096862237834,0.2813852813852814,True,Urban/Background,False,False,False,n/a
08019004_10_M,seasonal_naive,3,-0.0634043639071335,0.9423932409049296,0.293103448275862,False,Urban/Background,False,False,False,n/a
08019004_10_M,seasonal_naive,4,-0.0143425630382794,0.947552091369671,0.3037974683544304,False,Urban/Background,False,False,False,n/a
08019004_10_M,seasonal_naive,5,-0.0030093646451514,0.9461688622838936,0.2970711297071129,False,Urban/Background,False,False,False,n/a
08019004_10_M,seasonal_naive,6,-0.0152529826608716,0.946583162328856,0.3041666666666666,False,Urban/Background,False,False,False,n/a
08019004_10_M,seasonal_naive,7,0.0,0.9314517720999232,0.3041666666666666,False,Urban/Background,False,False,False,n/a
08019004_10_M,stl_ridge_direct,1,-2.505607302169429,1.7793076794101776,0.9957081545064378,True,Urban/Background,False,False,False,n/a
08019004_10_M,stl_ridge_direct,2,-1.8903041027331748,1.619134270563257,0.9956709956709956,True,Urban/Background,False,False,False,n/a
08019004_10_M,stl_ridge_direct,3,-1.6663184200296062,1.461083119319735,1.0,True,Urban/Background,False,False,False,n/a
08019004_10_M,stl_ridge_direct,4,-1.5445356711096188,1.4317801262179086,1.0,True,Urban/Background,False,False,False,n/a
08019004_10_M,stl_ridge_direct,5,-1.5216837927435356,1.386685659845838,1.0,True,Urban/Background,False,False,False,n/a
08019004_10_M,stl_ridge_direct,6,-1.5595723455572248,1.3203885774173785,1.0,True,Urban/Background,False,False,False,n/a
08019004_10_M,stl_ridge_direct,7,-1.5117208994212774,1.2641836659591137,1.0,True,Urban/Background,False,False,False,n/a
08263007_10_M,hgb_direct,1,0.0884719477668266,0.3837805239824234,0.4412698412698412,True,Suburban/Industrial,True,False,True,collapse_only
08263007_10_M,hgb_direct,2,0.145078733969171,0.269557821979543,0.310126582278481,True,Suburban/Industrial,True,False,True,collapse_only
08263007_10_M,hgb_direct,3,0.169206569233,0.2130680694682566,0.273015873015873,True,Suburban/Industrial,True,False,True,collapse_only
08263007_10_M,hgb_direct,4,0.1836993830176825,0.1860794064516731,0.2197452229299363,True,Suburban/Industrial,True,False,True,collapse_only
08263007_10_M,hgb_direct,5,0.1886994658645023,0.1731554836469667,0.2025316455696202,True,Suburban/Industrial,True,False,True,collapse_only
08263007_10_M,hgb_direct,6,0.1921135452081522,0.1752020180331816,0.1941747572815534,True,Suburban/Industrial,True,False,True,both
08263007_10_M,hgb_direct,7,0.1946795146150034,0.1714838477711416,0.1856677524429967,True,Suburban/Industrial,True,False,True,both
08263007_10_M,ridge_direct,1,0.1041602467073767,0.3327788550361783,0.4571428571428571,True,Suburban/Industrial,True,False,True,collapse_only
08263007_10_M,ridge_direct,2,0.1610480624057648,0.1947410232754327,0.2721518987341772,True,Suburban/Industrial,True,False,True,collapse_only
08263007_10_M,ridge_direct,3,0.1862218871144705,0.1406019449237301,0.2126984126984127,True,Suburban/Industrial,True,False,True,collapse_only
08263007_10_M,ridge_direct,4,0.2005978354559584,0.1077907044929924,0.1592356687898089,True,Suburban/Industrial,True,False,True,both
08263007_10_M,ridge_direct,5,0.2067350474146534,0.0997394380175426,0.1518987341772152,True,Suburban/Industrial,True,False,True,both
08263007_10_M,ridge_direct,6,0.2077827187819166,0.1020453424746294,0.1326860841423948,True,Suburban/Industrial,True,False,True,both
08263007_10_M,ridge_direct,7,0.2103560636531474,0.0971770815963663,0.1270358306188925,True,Suburban/Industrial,True,False,True,both
08263007_10_M,sarima,1,0.0993725370844336,0.3248148910055473,0.3103448275862069,False,Suburban/Industrial,False,False,False,n/a
08263007_10_M,sarima,2,0.19405822779013,0.1798831418911527,0.0909090909090909,True,Suburban/Industrial,True,False,True,both
08263007_10_M,sarima,3,0.191857435364914,0.1421666841035241,0.0333333333333333,True,Suburban/Industrial,True,False,True,both
08263007_10_M,sarima,4,0.1841325265401857,0.0960901005311189,0.0256410256410256,True,Suburban/Industrial,True,False,True,both
08263007_10_M,sarima,5,0.1836420493204251,0.0639425233518534,0.0,True,Suburban/Industrial,True,False,True,both
08263007_10_M,sarima,6,0.26069363016219,0.051751262299468,0.0,True,Suburban/Industrial,True,False,True,both
08263007_10_M,sarima,7,0.1844278062705571,0.0515293459020014,0.0,True,Suburban/Industrial,True,False,True,both
08263007_10_M,seasonal_naive,1,-0.383298637635568,0.9742570966081,0.3777777777777777,True,Suburban/Industrial,False,False,False,n/a
08263007_10_M,seasonal_naive,2,-0.1404410377780562,0.9739262733215928,0.3734177215189873,True,Suburban/Industrial,False,False,False,n/a
08263007_10_M,seasonal_naive,3,-0.0629121480808287,0.9644675252676356,0.3746031746031746,False,Suburban/Industrial,False,False,False,n/a
08263007_10_M,seasonal_naive,4,-0.0237864919267476,0.9540526178044144,0.3726114649681528,False,Suburban/Industrial,False,False,False,n/a
08263007_10_M,seasonal_naive,5,-0.0077838570079351,0.943379351172422,0.370253164556962,False,Suburban/Industrial,False,False,False,n/a
08263007_10_M,seasonal_naive,6,-0.0055556432566503,0.958029199502358,0.3786407766990291,False,Suburban/Industrial,False,False,False,n/a
08263007_10_M,seasonal_naive,7,0.0,0.9809845504734416,0.3811074918566775,False,Suburban/Industrial,False,False,False,n/a
08263007_10_M,stl_ridge_direct,1,-2.0457534006621914,1.8211396846394468,0.984126984126984,True,Suburban/Industrial,False,False,False,n/a
08263007_10_M,stl_ridge_direct,2,-1.5344974092140813,1.7315059814131324,0.9746835443037974,True,Suburban/Industrial,False,False,False,n/a
08263007_10_M,stl_ridge_direct,3,-1.3624677467930977,1.634856584758954,0.9714285714285714,True,Suburban/Industrial,False,False,False,n/a
08263007_10_M,stl_ridge_direct,4,-1.2678564750248338,1.557639195772878,0.9745222929936306,True,Suburban/Industrial,False,False,False,n/a
08263007_10_M,stl_ridge_direct,5,-1.2276209952361,1.48441718740466,0.9651898734177216,True,Suburban/Industrial,False,False,False,n/a
08263007_10_M,stl_ridge_direct,6,-1.232865305372576,1.439215296820355,0.9741100323624596,True,Suburban/Industrial,False,False,False,n/a
08263007_10_M,stl_ridge_direct,7,-1.2292286681342413,1.3986628282688447,0.977198697068404,True,Suburban/Industrial,False,False,False,n/a
46250043_10_M,hgb_direct,1,0.0737028562176991,0.3983085699378004,0.5232876712328767,True,Urban/Residential,True,False,True,collapse_only
46250043_10_M,hgb_direct,2,0.1774493329506257,0.2276565180998454,0.2972222222222222,True,Urban/Residential,True,False,True,collapse_only
46250043_10_M,hgb_direct,3,0.1936365310565044,0.1743030932925223,0.2033898305084746,True,Urban/Residential,True,False,True,collapse_only
46250043_10_M,hgb_direct,4,0.2098397119173544,0.166030269559121,0.188034188034188,True,Urban/Residential,True,False,True,both
46250043_10_M,hgb_direct,5,0.2272714588000408,0.141670633012025,0.168091168091168,True,Urban/Residential,True,False,True,both
46250043_10_M,hgb_direct,6,0.2271196289010981,0.1376383175254458,0.1556195965417867,True,Urban/Residential,True,False,True,both
46250043_10_M,hgb_direct,7,0.2324995866841183,0.1377291348256422,0.1282798833819242,True,Urban/Residential,True,False,True,both
46250043_10_M,ridge_direct,1,0.0954615809187324,0.4094559265345033,0.5041095890410959,True,Urban/Residential,True,False,True,collapse_only
46250043_10_M,ridge_direct,2,0.1751919655401376,0.2039809647315113,0.2722222222222222,True,Urban/Residential,True,False,True,collapse_only
46250043_10_M,ridge_direct,3,0.2036271928039161,0.1390712374635772,0.1836158192090395,True,Urban/Residential,True,False,True,both
46250043_10_M,ridge_direct,4,0.224281046700267,0.1065038690738099,0.131054131054131,True,Urban/Residential,True,False,True,both
46250043_10_M,ridge_direct,5,0.2415127594814469,0.0851907029917788,0.0997150997150997,True,Urban/Residential,True,False,True,both
46250043_10_M,ridge_direct,6,0.243808200468329,0.0832435346307274,0.1095100864553314,True,Urban/Residential,True,False,True,both
46250043_10_M,ridge_direct,7,0.2528761794349226,0.0788981438848862,0.075801749271137,True,Urban/Residential,True,False,True,both
46250043_10_M,sarima,1,-0.0003945639331983,0.2379911763936314,0.5652173913043478,False,Urban/Residential,False,False,False,n/a
46250043_10_M,sarima,2,0.0834838533052333,0.1959483067795404,0.3636363636363636,False,Urban/Residential,False,False,False,n/a
46250043_10_M,sarima,3,0.0721950437874847,0.0999983260357166,0.2162162162162162,False,Urban/Residential,False,False,False,n/a
46250043_10_M,sarima,4,0.0819500730133631,0.0988392694635904,0.0476190476190476,False,Urban/Residential,False,False,False,n/a
46250043_10_M,sarima,5,0.0983651097829665,0.0570212800703697,0.025,False,Urban/Residential,False,False,False,n/a
46250043_10_M,sarima,6,0.0745176164127247,0.0431905865424544,0.0,True,Urban/Residential,True,False,True,both
46250043_10_M,sarima,7,0.0879552510145857,0.0481976751531805,0.027027027027027,False,Urban/Residential,False,False,False,n/a
46250043_10_M,seasonal_naive,1,-0.4438639354608544,0.9538241780581492,0.3561643835616438,True,Urban/Residential,False,False,False,n/a
46250043_10_M,seasonal_naive,2,-0.1360530432519417,0.9609014232062976,0.35,True,Urban/Residential,False,False,False,n/a
46250043_10_M,seasonal_naive,3,-0.0674372924665198,0.9590829414038564,0.3333333333333333,False,Urban/Residential,False,False,False,n/a
46250043_10_M,seasonal_naive,4,-0.0274306035024072,0.9589923607481556,0.3304843304843304,False,Urban/Residential,False,False,False,n/a
46250043_10_M,seasonal_naive,5,0.0067135953802639,0.9456671811049956,0.3247863247863248,False,Urban/Residential,False,False,False,n/a
46250043_10_M,seasonal_naive,6,0.0036071155015449,0.9590342318769222,0.3285302593659942,False,Urban/Residential,False,False,False,n/a
46250043_10_M,seasonal_naive,7,0.0,1.0185440431591548,0.3381924198250728,False,Urban/Residential,False,False,False,n/a
46250043_10_M,stl_ridge_direct,1,-1.8736892893431936,1.6856322471913925,0.989041095890411,True,Urban/Residential,False,False,False,n/a
46250043_10_M,stl_ridge_direct,2,-1.2860808095729626,1.613287612190759,0.9861111111111112,True,Urban/Residential,False,False,False,n/a
46250043_10_M,stl_ridge_direct,3,-1.1474680904284966,1.568946933786211,0.9887005649717514,True,Urban/Residential,False,False,False,n/a
46250043_10_M,stl_ridge_direct,4,-1.0642590297717889,1.5156793289218131,0.9886039886039886,True,Urban/Residential,False,False,False,n/a
46250043_10_M,stl_ridge_direct,5,-0.9795753624667698,1.4195039500312814,0.9886039886039886,True,Urban/Residential,False,False,False,n/a
46250043_10_M,stl_ridge_direct,6,-0.9851565128204168,1.3757719827485042,0.9884726224783862,True,Urban/Residential,False,False,False,n/a
46250043_10_M,stl_ridge_direct,7,-0.9766908202120924,1.3939915818758062,0.9912536443148688,True,Urban/Residential,False,False,False,n/a
