station,support_type,horizon,p,model,n_cases,delta_ar1,delta_mem,delta_res,delta_total,code_commit,config_sha256,input_manifest_sha256,generated_at_utc,decision_id,canon_version
Elche,GLOBAL_COMMON,1,7,ridge_direct,782,41.43570470641703,-2.034526317937434,-6.835834020172058,32.565344368307535,4a49b08b041c578ec5981dc1472125b2af0a4d59,572a6a79dfaf6247292af8c946e3f621c520377d7eb449bd78e9b309f483fc6a,7e61f4823860ac67fc2cf7b88c0b78031ccbd9e2a1f7bf6285099b2c126d9b06,2026-08-06T11:21:41Z,2026-08-06-p2-finite-linear-memory-skill-decomposition,2.0
Elche,GLOBAL_COMMON,1,7,hgb_direct,782,41.43570470641703,-2.034526317937434,-27.57129382244156,11.829884566038032,4a49b08b041c578ec5981dc1472125b2af0a4d59,572a6a79dfaf6247292af8c946e3f621c520377d7eb449bd78e9b309f483fc6a,7e61f4823860ac67fc2cf7b88c0b78031ccbd9e2a1f7bf6285099b2c126d9b06,2026-08-06T11:21:41Z,2026-08-06-p2-finite-linear-memory-skill-decomposition,2.0
Elche,GLOBAL_COMMON,1,14,ridge_direct,782,41.43570470641703,-2.8427692976271146,-6.027591040482378,32.565344368307535,4a49b08b041c578ec5981dc1472125b2af0a4d59,572a6a79dfaf6247292af8c946e3f621c520377d7eb449bd78e9b309f483fc6a,7e61f4823860ac67fc2cf7b88c0b78031ccbd9e2a1f7bf6285099b2c126d9b06,2026-08-06T11:21:41Z,2026-08-06-p2-finite-linear-memory-skill-decomposition,2.0
Elche,GLOBAL_COMMON,1,14,hgb_direct,782,41.43570470641703,-2.8427692976271146,-26.76305084275188,11.829884566038032,4a49b08b041c578ec5981dc1472125b2af0a4d59,572a6a79dfaf6247292af8c946e3f621c520377d7eb449bd78e9b309f483fc6a,7e61f4823860ac67fc2cf7b88c0b78031ccbd9e2a1f7bf6285099b2c126d9b06,2026-08-06T11:21:41Z,2026-08-06-p2-finite-linear-memory-skill-decomposition,2.0
Elche,GLOBAL_COMMON,1,21,ridge_direct,782,41.43570470641703,-4.016722614662967,-4.853637723446525,32.565344368307535,4a49b08b041c578ec5981dc1472125b2af0a4d59,572a6a79dfaf6247292af8c946e3f621c520377d7eb449bd78e9b309f483fc6a,7e61f4823860ac67fc2cf7b88c0b78031ccbd9e2a1f7bf6285099b2c126d9b06,2026-08-06T11:21:41Z,2026-08-06-p2-finite-linear-memory-skill-decomposition,2.0
Elche,GLOBAL_COMMON,1,21,hgb_direct,782,41.43570470641703,-4.016722614662967,-25.589097525716028,11.829884566038032,4a49b08b041c578ec5981dc1472125b2af0a4d59,572a6a79dfaf6247292af8c946e3f621c520377d7eb449bd78e9b309f483fc6a,7e61f4823860ac67fc2cf7b88c0b78031ccbd9e2a1f7bf6285099b2c126d9b06,2026-08-06T11:21:41Z,2026-08-06-p2-finite-linear-memory-skill-decomposition,2.0
Elche,GLOBAL_COMMON,2,7,ridge_direct,770,136.08376145275778,-0.7710462560122266,-1.5977261710735888,133.71498902567197,4a49b08b041c578ec5981dc1472125b2af0a4d59,572a6a79dfaf6247292af8c946e3f621c520377d7eb449bd78e9b309f483fc6a,7e61f4823860ac67fc2cf7b88c0b78031ccbd9e2a1f7bf6285099b2c126d9b06,2026-08-06T11:21:41Z,2026-08-06-p2-finite-linear-memory-skill-decomposition,2.0
Elche,GLOBAL_COMMON,2,7,hgb_direct,770,136.08376145275778,-0.7710462560122266,-10.59555687633636,124.7171583204092,4a49b08b041c578ec5981dc1472125b2af0a4d59,572a6a79dfaf6247292af8c946e3f621c520377d7eb449bd78e9b309f483fc6a,7e61f4823860ac67fc2cf7b88c0b78031ccbd9e2a1f7bf6285099b2c126d9b06,2026-08-06T11:21:41Z,2026-08-06-p2-finite-linear-memory-skill-decomposition,2.0
Elche,GLOBAL_COMMON,2,14,ridge_direct,770,136.08376145275778,-1.859857845227765,-0.5089145818580505,133.71498902567197,4a49b08b041c578ec5981dc1472125b2af0a4d59,572a6a79dfaf6247292af8c946e3f621c520377d7eb449bd78e9b309f483fc6a,7e61f4823860ac67fc2cf7b88c0b78031ccbd9e2a1f7bf6285099b2c126d9b06,2026-08-06T11:21:41Z,2026-08-06-p2-finite-linear-memory-skill-decomposition,2.0
Elche,GLOBAL_COMMON,2,14,hgb_direct,770,136.08376145275778,-1.859857845227765,-9.506745287120822,124.7171583204092,4a49b08b041c578ec5981dc1472125b2af0a4d59,572a6a79dfaf6247292af8c946e3f621c520377d7eb449bd78e9b309f483fc6a,7e61f4823860ac67fc2cf7b88c0b78031ccbd9e2a1f7bf6285099b2c126d9b06,2026-08-06T11:21:41Z,2026-08-06-p2-finite-linear-memory-skill-decomposition,2.0
Elche,GLOBAL_COMMON,2,21,ridge_direct,770,136.08376145275778,-2.4546174340904656,0.08584500700465014,133.71498902567197,4a49b08b041c578ec5981dc1472125b2af0a4d59,572a6a79dfaf6247292af8c946e3f621c520377d7eb449bd78e9b309f483fc6a,7e61f4823860ac67fc2cf7b88c0b78031ccbd9e2a1f7bf6285099b2c126d9b06,2026-08-06T11:21:41Z,2026-08-06-p2-finite-linear-memory-skill-decomposition,2.0
Elche,GLOBAL_COMMON,2,21,hgb_direct,770,136.08376145275778,-2.4546174340904656,-8.911985698258121,124.7171583204092,4a49b08b041c578ec5981dc1472125b2af0a4d59,572a6a79dfaf6247292af8c946e3f621c520377d7eb449bd78e9b309f483fc6a,7e61f4823860ac67fc2cf7b88c0b78031ccbd9e2a1f7bf6285099b2c126d9b06,2026-08-06T11:21:41Z,2026-08-06-p2-finite-linear-memory-skill-decomposition,2.0
Elche,GLOBAL_COMMON,3,7,ridge_direct,763,162.66329642593345,-0.37341012361812886,-1.5602307007077059,160.72965560160762,4a49b08b041c578ec5981dc1472125b2af0a4d59,572a6a79dfaf6247292af8c946e3f621c520377d7eb449bd78e9b309f483fc6a,7e61f4823860ac67fc2cf7b88c0b78031ccbd9e2a1f7bf6285099b2c126d9b06,2026-08-06T11:21:41Z,2026-08-06-p2-finite-linear-memory-skill-decomposition,2.0
Elche,GLOBAL_COMMON,3,7,hgb_direct,763,162.66329642593345,-0.37341012361812886,-12.194302503778971,150.09558379853635,4a49b08b041c578ec5981dc1472125b2af0a4d59,572a6a79dfaf6247292af8c946e3f621c520377d7eb449bd78e9b309f483fc6a,7e61f4823860ac67fc2cf7b88c0b78031ccbd9e2a1f7bf6285099b2c126d9b06,2026-08-06T11:21:41Z,2026-08-06-p2-finite-linear-memory-skill-decomposition,2.0
Elche,GLOBAL_COMMON,3,14,ridge_direct,763,162.66329642593345,-1.5190119080776583,-0.41462891624817644,160.72965560160762,4a49b08b041c578ec5981dc1472125b2af0a4d59,572a6a79dfaf6247292af8c946e3f621c520377d7eb449bd78e9b309f483fc6a,7e61f4823860ac67fc2cf7b88c0b78031ccbd9e2a1f7bf6285099b2c126d9b06,2026-08-06T11:21:41Z,2026-08-06-p2-finite-linear-memory-skill-decomposition,2.0
Elche,GLOBAL_COMMON,3,14,hgb_direct,763,162.66329642593345,-1.5190119080776583,-11.048700719319442,150.09558379853635,4a49b08b041c578ec5981dc1472125b2af0a4d59,572a6a79dfaf6247292af8c946e3f621c520377d7eb449bd78e9b309f483fc6a,7e61f4823860ac67fc2cf7b88c0b78031ccbd9e2a1f7bf6285099b2c126d9b06,2026-08-06T11:21:41Z,2026-08-06-p2-finite-linear-memory-skill-decomposition,2.0
Elche,GLOBAL_COMMON,3,21,ridge_direct,763,162.66329642593345,-1.8137732467253898,-0.11986757760044497,160.72965560160762,4a49b08b041c578ec5981dc1472125b2af0a4d59,572a6a79dfaf6247292af8c946e3f621c520377d7eb449bd78e9b309f483fc6a,7e61f4823860ac67fc2cf7b88c0b78031ccbd9e2a1f7bf6285099b2c126d9b06,2026-08-06T11:21:41Z,2026-08-06-p2-finite-linear-memory-skill-decomposition,2.0
Elche,GLOBAL_COMMON,3,21,hgb_direct,763,162.66329642593345,-1.8137732467253898,-10.75393938067171,150.09558379853635,4a49b08b041c578ec5981dc1472125b2af0a4d59,572a6a79dfaf6247292af8c946e3f621c520377d7eb449bd78e9b309f483fc6a,7e61f4823860ac67fc2cf7b88c0b78031ccbd9e2a1f7bf6285099b2c126d9b06,2026-08-06T11:21:41Z,2026-08-06-p2-finite-linear-memory-skill-decomposition,2.0
Elche,GLOBAL_COMMON,4,7,ridge_direct,757,178.305597781098,-0.39757823768368894,-1.9432744877017853,175.9647450557125,4a49b08b041c578ec5981dc1472125b2af0a4d59,572a6a79dfaf6247292af8c946e3f621c520377d7eb449bd78e9b309f483fc6a,7e61f4823860ac67fc2cf7b88c0b78031ccbd9e2a1f7bf6285099b2c126d9b06,2026-08-06T11:21:41Z,2026-08-06-p2-finite-linear-memory-skill-decomposition,2.0
Elche,GLOBAL_COMMON,4,7,hgb_direct,757,178.305597781098,-0.39757823768368894,-18.547374004398137,159.36064553901616,4a49b08b041c578ec5981dc1472125b2af0a4d59,572a6a79dfaf6247292af8c946e3f621c520377d7eb449bd78e9b309f483fc6a,7e61f4823860ac67fc2cf7b88c0b78031ccbd9e2a1f7bf6285099b2c126d9b06,2026-08-06T11:21:41Z,2026-08-06-p2-finite-linear-memory-skill-decomposition,2.0
Elche,GLOBAL_COMMON,4,14,ridge_direct,757,178.305597781098,-1.5082671245904464,-0.8325856007950279,175.9647450557125,4a49b08b041c578ec5981dc1472125b2af0a4d59,572a6a79dfaf6247292af8c946e3f621c520377d7eb449bd78e9b309f483fc6a,7e61f4823860ac67fc2cf7b88c0b78031ccbd9e2a1f7bf6285099b2c126d9b06,2026-08-06T11:21:41Z,2026-08-06-p2-finite-linear-memory-skill-decomposition,2.0
Elche,GLOBAL_COMMON,4,14,hgb_direct,757,178.305597781098,-1.5082671245904464,-17.43668511749138,159.36064553901616,4a49b08b041c578ec5981dc1472125b2af0a4d59,572a6a79dfaf6247292af8c946e3f621c520377d7eb449bd78e9b309f483fc6a,7e61f4823860ac67fc2cf7b88c0b78031ccbd9e2a1f7bf6285099b2c126d9b06,2026-08-06T11:21:41Z,2026-08-06-p2-finite-linear-memory-skill-decomposition,2.0
Elche,GLOBAL_COMMON,4,21,ridge_direct,757,178.305597781098,-1.4038370462388627,-0.9370156791466115,175.9647450557125,4a49b08b041c578ec5981dc1472125b2af0a4d59,572a6a79dfaf6247292af8c946e3f621c520377d7eb449bd78e9b309f483fc6a,7e61f4823860ac67fc2cf7b88c0b78031ccbd9e2a1f7bf6285099b2c126d9b06,2026-08-06T11:21:41Z,2026-08-06-p2-finite-linear-memory-skill-decomposition,2.0
Elche,GLOBAL_COMMON,4,21,hgb_direct,757,178.305597781098,-1.4038370462388627,-17.541115195842963,159.36064553901616,4a49b08b041c578ec5981dc1472125b2af0a4d59,572a6a79dfaf6247292af8c946e3f621c520377d7eb449bd78e9b309f483fc6a,7e61f4823860ac67fc2cf7b88c0b78031ccbd9e2a1f7bf6285099b2c126d9b06,2026-08-06T11:21:41Z,2026-08-06-p2-finite-linear-memory-skill-decomposition,2.0
Elche,GLOBAL_COMMON,5,7,ridge_direct,753,180.9808697761696,-0.6059711546874951,-2.348691514475604,178.0262071070065,4a49b08b041c578ec5981dc1472125b2af0a4d59,572a6a79dfaf6247292af8c946e3f621c520377d7eb449bd78e9b309f483fc6a,7e61f4823860ac67fc2cf7b88c0b78031ccbd9e2a1f7bf6285099b2c126d9b06,2026-08-06T11:21:41Z,2026-08-06-p2-finite-linear-memory-skill-decomposition,2.0
Elche,GLOBAL_COMMON,5,7,hgb_direct,753,180.9808697761696,-0.6059711546874951,-15.918300579215355,164.45659804226676,4a49b08b041c578ec5981dc1472125b2af0a4d59,572a6a79dfaf6247292af8c946e3f621c520377d7eb449bd78e9b309f483fc6a,7e61f4823860ac67fc2cf7b88c0b78031ccbd9e2a1f7bf6285099b2c126d9b06,2026-08-06T11:21:41Z,2026-08-06-p2-finite-linear-memory-skill-decomposition,2.0
Elche,GLOBAL_COMMON,5,14,ridge_direct,753,180.9808697761696,-2.2079210845459443,-0.7467415846171548,178.0262071070065,4a49b08b041c578ec5981dc1472125b2af0a4d59,572a6a79dfaf6247292af8c946e3f621c520377d7eb449bd78e9b309f483fc6a,7e61f4823860ac67fc2cf7b88c0b78031ccbd9e2a1f7bf6285099b2c126d9b06,2026-08-06T11:21:41Z,2026-08-06-p2-finite-linear-memory-skill-decomposition,2.0
Elche,GLOBAL_COMMON,5,14,hgb_direct,753,180.9808697761696,-2.2079210845459443,-14.316350649356906,164.45659804226676,4a49b08b041c578ec5981dc1472125b2af0a4d59,572a6a79dfaf6247292af8c946e3f621c520377d7eb449bd78e9b309f483fc6a,7e61f4823860ac67fc2cf7b88c0b78031ccbd9e2a1f7bf6285099b2c126d9b06,2026-08-06T11:21:41Z,2026-08-06-p2-finite-linear-memory-skill-decomposition,2.0
Elche,GLOBAL_COMMON,5,21,ridge_direct,753,180.9808697761696,-2.48935421311387,-0.4653084560492289,178.0262071070065,4a49b08b041c578ec5981dc1472125b2af0a4d59,572a6a79dfaf6247292af8c946e3f621c520377d7eb449bd78e9b309f483fc6a,7e61f4823860ac67fc2cf7b88c0b78031ccbd9e2a1f7bf6285099b2c126d9b06,2026-08-06T11:21:41Z,2026-08-06-p2-finite-linear-memory-skill-decomposition,2.0
Elche,GLOBAL_COMMON,5,21,hgb_direct,753,180.9808697761696,-2.48935421311387,-14.03491752078898,164.45659804226676,4a49b08b041c578ec5981dc1472125b2af0a4d59,572a6a79dfaf6247292af8c946e3f621c520377d7eb449bd78e9b309f483fc6a,7e61f4823860ac67fc2cf7b88c0b78031ccbd9e2a1f7bf6285099b2c126d9b06,2026-08-06T11:21:41Z,2026-08-06-p2-finite-linear-memory-skill-decomposition,2.0
Elche,GLOBAL_COMMON,6,7,ridge_direct,750,179.2090709477359,-1.1845325396919009,-2.745353650136707,175.2791847579073,4a49b08b041c578ec5981dc1472125b2af0a4d59,572a6a79dfaf6247292af8c946e3f621c520377d7eb449bd78e9b309f483fc6a,7e61f4823860ac67fc2cf7b88c0b78031ccbd9e2a1f7bf6285099b2c126d9b06,2026-08-06T11:21:41Z,2026-08-06-p2-finite-linear-memory-skill-decomposition,2.0
Elche,GLOBAL_COMMON,6,7,hgb_direct,750,179.2090709477359,-1.1845325396919009,-16.823133806074168,161.20140460196984,4a49b08b041c578ec5981dc1472125b2af0a4d59,572a6a79dfaf6247292af8c946e3f621c520377d7eb449bd78e9b309f483fc6a,7e61f4823860ac67fc2cf7b88c0b78031ccbd9e2a1f7bf6285099b2c126d9b06,2026-08-06T11:21:41Z,2026-08-06-p2-finite-linear-memory-skill-decomposition,2.0
Elche,GLOBAL_COMMON,6,14,ridge_direct,750,179.2090709477359,-3.1073687128335905,-0.8225174769950172,175.2791847579073,4a49b08b041c578ec5981dc1472125b2af0a4d59,572a6a79dfaf6247292af8c946e3f621c520377d7eb449bd78e9b309f483fc6a,7e61f4823860ac67fc2cf7b88c0b78031ccbd9e2a1f7bf6285099b2c126d9b06,2026-08-06T11:21:41Z,2026-08-06-p2-finite-linear-memory-skill-decomposition,2.0
Elche,GLOBAL_COMMON,6,14,hgb_direct,750,179.2090709477359,-3.1073687128335905,-14.900297632932478,161.20140460196984,4a49b08b041c578ec5981dc1472125b2af0a4d59,572a6a79dfaf6247292af8c946e3f621c520377d7eb449bd78e9b309f483fc6a,7e61f4823860ac67fc2cf7b88c0b78031ccbd9e2a1f7bf6285099b2c126d9b06,2026-08-06T11:21:41Z,2026-08-06-p2-finite-linear-memory-skill-decomposition,2.0
Elche,GLOBAL_COMMON,6,21,ridge_direct,750,179.2090709477359,-2.9444277908123695,-0.9854583990162382,175.2791847579073,4a49b08b041c578ec5981dc1472125b2af0a4d59,572a6a79dfaf6247292af8c946e3f621c520377d7eb449bd78e9b309f483fc6a,7e61f4823860ac67fc2cf7b88c0b78031ccbd9e2a1f7bf6285099b2c126d9b06,2026-08-06T11:21:41Z,2026-08-06-p2-finite-linear-memory-skill-decomposition,2.0
Elche,GLOBAL_COMMON,6,21,hgb_direct,750,179.2090709477359,-2.9444277908123695,-15.0632385549537,161.20140460196984,4a49b08b041c578ec5981dc1472125b2af0a4d59,572a6a79dfaf6247292af8c946e3f621c520377d7eb449bd78e9b309f483fc6a,7e61f4823860ac67fc2cf7b88c0b78031ccbd9e2a1f7bf6285099b2c126d9b06,2026-08-06T11:21:41Z,2026-08-06-p2-finite-linear-memory-skill-decomposition,2.0
Elche,GLOBAL_COMMON,7,7,ridge_direct,749,187.90271473827008,-1.2724246323927844,-2.7923655499672293,183.83792455591006,4a49b08b041c578ec5981dc1472125b2af0a4d59,572a6a79dfaf6247292af8c946e3f621c520377d7eb449bd78e9b309f483fc6a,7e61f4823860ac67fc2cf7b88c0b78031ccbd9e2a1f7bf6285099b2c126d9b06,2026-08-06T11:21:41Z,2026-08-06-p2-finite-linear-memory-skill-decomposition,2.0
Elche,GLOBAL_COMMON,7,7,hgb_direct,749,187.90271473827008,-1.2724246323927844,-17.397737740694566,169.23255236518273,4a49b08b041c578ec5981dc1472125b2af0a4d59,572a6a79dfaf6247292af8c946e3f621c520377d7eb449bd78e9b309f483fc6a,7e61f4823860ac67fc2cf7b88c0b78031ccbd9e2a1f7bf6285099b2c126d9b06,2026-08-06T11:21:41Z,2026-08-06-p2-finite-linear-memory-skill-decomposition,2.0
Elche,GLOBAL_COMMON,7,14,ridge_direct,749,187.90271473827008,-2.8358512010262587,-1.228938981333755,183.83792455591006,4a49b08b041c578ec5981dc1472125b2af0a4d59,572a6a79dfaf6247292af8c946e3f621c520377d7eb449bd78e9b309f483fc6a,7e61f4823860ac67fc2cf7b88c0b78031ccbd9e2a1f7bf6285099b2c126d9b06,2026-08-06T11:21:41Z,2026-08-06-p2-finite-linear-memory-skill-decomposition,2.0
Elche,GLOBAL_COMMON,7,14,hgb_direct,749,187.90271473827008,-2.8358512010262587,-15.834311172061092,169.23255236518273,4a49b08b041c578ec5981dc1472125b2af0a4d59,572a6a79dfaf6247292af8c946e3f621c520377d7eb449bd78e9b309f483fc6a,7e61f4823860ac67fc2cf7b88c0b78031ccbd9e2a1f7bf6285099b2c126d9b06,2026-08-06T11:21:41Z,2026-08-06-p2-finite-linear-memory-skill-decomposition,2.0
Elche,GLOBAL_COMMON,7,21,ridge_direct,749,187.90271473827008,-2.7103851311630933,-1.3544050511969203,183.83792455591006,4a49b08b041c578ec5981dc1472125b2af0a4d59,572a6a79dfaf6247292af8c946e3f621c520377d7eb449bd78e9b309f483fc6a,7e61f4823860ac67fc2cf7b88c0b78031ccbd9e2a1f7bf6285099b2c126d9b06,2026-08-06T11:21:41Z,2026-08-06-p2-finite-linear-memory-skill-decomposition,2.0
Elche,GLOBAL_COMMON,7,21,hgb_direct,749,187.90271473827008,-2.7103851311630933,-15.959777241924257,169.23255236518273,4a49b08b041c578ec5981dc1472125b2af0a4d59,572a6a79dfaf6247292af8c946e3f621c520377d7eb449bd78e9b309f483fc6a,7e61f4823860ac67fc2cf7b88c0b78031ccbd9e2a1f7bf6285099b2c126d9b06,2026-08-06T11:21:41Z,2026-08-06-p2-finite-linear-memory-skill-decomposition,2.0
Elche,ORDER_SPECIFIC_p7,1,7,ridge_direct,1274,36.67288521128707,-1.787019125926406,-4.611087484303141,30.27477860105752,4a49b08b041c578ec5981dc1472125b2af0a4d59,572a6a79dfaf6247292af8c946e3f621c520377d7eb449bd78e9b309f483fc6a,7e61f4823860ac67fc2cf7b88c0b78031ccbd9e2a1f7bf6285099b2c126d9b06,2026-08-06T11:21:41Z,2026-08-06-p2-finite-linear-memory-skill-decomposition,2.0
Elche,ORDER_SPECIFIC_p7,1,7,hgb_direct,1274,36.67288521128707,-1.787019125926406,-19.00104889501783,15.88481719034283,4a49b08b041c578ec5981dc1472125b2af0a4d59,572a6a79dfaf6247292af8c946e3f621c520377d7eb449bd78e9b309f483fc6a,7e61f4823860ac67fc2cf7b88c0b78031ccbd9e2a1f7bf6285099b2c126d9b06,2026-08-06T11:21:41Z,2026-08-06-p2-finite-linear-memory-skill-decomposition,2.0
Elche,ORDER_SPECIFIC_p7,2,7,ridge_direct,1251,108.8414390142467,-1.231027690964737,-1.7020378427670835,105.90837348051488,4a49b08b041c578ec5981dc1472125b2af0a4d59,572a6a79dfaf6247292af8c946e3f621c520377d7eb449bd78e9b309f483fc6a,7e61f4823860ac67fc2cf7b88c0b78031ccbd9e2a1f7bf6285099b2c126d9b06,2026-08-06T11:21:41Z,2026-08-06-p2-finite-linear-memory-skill-decomposition,2.0
Elche,ORDER_SPECIFIC_p7,2,7,hgb_direct,1251,108.8414390142467,-1.231027690964737,-9.548745923620544,98.06166539966142,4a49b08b041c578ec5981dc1472125b2af0a4d59,572a6a79dfaf6247292af8c946e3f621c520377d7eb449bd78e9b309f483fc6a,7e61f4823860ac67fc2cf7b88c0b78031ccbd9e2a1f7bf6285099b2c126d9b06,2026-08-06T11:21:41Z,2026-08-06-p2-finite-linear-memory-skill-decomposition,2.0
Elche,ORDER_SPECIFIC_p7,3,7,ridge_direct,1241,137.82651761879904,-1.318722774442648,-1.7232069932773584,134.78458785107904,4a49b08b041c578ec5981dc1472125b2af0a4d59,572a6a79dfaf6247292af8c946e3f621c520377d7eb449bd78e9b309f483fc6a,7e61f4823860ac67fc2cf7b88c0b78031ccbd9e2a1f7bf6285099b2c126d9b06,2026-08-06T11:21:41Z,2026-08-06-p2-finite-linear-memory-skill-decomposition,2.0
Elche,ORDER_SPECIFIC_p7,3,7,hgb_direct,1241,137.82651761879904,-1.318722774442648,-11.66275076091307,124.84504408344333,4a49b08b041c578ec5981dc1472125b2af0a4d59,572a6a79dfaf6247292af8c946e3f621c520377d7eb449bd78e9b309f483fc6a,7e61f4823860ac67fc2cf7b88c0b78031ccbd9e2a1f7bf6285099b2c126d9b06,2026-08-06T11:21:41Z,2026-08-06-p2-finite-linear-memory-skill-decomposition,2.0
Elche,ORDER_SPECIFIC_p7,4,7,ridge_direct,1234,153.1296913354609,-1.0648106308382523,-1.872346573921078,150.19253413070157,4a49b08b041c578ec5981dc1472125b2af0a4d59,572a6a79dfaf6247292af8c946e3f621c520377d7eb449bd78e9b309f483fc6a,7e61f4823860ac67fc2cf7b88c0b78031ccbd9e2a1f7bf6285099b2c126d9b06,2026-08-06T11:21:41Z,2026-08-06-p2-finite-linear-memory-skill-decomposition,2.0
Elche,ORDER_SPECIFIC_p7,4,7,hgb_direct,1234,153.1296913354609,-1.0648106308382523,-15.838479953416794,136.22640075120586,4a49b08b041c578ec5981dc1472125b2af0a4d59,572a6a79dfaf6247292af8c946e3f621c520377d7eb449bd78e9b309f483fc6a,7e61f4823860ac67fc2cf7b88c0b78031ccbd9e2a1f7bf6285099b2c126d9b06,2026-08-06T11:21:41Z,2026-08-06-p2-finite-linear-memory-skill-decomposition,2.0
Elche,ORDER_SPECIFIC_p7,5,7,ridge_direct,1228,160.09140886763964,-0.5300320151605433,-2.4967609931250365,157.06461585935406,4a49b08b041c578ec5981dc1472125b2af0a4d59,572a6a79dfaf6247292af8c946e3f621c520377d7eb449bd78e9b309f483fc6a,7e61f4823860ac67fc2cf7b88c0b78031ccbd9e2a1f7bf6285099b2c126d9b06,2026-08-06T11:21:41Z,2026-08-06-p2-finite-linear-memory-skill-decomposition,2.0
Elche,ORDER_SPECIFIC_p7,5,7,hgb_direct,1228,160.09140886763964,-0.5300320151605433,-14.333301798146437,145.22807505433266,4a49b08b041c578ec5981dc1472125b2af0a4d59,572a6a79dfaf6247292af8c946e3f621c520377d7eb449bd78e9b309f483fc6a,7e61f4823860ac67fc2cf7b88c0b78031ccbd9e2a1f7bf6285099b2c126d9b06,2026-08-06T11:21:41Z,2026-08-06-p2-finite-linear-memory-skill-decomposition,2.0
Elche,ORDER_SPECIFIC_p7,6,7,ridge_direct,1224,159.44081849424379,0.7841093319488266,-2.5609566158025245,157.6639712103901,4a49b08b041c578ec5981dc1472125b2af0a4d59,572a6a79dfaf6247292af8c946e3f621c520377d7eb449bd78e9b309f483fc6a,7e61f4823860ac67fc2cf7b88c0b78031ccbd9e2a1f7bf6285099b2c126d9b06,2026-08-06T11:21:41Z,2026-08-06-p2-finite-linear-memory-skill-decomposition,2.0
Elche,ORDER_SPECIFIC_p7,6,7,hgb_direct,1224,159.44081849424379,0.7841093319488266,-16.584448060869363,143.64047976532325,4a49b08b041c578ec5981dc1472125b2af0a4d59,572a6a79dfaf6247292af8c946e3f621c520377d7eb449bd78e9b309f483fc6a,7e61f4823860ac67fc2cf7b88c0b78031ccbd9e2a1f7bf6285099b2c126d9b06,2026-08-06T11:21:41Z,2026-08-06-p2-finite-linear-memory-skill-decomposition,2.0
Elche,ORDER_SPECIFIC_p7,7,7,ridge_direct,1215,149.3915808879308,1.1244306055536413,-1.4932181173124945,149.02279337617193,4a49b08b041c578ec5981dc1472125b2af0a4d59,572a6a79dfaf6247292af8c946e3f621c520377d7eb449bd78e9b309f483fc6a,7e61f4823860ac67fc2cf7b88c0b78031ccbd9e2a1f7bf6285099b2c126d9b06,2026-08-06T11:21:41Z,2026-08-06-p2-finite-linear-memory-skill-decomposition,2.0
Elche,ORDER_SPECIFIC_p7,7,7,hgb_direct,1215,149.3915808879308,1.1244306055536413,-17.514544458014683,133.00146703546974,4a49b08b041c578ec5981dc1472125b2af0a4d59,572a6a79dfaf6247292af8c946e3f621c520377d7eb449bd78e9b309f483fc6a,7e61f4823860ac67fc2cf7b88c0b78031ccbd9e2a1f7bf6285099b2c126d9b06,2026-08-06T11:21:41Z,2026-08-06-p2-finite-linear-memory-skill-decomposition,2.0
Elche,ORDER_SPECIFIC_p14,1,14,ridge_direct,991,42.50616334271106,-1.8919558265256455,-4.741646878127881,35.872560638057536,4a49b08b041c578ec5981dc1472125b2af0a4d59,572a6a79dfaf6247292af8c946e3f621c520377d7eb449bd78e9b309f483fc6a,7e61f4823860ac67fc2cf7b88c0b78031ccbd9e2a1f7bf6285099b2c126d9b06,2026-08-06T11:21:41Z,2026-08-06-p2-finite-linear-memory-skill-decomposition,2.0
Elche,ORDER_SPECIFIC_p14,1,14,hgb_direct,991,42.50616334271106,-1.8919558265256455,-21.57029869377999,19.043908822405427,4a49b08b041c578ec5981dc1472125b2af0a4d59,572a6a79dfaf6247292af8c946e3f621c520377d7eb449bd78e9b309f483fc6a,7e61f4823860ac67fc2cf7b88c0b78031ccbd9e2a1f7bf6285099b2c126d9b06,2026-08-06T11:21:41Z,2026-08-06-p2-finite-linear-memory-skill-decomposition,2.0
Elche,ORDER_SPECIFIC_p14,2,14,ridge_direct,973,124.05602381413692,-0.05158798403121523,-2.2029732821917776,121.80146254791393,4a49b08b041c578ec5981dc1472125b2af0a4d59,572a6a79dfaf6247292af8c946e3f621c520377d7eb449bd78e9b309f483fc6a,7e61f4823860ac67fc2cf7b88c0b78031ccbd9e2a1f7bf6285099b2c126d9b06,2026-08-06T11:21:41Z,2026-08-06-p2-finite-linear-memory-skill-decomposition,2.0
Elche,ORDER_SPECIFIC_p14,2,14,hgb_direct,973,124.05602381413692,-0.05158798403121523,-11.956549375949294,112.04788645415641,4a49b08b041c578ec5981dc1472125b2af0a4d59,572a6a79dfaf6247292af8c946e3f621c520377d7eb449bd78e9b309f483fc6a,7e61f4823860ac67fc2cf7b88c0b78031ccbd9e2a1f7bf6285099b2c126d9b06,2026-08-06T11:21:41Z,2026-08-06-p2-finite-linear-memory-skill-decomposition,2.0
Elche,ORDER_SPECIFIC_p14,3,14,ridge_direct,966,150.4586649492541,0.22005365619446593,-2.0670772042272176,148.61164140122136,4a49b08b041c578ec5981dc1472125b2af0a4d59,572a6a79dfaf6247292af8c946e3f621c520377d7eb449bd78e9b309f483fc6a,7e61f4823860ac67fc2cf7b88c0b78031ccbd9e2a1f7bf6285099b2c126d9b06,2026-08-06T11:21:41Z,2026-08-06-p2-finite-linear-memory-skill-decomposition,2.0
Elche,ORDER_SPECIFIC_p14,3,14,hgb_direct,966,150.4586649492541,0.22005365619446593,-12.375198535943781,138.3035200695048,4a49b08b041c578ec5981dc1472125b2af0a4d59,572a6a79dfaf6247292af8c946e3f621c520377d7eb449bd78e9b309f483fc6a,7e61f4823860ac67fc2cf7b88c0b78031ccbd9e2a1f7bf6285099b2c126d9b06,2026-08-06T11:21:41Z,2026-08-06-p2-finite-linear-memory-skill-decomposition,2.0
Elche,ORDER_SPECIFIC_p14,4,14,ridge_direct,961,163.23346742284764,0.23000658279730146,-2.330149627995098,161.13332437764984,4a49b08b041c578ec5981dc1472125b2af0a4d59,572a6a79dfaf6247292af8c946e3f621c520377d7eb449bd78e9b309f483fc6a,7e61f4823860ac67fc2cf7b88c0b78031ccbd9e2a1f7bf6285099b2c126d9b06,2026-08-06T11:21:41Z,2026-08-06-p2-finite-linear-memory-skill-decomposition,2.0
Elche,ORDER_SPECIFIC_p14,4,14,hgb_direct,961,163.23346742284764,0.23000658279730146,-17.46915204273415,145.9943219629108,4a49b08b041c578ec5981dc1472125b2af0a4d59,572a6a79dfaf6247292af8c946e3f621c520377d7eb449bd78e9b309f483fc6a,7e61f4823860ac67fc2cf7b88c0b78031ccbd9e2a1f7bf6285099b2c126d9b06,2026-08-06T11:21:41Z,2026-08-06-p2-finite-linear-memory-skill-decomposition,2.0
Elche,ORDER_SPECIFIC_p14,5,14,ridge_direct,957,164.4366474662645,-0.90131438978338,-1.228599954553772,162.30673312192735,4a49b08b041c578ec5981dc1472125b2af0a4d59,572a6a79dfaf6247292af8c946e3f621c520377d7eb449bd78e9b309f483fc6a,7e61f4823860ac67fc2cf7b88c0b78031ccbd9e2a1f7bf6285099b2c126d9b06,2026-08-06T11:21:41Z,2026-08-06-p2-finite-linear-memory-skill-decomposition,2.0
Elche,ORDER_SPECIFIC_p14,5,14,hgb_direct,957,164.4366474662645,-0.90131438978338,-14.053197051871251,149.48213602460987,4a49b08b041c578ec5981dc1472125b2af0a4d59,572a6a79dfaf6247292af8c946e3f621c520377d7eb449bd78e9b309f483fc6a,7e61f4823860ac67fc2cf7b88c0b78031ccbd9e2a1f7bf6285099b2c126d9b06,2026-08-06T11:21:41Z,2026-08-06-p2-finite-linear-memory-skill-decomposition,2.0
Elche,ORDER_SPECIFIC_p14,6,14,ridge_direct,954,160.13128912957106,-1.8233359826785431,0.010836204055095777,158.3187893509476,4a49b08b041c578ec5981dc1472125b2af0a4d59,572a6a79dfaf6247292af8c946e3f621c520377d7eb449bd78e9b309f483fc6a,7e61f4823860ac67fc2cf7b88c0b78031ccbd9e2a1f7bf6285099b2c126d9b06,2026-08-06T11:21:41Z,2026-08-06-p2-finite-linear-memory-skill-decomposition,2.0
Elche,ORDER_SPECIFIC_p14,6,14,hgb_direct,954,160.13128912957106,-1.8233359826785431,-14.519248157260108,143.7887049896324,4a49b08b041c578ec5981dc1472125b2af0a4d59,572a6a79dfaf6247292af8c946e3f621c520377d7eb449bd78e9b309f483fc6a,7e61f4823860ac67fc2cf7b88c0b78031ccbd9e2a1f7bf6285099b2c126d9b06,2026-08-06T11:21:41Z,2026-08-06-p2-finite-linear-memory-skill-decomposition,2.0
Elche,ORDER_SPECIFIC_p14,7,14,ridge_direct,951,165.56416617584213,-1.5874473985114719,-0.3626327879363771,163.61408598939428,4a49b08b041c578ec5981dc1472125b2af0a4d59,572a6a79dfaf6247292af8c946e3f621c520377d7eb449bd78e9b309f483fc6a,7e61f4823860ac67fc2cf7b88c0b78031ccbd9e2a1f7bf6285099b2c126d9b06,2026-08-06T11:21:41Z,2026-08-06-p2-finite-linear-memory-skill-decomposition,2.0
Elche,ORDER_SPECIFIC_p14,7,14,hgb_direct,951,165.56416617584213,-1.5874473985114719,-15.909456914409759,148.0672618629209,4a49b08b041c578ec5981dc1472125b2af0a4d59,572a6a79dfaf6247292af8c946e3f621c520377d7eb449bd78e9b309f483fc6a,7e61f4823860ac67fc2cf7b88c0b78031ccbd9e2a1f7bf6285099b2c126d9b06,2026-08-06T11:21:41Z,2026-08-06-p2-finite-linear-memory-skill-decomposition,2.0
Elche,ORDER_SPECIFIC_p21,1,21,ridge_direct,782,41.43570470641703,-4.016722614662967,-4.853637723446525,32.565344368307535,4a49b08b041c578ec5981dc1472125b2af0a4d59,572a6a79dfaf6247292af8c946e3f621c520377d7eb449bd78e9b309f483fc6a,7e61f4823860ac67fc2cf7b88c0b78031ccbd9e2a1f7bf6285099b2c126d9b06,2026-08-06T11:21:41Z,2026-08-06-p2-finite-linear-memory-skill-decomposition,2.0
Elche,ORDER_SPECIFIC_p21,1,21,hgb_direct,782,41.43570470641703,-4.016722614662967,-25.589097525716028,11.829884566038032,4a49b08b041c578ec5981dc1472125b2af0a4d59,572a6a79dfaf6247292af8c946e3f621c520377d7eb449bd78e9b309f483fc6a,7e61f4823860ac67fc2cf7b88c0b78031ccbd9e2a1f7bf6285099b2c126d9b06,2026-08-06T11:21:41Z,2026-08-06-p2-finite-linear-memory-skill-decomposition,2.0
Elche,ORDER_SPECIFIC_p21,2,21,ridge_direct,770,136.08376145275778,-2.4546174340904656,0.08584500700465014,133.71498902567197,4a49b08b041c578ec5981dc1472125b2af0a4d59,572a6a79dfaf6247292af8c946e3f621c520377d7eb449bd78e9b309f483fc6a,7e61f4823860ac67fc2cf7b88c0b78031ccbd9e2a1f7bf6285099b2c126d9b06,2026-08-06T11:21:41Z,2026-08-06-p2-finite-linear-memory-skill-decomposition,2.0
Elche,ORDER_SPECIFIC_p21,2,21,hgb_direct,770,136.08376145275778,-2.4546174340904656,-8.911985698258121,124.7171583204092,4a49b08b041c578ec5981dc1472125b2af0a4d59,572a6a79dfaf6247292af8c946e3f621c520377d7eb449bd78e9b309f483fc6a,7e61f4823860ac67fc2cf7b88c0b78031ccbd9e2a1f7bf6285099b2c126d9b06,2026-08-06T11:21:41Z,2026-08-06-p2-finite-linear-memory-skill-decomposition,2.0
Elche,ORDER_SPECIFIC_p21,3,21,ridge_direct,763,162.66329642593345,-1.8137732467253898,-0.11986757760044497,160.72965560160762,4a49b08b041c578ec5981dc1472125b2af0a4d59,572a6a79dfaf6247292af8c946e3f621c520377d7eb449bd78e9b309f483fc6a,7e61f4823860ac67fc2cf7b88c0b78031ccbd9e2a1f7bf6285099b2c126d9b06,2026-08-06T11:21:41Z,2026-08-06-p2-finite-linear-memory-skill-decomposition,2.0
Elche,ORDER_SPECIFIC_p21,3,21,hgb_direct,763,162.66329642593345,-1.8137732467253898,-10.75393938067171,150.09558379853635,4a49b08b041c578ec5981dc1472125b2af0a4d59,572a6a79dfaf6247292af8c946e3f621c520377d7eb449bd78e9b309f483fc6a,7e61f4823860ac67fc2cf7b88c0b78031ccbd9e2a1f7bf6285099b2c126d9b06,2026-08-06T11:21:41Z,2026-08-06-p2-finite-linear-memory-skill-decomposition,2.0
Elche,ORDER_SPECIFIC_p21,4,21,ridge_direct,757,178.305597781098,-1.4038370462388627,-0.9370156791466115,175.9647450557125,4a49b08b041c578ec5981dc1472125b2af0a4d59,572a6a79dfaf6247292af8c946e3f621c520377d7eb449bd78e9b309f483fc6a,7e61f4823860ac67fc2cf7b88c0b78031ccbd9e2a1f7bf6285099b2c126d9b06,2026-08-06T11:21:41Z,2026-08-06-p2-finite-linear-memory-skill-decomposition,2.0
Elche,ORDER_SPECIFIC_p21,4,21,hgb_direct,757,178.305597781098,-1.4038370462388627,-17.541115195842963,159.36064553901616,4a49b08b041c578ec5981dc1472125b2af0a4d59,572a6a79dfaf6247292af8c946e3f621c520377d7eb449bd78e9b309f483fc6a,7e61f4823860ac67fc2cf7b88c0b78031ccbd9e2a1f7bf6285099b2c126d9b06,2026-08-06T11:21:41Z,2026-08-06-p2-finite-linear-memory-skill-decomposition,2.0
Elche,ORDER_SPECIFIC_p21,5,21,ridge_direct,753,180.9808697761696,-2.48935421311387,-0.4653084560492289,178.0262071070065,4a49b08b041c578ec5981dc1472125b2af0a4d59,572a6a79dfaf6247292af8c946e3f621c520377d7eb449bd78e9b309f483fc6a,7e61f4823860ac67fc2cf7b88c0b78031ccbd9e2a1f7bf6285099b2c126d9b06,2026-08-06T11:21:41Z,2026-08-06-p2-finite-linear-memory-skill-decomposition,2.0
Elche,ORDER_SPECIFIC_p21,5,21,hgb_direct,753,180.9808697761696,-2.48935421311387,-14.03491752078898,164.45659804226676,4a49b08b041c578ec5981dc1472125b2af0a4d59,572a6a79dfaf6247292af8c946e3f621c520377d7eb449bd78e9b309f483fc6a,7e61f4823860ac67fc2cf7b88c0b78031ccbd9e2a1f7bf6285099b2c126d9b06,2026-08-06T11:21:41Z,2026-08-06-p2-finite-linear-memory-skill-decomposition,2.0
Elche,ORDER_SPECIFIC_p21,6,21,ridge_direct,750,179.2090709477359,-2.9444277908123695,-0.9854583990162382,175.2791847579073,4a49b08b041c578ec5981dc1472125b2af0a4d59,572a6a79dfaf6247292af8c946e3f621c520377d7eb449bd78e9b309f483fc6a,7e61f4823860ac67fc2cf7b88c0b78031ccbd9e2a1f7bf6285099b2c126d9b06,2026-08-06T11:21:41Z,2026-08-06-p2-finite-linear-memory-skill-decomposition,2.0
Elche,ORDER_SPECIFIC_p21,6,21,hgb_direct,750,179.2090709477359,-2.9444277908123695,-15.0632385549537,161.20140460196984,4a49b08b041c578ec5981dc1472125b2af0a4d59,572a6a79dfaf6247292af8c946e3f621c520377d7eb449bd78e9b309f483fc6a,7e61f4823860ac67fc2cf7b88c0b78031ccbd9e2a1f7bf6285099b2c126d9b06,2026-08-06T11:21:41Z,2026-08-06-p2-finite-linear-memory-skill-decomposition,2.0
Elche,ORDER_SPECIFIC_p21,7,21,ridge_direct,749,187.90271473827008,-2.7103851311630933,-1.3544050511969203,183.83792455591006,4a49b08b041c578ec5981dc1472125b2af0a4d59,572a6a79dfaf6247292af8c946e3f621c520377d7eb449bd78e9b309f483fc6a,7e61f4823860ac67fc2cf7b88c0b78031ccbd9e2a1f7bf6285099b2c126d9b06,2026-08-06T11:21:41Z,2026-08-06-p2-finite-linear-memory-skill-decomposition,2.0
Elche,ORDER_SPECIFIC_p21,7,21,hgb_direct,749,187.90271473827008,-2.7103851311630933,-15.959777241924257,169.23255236518273,4a49b08b041c578ec5981dc1472125b2af0a4d59,572a6a79dfaf6247292af8c946e3f621c520377d7eb449bd78e9b309f483fc6a,7e61f4823860ac67fc2cf7b88c0b78031ccbd9e2a1f7bf6285099b2c126d9b06,2026-08-06T11:21:41Z,2026-08-06-p2-finite-linear-memory-skill-decomposition,2.0
Valencia Vivers,GLOBAL_COMMON,1,7,ridge_direct,1180,16.946415677449636,-0.08148736843185134,-0.21910270517885522,16.64582560383893,4a49b08b041c578ec5981dc1472125b2af0a4d59,572a6a79dfaf6247292af8c946e3f621c520377d7eb449bd78e9b309f483fc6a,7e61f4823860ac67fc2cf7b88c0b78031ccbd9e2a1f7bf6285099b2c126d9b06,2026-08-06T11:21:41Z,2026-08-06-p2-finite-linear-memory-skill-decomposition,2.0
Valencia Vivers,GLOBAL_COMMON,1,7,hgb_direct,1180,16.946415677449636,-0.08148736843185134,-3.3905765982528777,13.474351710764907,4a49b08b041c578ec5981dc1472125b2af0a4d59,572a6a79dfaf6247292af8c946e3f621c520377d7eb449bd78e9b309f483fc6a,7e61f4823860ac67fc2cf7b88c0b78031ccbd9e2a1f7bf6285099b2c126d9b06,2026-08-06T11:21:41Z,2026-08-06-p2-finite-linear-memory-skill-decomposition,2.0
Valencia Vivers,GLOBAL_COMMON,1,14,ridge_direct,1180,16.946415677449636,-0.7046220146846309,0.40403194107392437,16.64582560383893,4a49b08b041c578ec5981dc1472125b2af0a4d59,572a6a79dfaf6247292af8c946e3f621c520377d7eb449bd78e9b309f483fc6a,7e61f4823860ac67fc2cf7b88c0b78031ccbd9e2a1f7bf6285099b2c126d9b06,2026-08-06T11:21:41Z,2026-08-06-p2-finite-linear-memory-skill-decomposition,2.0
Valencia Vivers,GLOBAL_COMMON,1,14,hgb_direct,1180,16.946415677449636,-0.7046220146846309,-2.767441952000098,13.474351710764907,4a49b08b041c578ec5981dc1472125b2af0a4d59,572a6a79dfaf6247292af8c946e3f621c520377d7eb449bd78e9b309f483fc6a,7e61f4823860ac67fc2cf7b88c0b78031ccbd9e2a1f7bf6285099b2c126d9b06,2026-08-06T11:21:41Z,2026-08-06-p2-finite-linear-memory-skill-decomposition,2.0
Valencia Vivers,GLOBAL_COMMON,1,21,ridge_direct,1180,16.946415677449636,-0.25488965722334456,-0.045700416387362,16.64582560383893,4a49b08b041c578ec5981dc1472125b2af0a4d59,572a6a79dfaf6247292af8c946e3f621c520377d7eb449bd78e9b309f483fc6a,7e61f4823860ac67fc2cf7b88c0b78031ccbd9e2a1f7bf6285099b2c126d9b06,2026-08-06T11:21:41Z,2026-08-06-p2-finite-linear-memory-skill-decomposition,2.0
Valencia Vivers,GLOBAL_COMMON,1,21,hgb_direct,1180,16.946415677449636,-0.25488965722334456,-3.2171743094613845,13.474351710764907,4a49b08b041c578ec5981dc1472125b2af0a4d59,572a6a79dfaf6247292af8c946e3f621c520377d7eb449bd78e9b309f483fc6a,7e61f4823860ac67fc2cf7b88c0b78031ccbd9e2a1f7bf6285099b2c126d9b06,2026-08-06T11:21:41Z,2026-08-06-p2-finite-linear-memory-skill-decomposition,2.0
Valencia Vivers,GLOBAL_COMMON,2,7,ridge_direct,1171,48.135991174332474,0.6544125593532613,-0.6116940246438531,48.17870970904188,4a49b08b041c578ec5981dc1472125b2af0a4d59,572a6a79dfaf6247292af8c946e3f621c520377d7eb449bd78e9b309f483fc6a,7e61f4823860ac67fc2cf7b88c0b78031ccbd9e2a1f7bf6285099b2c126d9b06,2026-08-06T11:21:41Z,2026-08-06-p2-finite-linear-memory-skill-decomposition,2.0
Valencia Vivers,GLOBAL_COMMON,2,7,hgb_direct,1171,48.135991174332474,0.6544125593532613,2.28348537027631,51.073889103962046,4a49b08b041c578ec5981dc1472125b2af0a4d59,572a6a79dfaf6247292af8c946e3f621c520377d7eb449bd78e9b309f483fc6a,7e61f4823860ac67fc2cf7b88c0b78031ccbd9e2a1f7bf6285099b2c126d9b06,2026-08-06T11:21:41Z,2026-08-06-p2-finite-linear-memory-skill-decomposition,2.0
Valencia Vivers,GLOBAL_COMMON,2,14,ridge_direct,1171,48.135991174332474,0.48135568285165675,-0.43863714814224863,48.17870970904188,4a49b08b041c578ec5981dc1472125b2af0a4d59,572a6a79dfaf6247292af8c946e3f621c520377d7eb449bd78e9b309f483fc6a,7e61f4823860ac67fc2cf7b88c0b78031ccbd9e2a1f7bf6285099b2c126d9b06,2026-08-06T11:21:41Z,2026-08-06-p2-finite-linear-memory-skill-decomposition,2.0
Valencia Vivers,GLOBAL_COMMON,2,14,hgb_direct,1171,48.135991174332474,0.48135568285165675,2.4565422467779143,51.073889103962046,4a49b08b041c578ec5981dc1472125b2af0a4d59,572a6a79dfaf6247292af8c946e3f621c520377d7eb449bd78e9b309f483fc6a,7e61f4823860ac67fc2cf7b88c0b78031ccbd9e2a1f7bf6285099b2c126d9b06,2026-08-06T11:21:41Z,2026-08-06-p2-finite-linear-memory-skill-decomposition,2.0
Valencia Vivers,GLOBAL_COMMON,2,21,ridge_direct,1171,48.135991174332474,0.4411856362747528,-0.3984671015653447,48.17870970904188,4a49b08b041c578ec5981dc1472125b2af0a4d59,572a6a79dfaf6247292af8c946e3f621c520377d7eb449bd78e9b309f483fc6a,7e61f4823860ac67fc2cf7b88c0b78031ccbd9e2a1f7bf6285099b2c126d9b06,2026-08-06T11:21:41Z,2026-08-06-p2-finite-linear-memory-skill-decomposition,2.0
Valencia Vivers,GLOBAL_COMMON,2,21,hgb_direct,1171,48.135991174332474,0.4411856362747528,2.4967122933548183,51.073889103962046,4a49b08b041c578ec5981dc1472125b2af0a4d59,572a6a79dfaf6247292af8c946e3f621c520377d7eb449bd78e9b309f483fc6a,7e61f4823860ac67fc2cf7b88c0b78031ccbd9e2a1f7bf6285099b2c126d9b06,2026-08-06T11:21:41Z,2026-08-06-p2-finite-linear-memory-skill-decomposition,2.0
Valencia Vivers,GLOBAL_COMMON,3,7,ridge_direct,1163,59.52742899368032,-0.35968498066972643,-0.46045033007696645,58.707293682933624,4a49b08b041c578ec5981dc1472125b2af0a4d59,572a6a79dfaf6247292af8c946e3f621c520377d7eb449bd78e9b309f483fc6a,7e61f4823860ac67fc2cf7b88c0b78031ccbd9e2a1f7bf6285099b2c126d9b06,2026-08-06T11:21:41Z,2026-08-06-p2-finite-linear-memory-skill-decomposition,2.0
Valencia Vivers,GLOBAL_COMMON,3,7,hgb_direct,1163,59.52742899368032,-0.35968498066972643,-1.167825659024956,57.999918353985635,4a49b08b041c578ec5981dc1472125b2af0a4d59,572a6a79dfaf6247292af8c946e3f621c520377d7eb449bd78e9b309f483fc6a,7e61f4823860ac67fc2cf7b88c0b78031ccbd9e2a1f7bf6285099b2c126d9b06,2026-08-06T11:21:41Z,2026-08-06-p2-finite-linear-memory-skill-decomposition,2.0
Valencia Vivers,GLOBAL_COMMON,3,14,ridge_direct,1163,59.52742899368032,-0.24675327131961922,-0.5733820394270737,58.707293682933624,4a49b08b041c578ec5981dc1472125b2af0a4d59,572a6a79dfaf6247292af8c946e3f621c520377d7eb449bd78e9b309f483fc6a,7e61f4823860ac67fc2cf7b88c0b78031ccbd9e2a1f7bf6285099b2c126d9b06,2026-08-06T11:21:41Z,2026-08-06-p2-finite-linear-memory-skill-decomposition,2.0
Valencia Vivers,GLOBAL_COMMON,3,14,hgb_direct,1163,59.52742899368032,-0.24675327131961922,-1.2807573683750633,57.999918353985635,4a49b08b041c578ec5981dc1472125b2af0a4d59,572a6a79dfaf6247292af8c946e3f621c520377d7eb449bd78e9b309f483fc6a,7e61f4823860ac67fc2cf7b88c0b78031ccbd9e2a1f7bf6285099b2c126d9b06,2026-08-06T11:21:41Z,2026-08-06-p2-finite-linear-memory-skill-decomposition,2.0
Valencia Vivers,GLOBAL_COMMON,3,21,ridge_direct,1163,59.52742899368032,-0.5866854185657786,-0.23344989218091428,58.707293682933624,4a49b08b041c578ec5981dc1472125b2af0a4d59,572a6a79dfaf6247292af8c946e3f621c520377d7eb449bd78e9b309f483fc6a,7e61f4823860ac67fc2cf7b88c0b78031ccbd9e2a1f7bf6285099b2c126d9b06,2026-08-06T11:21:41Z,2026-08-06-p2-finite-linear-memory-skill-decomposition,2.0
Valencia Vivers,GLOBAL_COMMON,3,21,hgb_direct,1163,59.52742899368032,-0.5866854185657786,-0.9408252211289039,57.999918353985635,4a49b08b041c578ec5981dc1472125b2af0a4d59,572a6a79dfaf6247292af8c946e3f621c520377d7eb449bd78e9b309f483fc6a,7e61f4823860ac67fc2cf7b88c0b78031ccbd9e2a1f7bf6285099b2c126d9b06,2026-08-06T11:21:41Z,2026-08-06-p2-finite-linear-memory-skill-decomposition,2.0
Valencia Vivers,GLOBAL_COMMON,4,7,ridge_direct,1155,69.1445703088863,-0.19438152847276058,0.015460991382056477,68.9656497717956,4a49b08b041c578ec5981dc1472125b2af0a4d59,572a6a79dfaf6247292af8c946e3f621c520377d7eb449bd78e9b309f483fc6a,7e61f4823860ac67fc2cf7b88c0b78031ccbd9e2a1f7bf6285099b2c126d9b06,2026-08-06T11:21:41Z,2026-08-06-p2-finite-linear-memory-skill-decomposition,2.0
Valencia Vivers,GLOBAL_COMMON,4,7,hgb_direct,1155,69.1445703088863,-0.19438152847276058,-2.1871633890982025,66.76302539131534,4a49b08b041c578ec5981dc1472125b2af0a4d59,572a6a79dfaf6247292af8c946e3f621c520377d7eb449bd78e9b309f483fc6a,7e61f4823860ac67fc2cf7b88c0b78031ccbd9e2a1f7bf6285099b2c126d9b06,2026-08-06T11:21:41Z,2026-08-06-p2-finite-linear-memory-skill-decomposition,2.0
Valencia Vivers,GLOBAL_COMMON,4,14,ridge_direct,1155,69.1445703088863,-0.2219108044344722,0.042990267343768096,68.9656497717956,4a49b08b041c578ec5981dc1472125b2af0a4d59,572a6a79dfaf6247292af8c946e3f621c520377d7eb449bd78e9b309f483fc6a,7e61f4823860ac67fc2cf7b88c0b78031ccbd9e2a1f7bf6285099b2c126d9b06,2026-08-06T11:21:41Z,2026-08-06-p2-finite-linear-memory-skill-decomposition,2.0
Valencia Vivers,GLOBAL_COMMON,4,14,hgb_direct,1155,69.1445703088863,-0.2219108044344722,-2.159634113136491,66.76302539131534,4a49b08b041c578ec5981dc1472125b2af0a4d59,572a6a79dfaf6247292af8c946e3f621c520377d7eb449bd78e9b309f483fc6a,7e61f4823860ac67fc2cf7b88c0b78031ccbd9e2a1f7bf6285099b2c126d9b06,2026-08-06T11:21:41Z,2026-08-06-p2-finite-linear-memory-skill-decomposition,2.0
Valencia Vivers,GLOBAL_COMMON,4,21,ridge_direct,1155,69.1445703088863,-0.3308194139137157,0.15189887682301162,68.9656497717956,4a49b08b041c578ec5981dc1472125b2af0a4d59,572a6a79dfaf6247292af8c946e3f621c520377d7eb449bd78e9b309f483fc6a,7e61f4823860ac67fc2cf7b88c0b78031ccbd9e2a1f7bf6285099b2c126d9b06,2026-08-06T11:21:41Z,2026-08-06-p2-finite-linear-memory-skill-decomposition,2.0
Valencia Vivers,GLOBAL_COMMON,4,21,hgb_direct,1155,69.1445703088863,-0.3308194139137157,-2.0507255036572474,66.76302539131534,4a49b08b041c578ec5981dc1472125b2af0a4d59,572a6a79dfaf6247292af8c946e3f621c520377d7eb449bd78e9b309f483fc6a,7e61f4823860ac67fc2cf7b88c0b78031ccbd9e2a1f7bf6285099b2c126d9b06,2026-08-06T11:21:41Z,2026-08-06-p2-finite-linear-memory-skill-decomposition,2.0
Valencia Vivers,GLOBAL_COMMON,5,7,ridge_direct,1147,80.57065149407907,0.928542508628027,0.14815120586816022,81.64734520857526,4a49b08b041c578ec5981dc1472125b2af0a4d59,572a6a79dfaf6247292af8c946e3f621c520377d7eb449bd78e9b309f483fc6a,7e61f4823860ac67fc2cf7b88c0b78031ccbd9e2a1f7bf6285099b2c126d9b06,2026-08-06T11:21:41Z,2026-08-06-p2-finite-linear-memory-skill-decomposition,2.0
Valencia Vivers,GLOBAL_COMMON,5,7,hgb_direct,1147,80.57065149407907,0.928542508628027,-2.4910797848967974,79.0081142178103,4a49b08b041c578ec5981dc1472125b2af0a4d59,572a6a79dfaf6247292af8c946e3f621c520377d7eb449bd78e9b309f483fc6a,7e61f4823860ac67fc2cf7b88c0b78031ccbd9e2a1f7bf6285099b2c126d9b06,2026-08-06T11:21:41Z,2026-08-06-p2-finite-linear-memory-skill-decomposition,2.0
Valencia Vivers,GLOBAL_COMMON,5,14,ridge_direct,1147,80.57065149407907,0.6951447291711474,0.3815489853250398,81.64734520857526,4a49b08b041c578ec5981dc1472125b2af0a4d59,572a6a79dfaf6247292af8c946e3f621c520377d7eb449bd78e9b309f483fc6a,7e61f4823860ac67fc2cf7b88c0b78031ccbd9e2a1f7bf6285099b2c126d9b06,2026-08-06T11:21:41Z,2026-08-06-p2-finite-linear-memory-skill-decomposition,2.0
Valencia Vivers,GLOBAL_COMMON,5,14,hgb_direct,1147,80.57065149407907,0.6951447291711474,-2.257682005439918,79.0081142178103,4a49b08b041c578ec5981dc1472125b2af0a4d59,572a6a79dfaf6247292af8c946e3f621c520377d7eb449bd78e9b309f483fc6a,7e61f4823860ac67fc2cf7b88c0b78031ccbd9e2a1f7bf6285099b2c126d9b06,2026-08-06T11:21:41Z,2026-08-06-p2-finite-linear-memory-skill-decomposition,2.0
Valencia Vivers,GLOBAL_COMMON,5,21,ridge_direct,1147,80.57065149407907,0.5647994514564516,0.5118942630397356,81.64734520857526,4a49b08b041c578ec5981dc1472125b2af0a4d59,572a6a79dfaf6247292af8c946e3f621c520377d7eb449bd78e9b309f483fc6a,7e61f4823860ac67fc2cf7b88c0b78031ccbd9e2a1f7bf6285099b2c126d9b06,2026-08-06T11:21:41Z,2026-08-06-p2-finite-linear-memory-skill-decomposition,2.0
Valencia Vivers,GLOBAL_COMMON,5,21,hgb_direct,1147,80.57065149407907,0.5647994514564516,-2.127336727725222,79.0081142178103,4a49b08b041c578ec5981dc1472125b2af0a4d59,572a6a79dfaf6247292af8c946e3f621c520377d7eb449bd78e9b309f483fc6a,7e61f4823860ac67fc2cf7b88c0b78031ccbd9e2a1f7bf6285099b2c126d9b06,2026-08-06T11:21:41Z,2026-08-06-p2-finite-linear-memory-skill-decomposition,2.0
Valencia Vivers,GLOBAL_COMMON,6,7,ridge_direct,1143,84.04794826916438,1.174858144440961,0.09513785592505997,85.3179442695304,4a49b08b041c578ec5981dc1472125b2af0a4d59,572a6a79dfaf6247292af8c946e3f621c520377d7eb449bd78e9b309f483fc6a,7e61f4823860ac67fc2cf7b88c0b78031ccbd9e2a1f7bf6285099b2c126d9b06,2026-08-06T11:21:41Z,2026-08-06-p2-finite-linear-memory-skill-decomposition,2.0
Valencia Vivers,GLOBAL_COMMON,6,7,hgb_direct,1143,84.04794826916438,1.174858144440961,-4.162862124340478,81.05994428926486,4a49b08b041c578ec5981dc1472125b2af0a4d59,572a6a79dfaf6247292af8c946e3f621c520377d7eb449bd78e9b309f483fc6a,7e61f4823860ac67fc2cf7b88c0b78031ccbd9e2a1f7bf6285099b2c126d9b06,2026-08-06T11:21:41Z,2026-08-06-p2-finite-linear-memory-skill-decomposition,2.0
Valencia Vivers,GLOBAL_COMMON,6,14,ridge_direct,1143,84.04794826916438,1.25101282698472,0.018983173381300844,85.3179442695304,4a49b08b041c578ec5981dc1472125b2af0a4d59,572a6a79dfaf6247292af8c946e3f621c520377d7eb449bd78e9b309f483fc6a,7e61f4823860ac67fc2cf7b88c0b78031ccbd9e2a1f7bf6285099b2c126d9b06,2026-08-06T11:21:41Z,2026-08-06-p2-finite-linear-memory-skill-decomposition,2.0
Valencia Vivers,GLOBAL_COMMON,6,14,hgb_direct,1143,84.04794826916438,1.25101282698472,-4.239016806884237,81.05994428926486,4a49b08b041c578ec5981dc1472125b2af0a4d59,572a6a79dfaf6247292af8c946e3f621c520377d7eb449bd78e9b309f483fc6a,7e61f4823860ac67fc2cf7b88c0b78031ccbd9e2a1f7bf6285099b2c126d9b06,2026-08-06T11:21:41Z,2026-08-06-p2-finite-linear-memory-skill-decomposition,2.0
Valencia Vivers,GLOBAL_COMMON,6,21,ridge_direct,1143,84.04794826916438,0.9130416681701092,0.35695433219591166,85.3179442695304,4a49b08b041c578ec5981dc1472125b2af0a4d59,572a6a79dfaf6247292af8c946e3f621c520377d7eb449bd78e9b309f483fc6a,7e61f4823860ac67fc2cf7b88c0b78031ccbd9e2a1f7bf6285099b2c126d9b06,2026-08-06T11:21:41Z,2026-08-06-p2-finite-linear-memory-skill-decomposition,2.0
Valencia Vivers,GLOBAL_COMMON,6,21,hgb_direct,1143,84.04794826916438,0.9130416681701092,-3.9010456480696263,81.05994428926486,4a49b08b041c578ec5981dc1472125b2af0a4d59,572a6a79dfaf6247292af8c946e3f621c520377d7eb449bd78e9b309f483fc6a,7e61f4823860ac67fc2cf7b88c0b78031ccbd9e2a1f7bf6285099b2c126d9b06,2026-08-06T11:21:41Z,2026-08-06-p2-finite-linear-memory-skill-decomposition,2.0
Valencia Vivers,GLOBAL_COMMON,7,7,ridge_direct,1138,89.28038681599294,2.1544121496832247,0.19104089490861043,91.62583986058478,4a49b08b041c578ec5981dc1472125b2af0a4d59,572a6a79dfaf6247292af8c946e3f621c520377d7eb449bd78e9b309f483fc6a,7e61f4823860ac67fc2cf7b88c0b78031ccbd9e2a1f7bf6285099b2c126d9b06,2026-08-06T11:21:41Z,2026-08-06-p2-finite-linear-memory-skill-decomposition,2.0
Valencia Vivers,GLOBAL_COMMON,7,7,hgb_direct,1138,89.28038681599294,2.1544121496832247,-5.147605718371381,86.28719324730478,4a49b08b041c578ec5981dc1472125b2af0a4d59,572a6a79dfaf6247292af8c946e3f621c520377d7eb449bd78e9b309f483fc6a,7e61f4823860ac67fc2cf7b88c0b78031ccbd9e2a1f7bf6285099b2c126d9b06,2026-08-06T11:21:41Z,2026-08-06-p2-finite-linear-memory-skill-decomposition,2.0
Valencia Vivers,GLOBAL_COMMON,7,14,ridge_direct,1138,89.28038681599294,2.136114700946564,0.20933834364527115,91.62583986058478,4a49b08b041c578ec5981dc1472125b2af0a4d59,572a6a79dfaf6247292af8c946e3f621c520377d7eb449bd78e9b309f483fc6a,7e61f4823860ac67fc2cf7b88c0b78031ccbd9e2a1f7bf6285099b2c126d9b06,2026-08-06T11:21:41Z,2026-08-06-p2-finite-linear-memory-skill-decomposition,2.0
Valencia Vivers,GLOBAL_COMMON,7,14,hgb_direct,1138,89.28038681599294,2.136114700946564,-5.12930826963472,86.28719324730478,4a49b08b041c578ec5981dc1472125b2af0a4d59,572a6a79dfaf6247292af8c946e3f621c520377d7eb449bd78e9b309f483fc6a,7e61f4823860ac67fc2cf7b88c0b78031ccbd9e2a1f7bf6285099b2c126d9b06,2026-08-06T11:21:41Z,2026-08-06-p2-finite-linear-memory-skill-decomposition,2.0
Valencia Vivers,GLOBAL_COMMON,7,21,ridge_direct,1138,89.28038681599294,1.615116579142125,0.7303364654497102,91.62583986058478,4a49b08b041c578ec5981dc1472125b2af0a4d59,572a6a79dfaf6247292af8c946e3f621c520377d7eb449bd78e9b309f483fc6a,7e61f4823860ac67fc2cf7b88c0b78031ccbd9e2a1f7bf6285099b2c126d9b06,2026-08-06T11:21:41Z,2026-08-06-p2-finite-linear-memory-skill-decomposition,2.0
Valencia Vivers,GLOBAL_COMMON,7,21,hgb_direct,1138,89.28038681599294,1.615116579142125,-4.608310147830281,86.28719324730478,4a49b08b041c578ec5981dc1472125b2af0a4d59,572a6a79dfaf6247292af8c946e3f621c520377d7eb449bd78e9b309f483fc6a,7e61f4823860ac67fc2cf7b88c0b78031ccbd9e2a1f7bf6285099b2c126d9b06,2026-08-06T11:21:41Z,2026-08-06-p2-finite-linear-memory-skill-decomposition,2.0
Valencia Vivers,ORDER_SPECIFIC_p7,1,7,ridge_direct,1479,15.71914830946183,-0.15931201585731003,-0.11825796127537558,15.441578332329144,4a49b08b041c578ec5981dc1472125b2af0a4d59,572a6a79dfaf6247292af8c946e3f621c520377d7eb449bd78e9b309f483fc6a,7e61f4823860ac67fc2cf7b88c0b78031ccbd9e2a1f7bf6285099b2c126d9b06,2026-08-06T11:21:41Z,2026-08-06-p2-finite-linear-memory-skill-decomposition,2.0
Valencia Vivers,ORDER_SPECIFIC_p7,1,7,hgb_direct,1479,15.71914830946183,-0.15931201585731003,-3.5016794697588836,12.058156823845636,4a49b08b041c578ec5981dc1472125b2af0a4d59,572a6a79dfaf6247292af8c946e3f621c520377d7eb449bd78e9b309f483fc6a,7e61f4823860ac67fc2cf7b88c0b78031ccbd9e2a1f7bf6285099b2c126d9b06,2026-08-06T11:21:41Z,2026-08-06-p2-finite-linear-memory-skill-decomposition,2.0
Valencia Vivers,ORDER_SPECIFIC_p7,2,7,ridge_direct,1470,44.431991760263486,0.49159960645046397,-0.4592595234379928,44.46433184327596,4a49b08b041c578ec5981dc1472125b2af0a4d59,572a6a79dfaf6247292af8c946e3f621c520377d7eb449bd78e9b309f483fc6a,7e61f4823860ac67fc2cf7b88c0b78031ccbd9e2a1f7bf6285099b2c126d9b06,2026-08-06T11:21:41Z,2026-08-06-p2-finite-linear-memory-skill-decomposition,2.0
Valencia Vivers,ORDER_SPECIFIC_p7,2,7,hgb_direct,1470,44.431991760263486,0.49159960645046397,0.05795513664291718,44.98154650335687,4a49b08b041c578ec5981dc1472125b2af0a4d59,572a6a79dfaf6247292af8c946e3f621c520377d7eb449bd78e9b309f483fc6a,7e61f4823860ac67fc2cf7b88c0b78031ccbd9e2a1f7bf6285099b2c126d9b06,2026-08-06T11:21:41Z,2026-08-06-p2-finite-linear-memory-skill-decomposition,2.0
Valencia Vivers,ORDER_SPECIFIC_p7,3,7,ridge_direct,1461,58.24311526759311,0.2446580677851813,-0.3193459085827186,58.168427426795574,4a49b08b041c578ec5981dc1472125b2af0a4d59,572a6a79dfaf6247292af8c946e3f621c520377d7eb449bd78e9b309f483fc6a,7e61f4823860ac67fc2cf7b88c0b78031ccbd9e2a1f7bf6285099b2c126d9b06,2026-08-06T11:21:41Z,2026-08-06-p2-finite-linear-memory-skill-decomposition,2.0
Valencia Vivers,ORDER_SPECIFIC_p7,3,7,hgb_direct,1461,58.24311526759311,0.2446580677851813,-2.8656566299325448,55.62211670544575,4a49b08b041c578ec5981dc1472125b2af0a4d59,572a6a79dfaf6247292af8c946e3f621c520377d7eb449bd78e9b309f483fc6a,7e61f4823860ac67fc2cf7b88c0b78031ccbd9e2a1f7bf6285099b2c126d9b06,2026-08-06T11:21:41Z,2026-08-06-p2-finite-linear-memory-skill-decomposition,2.0
Valencia Vivers,ORDER_SPECIFIC_p7,4,7,ridge_direct,1454,67.80868939082102,0.5057507496296125,0.05674021187222422,68.37118035232285,4a49b08b041c578ec5981dc1472125b2af0a4d59,572a6a79dfaf6247292af8c946e3f621c520377d7eb449bd78e9b309f483fc6a,7e61f4823860ac67fc2cf7b88c0b78031ccbd9e2a1f7bf6285099b2c126d9b06,2026-08-06T11:21:41Z,2026-08-06-p2-finite-linear-memory-skill-decomposition,2.0
Valencia Vivers,ORDER_SPECIFIC_p7,4,7,hgb_direct,1454,67.80868939082102,0.5057507496296125,-3.8254058918812746,64.48903424856935,4a49b08b041c578ec5981dc1472125b2af0a4d59,572a6a79dfaf6247292af8c946e3f621c520377d7eb449bd78e9b309f483fc6a,7e61f4823860ac67fc2cf7b88c0b78031ccbd9e2a1f7bf6285099b2c126d9b06,2026-08-06T11:21:41Z,2026-08-06-p2-finite-linear-memory-skill-decomposition,2.0
Valencia Vivers,ORDER_SPECIFIC_p7,5,7,ridge_direct,1446,76.92831125640544,1.2679927864760288,0.06867611860020872,78.26498016148167,4a49b08b041c578ec5981dc1472125b2af0a4d59,572a6a79dfaf6247292af8c946e3f621c520377d7eb449bd78e9b309f483fc6a,7e61f4823860ac67fc2cf7b88c0b78031ccbd9e2a1f7bf6285099b2c126d9b06,2026-08-06T11:21:41Z,2026-08-06-p2-finite-linear-memory-skill-decomposition,2.0
Valencia Vivers,ORDER_SPECIFIC_p7,5,7,hgb_direct,1446,76.92831125640544,1.2679927864760288,-3.949918797132753,74.24638524574871,4a49b08b041c578ec5981dc1472125b2af0a4d59,572a6a79dfaf6247292af8c946e3f621c520377d7eb449bd78e9b309f483fc6a,7e61f4823860ac67fc2cf7b88c0b78031ccbd9e2a1f7bf6285099b2c126d9b06,2026-08-06T11:21:41Z,2026-08-06-p2-finite-linear-memory-skill-decomposition,2.0
Valencia Vivers,ORDER_SPECIFIC_p7,6,7,ridge_direct,1442,76.99635567367423,1.2582766452903371,-0.15861151173676546,78.0960208072278,4a49b08b041c578ec5981dc1472125b2af0a4d59,572a6a79dfaf6247292af8c946e3f621c520377d7eb449bd78e9b309f483fc6a,7e61f4823860ac67fc2cf7b88c0b78031ccbd9e2a1f7bf6285099b2c126d9b06,2026-08-06T11:21:41Z,2026-08-06-p2-finite-linear-memory-skill-decomposition,2.0
Valencia Vivers,ORDER_SPECIFIC_p7,6,7,hgb_direct,1442,76.99635567367423,1.2582766452903371,-4.812926824257303,73.44170549470726,4a49b08b041c578ec5981dc1472125b2af0a4d59,572a6a79dfaf6247292af8c946e3f621c520377d7eb449bd78e9b309f483fc6a,7e61f4823860ac67fc2cf7b88c0b78031ccbd9e2a1f7bf6285099b2c126d9b06,2026-08-06T11:21:41Z,2026-08-06-p2-finite-linear-memory-skill-decomposition,2.0
Valencia Vivers,ORDER_SPECIFIC_p7,7,7,ridge_direct,1434,80.06534909338778,2.156622309282355,-0.27989893120407316,81.94207247146606,4a49b08b041c578ec5981dc1472125b2af0a4d59,572a6a79dfaf6247292af8c946e3f621c520377d7eb449bd78e9b309f483fc6a,7e61f4823860ac67fc2cf7b88c0b78031ccbd9e2a1f7bf6285099b2c126d9b06,2026-08-06T11:21:41Z,2026-08-06-p2-finite-linear-memory-skill-decomposition,2.0
Valencia Vivers,ORDER_SPECIFIC_p7,7,7,hgb_direct,1434,80.06534909338778,2.156622309282355,-6.004059457131547,76.21791194553859,4a49b08b041c578ec5981dc1472125b2af0a4d59,572a6a79dfaf6247292af8c946e3f621c520377d7eb449bd78e9b309f483fc6a,7e61f4823860ac67fc2cf7b88c0b78031ccbd9e2a1f7bf6285099b2c126d9b06,2026-08-06T11:21:41Z,2026-08-06-p2-finite-linear-memory-skill-decomposition,2.0
Valencia Vivers,ORDER_SPECIFIC_p14,1,14,ridge_direct,1315,16.299607832862975,-0.5386755091147108,0.3435762668958944,16.10450859064416,4a49b08b041c578ec5981dc1472125b2af0a4d59,572a6a79dfaf6247292af8c946e3f621c520377d7eb449bd78e9b309f483fc6a,7e61f4823860ac67fc2cf7b88c0b78031ccbd9e2a1f7bf6285099b2c126d9b06,2026-08-06T11:21:41Z,2026-08-06-p2-finite-linear-memory-skill-decomposition,2.0
Valencia Vivers,ORDER_SPECIFIC_p14,1,14,hgb_direct,1315,16.299607832862975,-0.5386755091147108,-3.135137763236088,12.625794560512176,4a49b08b041c578ec5981dc1472125b2af0a4d59,572a6a79dfaf6247292af8c946e3f621c520377d7eb449bd78e9b309f483fc6a,7e61f4823860ac67fc2cf7b88c0b78031ccbd9e2a1f7bf6285099b2c126d9b06,2026-08-06T11:21:41Z,2026-08-06-p2-finite-linear-memory-skill-decomposition,2.0
Valencia Vivers,ORDER_SPECIFIC_p14,2,14,ridge_direct,1306,46.35110784688179,0.8924426727953829,-0.6923099572012603,46.55124056247591,4a49b08b041c578ec5981dc1472125b2af0a4d59,572a6a79dfaf6247292af8c946e3f621c520377d7eb449bd78e9b309f483fc6a,7e61f4823860ac67fc2cf7b88c0b78031ccbd9e2a1f7bf6285099b2c126d9b06,2026-08-06T11:21:41Z,2026-08-06-p2-finite-linear-memory-skill-decomposition,2.0
Valencia Vivers,ORDER_SPECIFIC_p14,2,14,hgb_direct,1306,46.35110784688179,0.8924426727953829,0.009909003317005727,47.25345952299418,4a49b08b041c578ec5981dc1472125b2af0a4d59,572a6a79dfaf6247292af8c946e3f621c520377d7eb449bd78e9b309f483fc6a,7e61f4823860ac67fc2cf7b88c0b78031ccbd9e2a1f7bf6285099b2c126d9b06,2026-08-06T11:21:41Z,2026-08-06-p2-finite-linear-memory-skill-decomposition,2.0
Valencia Vivers,ORDER_SPECIFIC_p14,3,14,ridge_direct,1297,58.36153794164177,0.6677959036177583,-1.0566255967489724,57.97270824851056,4a49b08b041c578ec5981dc1472125b2af0a4d59,572a6a79dfaf6247292af8c946e3f621c520377d7eb449bd78e9b309f483fc6a,7e61f4823860ac67fc2cf7b88c0b78031ccbd9e2a1f7bf6285099b2c126d9b06,2026-08-06T11:21:41Z,2026-08-06-p2-finite-linear-memory-skill-decomposition,2.0
Valencia Vivers,ORDER_SPECIFIC_p14,3,14,hgb_direct,1297,58.36153794164177,0.6677959036177583,-3.744679168901726,55.2846546763578,4a49b08b041c578ec5981dc1472125b2af0a4d59,572a6a79dfaf6247292af8c946e3f621c520377d7eb449bd78e9b309f483fc6a,7e61f4823860ac67fc2cf7b88c0b78031ccbd9e2a1f7bf6285099b2c126d9b06,2026-08-06T11:21:41Z,2026-08-06-p2-finite-linear-memory-skill-decomposition,2.0
Valencia Vivers,ORDER_SPECIFIC_p14,4,14,ridge_direct,1289,67.23689495181507,0.5881307381013414,-0.5061742734773418,67.31885141643907,4a49b08b041c578ec5981dc1472125b2af0a4d59,572a6a79dfaf6247292af8c946e3f621c520377d7eb449bd78e9b309f483fc6a,7e61f4823860ac67fc2cf7b88c0b78031ccbd9e2a1f7bf6285099b2c126d9b06,2026-08-06T11:21:41Z,2026-08-06-p2-finite-linear-memory-skill-decomposition,2.0
Valencia Vivers,ORDER_SPECIFIC_p14,4,14,hgb_direct,1289,67.23689495181507,0.5881307381013414,-4.7808527646485,63.044172925267915,4a49b08b041c578ec5981dc1472125b2af0a4d59,572a6a79dfaf6247292af8c946e3f621c520377d7eb449bd78e9b309f483fc6a,7e61f4823860ac67fc2cf7b88c0b78031ccbd9e2a1f7bf6285099b2c126d9b06,2026-08-06T11:21:41Z,2026-08-06-p2-finite-linear-memory-skill-decomposition,2.0
Valencia Vivers,ORDER_SPECIFIC_p14,5,14,ridge_direct,1281,78.20206759118757,1.5065051270495928,-0.3859656127705904,79.32260710546657,4a49b08b041c578ec5981dc1472125b2af0a4d59,572a6a79dfaf6247292af8c946e3f621c520377d7eb449bd78e9b309f483fc6a,7e61f4823860ac67fc2cf7b88c0b78031ccbd9e2a1f7bf6285099b2c126d9b06,2026-08-06T11:21:41Z,2026-08-06-p2-finite-linear-memory-skill-decomposition,2.0
Valencia Vivers,ORDER_SPECIFIC_p14,5,14,hgb_direct,1281,78.20206759118757,1.5065051270495928,-4.0566736896745255,75.65189902856264,4a49b08b041c578ec5981dc1472125b2af0a4d59,572a6a79dfaf6247292af8c946e3f621c520377d7eb449bd78e9b309f483fc6a,7e61f4823860ac67fc2cf7b88c0b78031ccbd9e2a1f7bf6285099b2c126d9b06,2026-08-06T11:21:41Z,2026-08-06-p2-finite-linear-memory-skill-decomposition,2.0
Valencia Vivers,ORDER_SPECIFIC_p14,6,14,ridge_direct,1277,80.38740824684915,1.8733914201010862,-0.640705714972654,81.62009395197758,4a49b08b041c578ec5981dc1472125b2af0a4d59,572a6a79dfaf6247292af8c946e3f621c520377d7eb449bd78e9b309f483fc6a,7e61f4823860ac67fc2cf7b88c0b78031ccbd9e2a1f7bf6285099b2c126d9b06,2026-08-06T11:21:41Z,2026-08-06-p2-finite-linear-memory-skill-decomposition,2.0
Valencia Vivers,ORDER_SPECIFIC_p14,6,14,hgb_direct,1277,80.38740824684915,1.8733914201010862,-5.179376592198068,77.08142307475217,4a49b08b041c578ec5981dc1472125b2af0a4d59,572a6a79dfaf6247292af8c946e3f621c520377d7eb449bd78e9b309f483fc6a,7e61f4823860ac67fc2cf7b88c0b78031ccbd9e2a1f7bf6285099b2c126d9b06,2026-08-06T11:21:41Z,2026-08-06-p2-finite-linear-memory-skill-decomposition,2.0
Valencia Vivers,ORDER_SPECIFIC_p14,7,14,ridge_direct,1272,82.76420907133121,2.258007347508453,-0.48561344606234513,84.53660297277732,4a49b08b041c578ec5981dc1472125b2af0a4d59,572a6a79dfaf6247292af8c946e3f621c520377d7eb449bd78e9b309f483fc6a,7e61f4823860ac67fc2cf7b88c0b78031ccbd9e2a1f7bf6285099b2c126d9b06,2026-08-06T11:21:41Z,2026-08-06-p2-finite-linear-memory-skill-decomposition,2.0
Valencia Vivers,ORDER_SPECIFIC_p14,7,14,hgb_direct,1272,82.76420907133121,2.258007347508453,-6.058049682613259,78.9641667362264,4a49b08b041c578ec5981dc1472125b2af0a4d59,572a6a79dfaf6247292af8c946e3f621c520377d7eb449bd78e9b309f483fc6a,7e61f4823860ac67fc2cf7b88c0b78031ccbd9e2a1f7bf6285099b2c126d9b06,2026-08-06T11:21:41Z,2026-08-06-p2-finite-linear-memory-skill-decomposition,2.0
Valencia Vivers,ORDER_SPECIFIC_p21,1,21,ridge_direct,1180,16.946415677449636,-0.25488965722334456,-0.045700416387362,16.64582560383893,4a49b08b041c578ec5981dc1472125b2af0a4d59,572a6a79dfaf6247292af8c946e3f621c520377d7eb449bd78e9b309f483fc6a,7e61f4823860ac67fc2cf7b88c0b78031ccbd9e2a1f7bf6285099b2c126d9b06,2026-08-06T11:21:41Z,2026-08-06-p2-finite-linear-memory-skill-decomposition,2.0
Valencia Vivers,ORDER_SPECIFIC_p21,1,21,hgb_direct,1180,16.946415677449636,-0.25488965722334456,-3.2171743094613845,13.474351710764907,4a49b08b041c578ec5981dc1472125b2af0a4d59,572a6a79dfaf6247292af8c946e3f621c520377d7eb449bd78e9b309f483fc6a,7e61f4823860ac67fc2cf7b88c0b78031ccbd9e2a1f7bf6285099b2c126d9b06,2026-08-06T11:21:41Z,2026-08-06-p2-finite-linear-memory-skill-decomposition,2.0
Valencia Vivers,ORDER_SPECIFIC_p21,2,21,ridge_direct,1171,48.135991174332474,0.4411856362747528,-0.3984671015653447,48.17870970904188,4a49b08b041c578ec5981dc1472125b2af0a4d59,572a6a79dfaf6247292af8c946e3f621c520377d7eb449bd78e9b309f483fc6a,7e61f4823860ac67fc2cf7b88c0b78031ccbd9e2a1f7bf6285099b2c126d9b06,2026-08-06T11:21:41Z,2026-08-06-p2-finite-linear-memory-skill-decomposition,2.0
Valencia Vivers,ORDER_SPECIFIC_p21,2,21,hgb_direct,1171,48.135991174332474,0.4411856362747528,2.4967122933548183,51.073889103962046,4a49b08b041c578ec5981dc1472125b2af0a4d59,572a6a79dfaf6247292af8c946e3f621c520377d7eb449bd78e9b309f483fc6a,7e61f4823860ac67fc2cf7b88c0b78031ccbd9e2a1f7bf6285099b2c126d9b06,2026-08-06T11:21:41Z,2026-08-06-p2-finite-linear-memory-skill-decomposition,2.0
Valencia Vivers,ORDER_SPECIFIC_p21,3,21,ridge_direct,1163,59.52742899368032,-0.5866854185657786,-0.23344989218091428,58.707293682933624,4a49b08b041c578ec5981dc1472125b2af0a4d59,572a6a79dfaf6247292af8c946e3f621c520377d7eb449bd78e9b309f483fc6a,7e61f4823860ac67fc2cf7b88c0b78031ccbd9e2a1f7bf6285099b2c126d9b06,2026-08-06T11:21:41Z,2026-08-06-p2-finite-linear-memory-skill-decomposition,2.0
Valencia Vivers,ORDER_SPECIFIC_p21,3,21,hgb_direct,1163,59.52742899368032,-0.5866854185657786,-0.9408252211289039,57.999918353985635,4a49b08b041c578ec5981dc1472125b2af0a4d59,572a6a79dfaf6247292af8c946e3f621c520377d7eb449bd78e9b309f483fc6a,7e61f4823860ac67fc2cf7b88c0b78031ccbd9e2a1f7bf6285099b2c126d9b06,2026-08-06T11:21:41Z,2026-08-06-p2-finite-linear-memory-skill-decomposition,2.0
Valencia Vivers,ORDER_SPECIFIC_p21,4,21,ridge_direct,1155,69.1445703088863,-0.3308194139137157,0.15189887682301162,68.9656497717956,4a49b08b041c578ec5981dc1472125b2af0a4d59,572a6a79dfaf6247292af8c946e3f621c520377d7eb449bd78e9b309f483fc6a,7e61f4823860ac67fc2cf7b88c0b78031ccbd9e2a1f7bf6285099b2c126d9b06,2026-08-06T11:21:41Z,2026-08-06-p2-finite-linear-memory-skill-decomposition,2.0
Valencia Vivers,ORDER_SPECIFIC_p21,4,21,hgb_direct,1155,69.1445703088863,-0.3308194139137157,-2.0507255036572474,66.76302539131534,4a49b08b041c578ec5981dc1472125b2af0a4d59,572a6a79dfaf6247292af8c946e3f621c520377d7eb449bd78e9b309f483fc6a,7e61f4823860ac67fc2cf7b88c0b78031ccbd9e2a1f7bf6285099b2c126d9b06,2026-08-06T11:21:41Z,2026-08-06-p2-finite-linear-memory-skill-decomposition,2.0
Valencia Vivers,ORDER_SPECIFIC_p21,5,21,ridge_direct,1147,80.57065149407907,0.5647994514564516,0.5118942630397356,81.64734520857526,4a49b08b041c578ec5981dc1472125b2af0a4d59,572a6a79dfaf6247292af8c946e3f621c520377d7eb449bd78e9b309f483fc6a,7e61f4823860ac67fc2cf7b88c0b78031ccbd9e2a1f7bf6285099b2c126d9b06,2026-08-06T11:21:41Z,2026-08-06-p2-finite-linear-memory-skill-decomposition,2.0
Valencia Vivers,ORDER_SPECIFIC_p21,5,21,hgb_direct,1147,80.57065149407907,0.5647994514564516,-2.127336727725222,79.0081142178103,4a49b08b041c578ec5981dc1472125b2af0a4d59,572a6a79dfaf6247292af8c946e3f621c520377d7eb449bd78e9b309f483fc6a,7e61f4823860ac67fc2cf7b88c0b78031ccbd9e2a1f7bf6285099b2c126d9b06,2026-08-06T11:21:41Z,2026-08-06-p2-finite-linear-memory-skill-decomposition,2.0
Valencia Vivers,ORDER_SPECIFIC_p21,6,21,ridge_direct,1143,84.04794826916438,0.9130416681701092,0.35695433219591166,85.3179442695304,4a49b08b041c578ec5981dc1472125b2af0a4d59,572a6a79dfaf6247292af8c946e3f621c520377d7eb449bd78e9b309f483fc6a,7e61f4823860ac67fc2cf7b88c0b78031ccbd9e2a1f7bf6285099b2c126d9b06,2026-08-06T11:21:41Z,2026-08-06-p2-finite-linear-memory-skill-decomposition,2.0
Valencia Vivers,ORDER_SPECIFIC_p21,6,21,hgb_direct,1143,84.04794826916438,0.9130416681701092,-3.9010456480696263,81.05994428926486,4a49b08b041c578ec5981dc1472125b2af0a4d59,572a6a79dfaf6247292af8c946e3f621c520377d7eb449bd78e9b309f483fc6a,7e61f4823860ac67fc2cf7b88c0b78031ccbd9e2a1f7bf6285099b2c126d9b06,2026-08-06T11:21:41Z,2026-08-06-p2-finite-linear-memory-skill-decomposition,2.0
Valencia Vivers,ORDER_SPECIFIC_p21,7,21,ridge_direct,1138,89.28038681599294,1.615116579142125,0.7303364654497102,91.62583986058478,4a49b08b041c578ec5981dc1472125b2af0a4d59,572a6a79dfaf6247292af8c946e3f621c520377d7eb449bd78e9b309f483fc6a,7e61f4823860ac67fc2cf7b88c0b78031ccbd9e2a1f7bf6285099b2c126d9b06,2026-08-06T11:21:41Z,2026-08-06-p2-finite-linear-memory-skill-decomposition,2.0
Valencia Vivers,ORDER_SPECIFIC_p21,7,21,hgb_direct,1138,89.28038681599294,1.615116579142125,-4.608310147830281,86.28719324730478,4a49b08b041c578ec5981dc1472125b2af0a4d59,572a6a79dfaf6247292af8c946e3f621c520377d7eb449bd78e9b309f483fc6a,7e61f4823860ac67fc2cf7b88c0b78031ccbd9e2a1f7bf6285099b2c126d9b06,2026-08-06T11:21:41Z,2026-08-06-p2-finite-linear-memory-skill-decomposition,2.0
Zarra EMEP,GLOBAL_COMMON,1,7,ridge_direct,1019,13.427663227563642,1.068943194849581,-1.0262377619401235,13.470368660473099,4a49b08b041c578ec5981dc1472125b2af0a4d59,572a6a79dfaf6247292af8c946e3f621c520377d7eb449bd78e9b309f483fc6a,7e61f4823860ac67fc2cf7b88c0b78031ccbd9e2a1f7bf6285099b2c126d9b06,2026-08-06T11:21:41Z,2026-08-06-p2-finite-linear-memory-skill-decomposition,2.0
Zarra EMEP,GLOBAL_COMMON,1,7,hgb_direct,1019,13.427663227563642,1.068943194849581,-4.776098891825214,9.720507530588009,4a49b08b041c578ec5981dc1472125b2af0a4d59,572a6a79dfaf6247292af8c946e3f621c520377d7eb449bd78e9b309f483fc6a,7e61f4823860ac67fc2cf7b88c0b78031ccbd9e2a1f7bf6285099b2c126d9b06,2026-08-06T11:21:41Z,2026-08-06-p2-finite-linear-memory-skill-decomposition,2.0
Zarra EMEP,GLOBAL_COMMON,1,14,ridge_direct,1019,13.427663227563642,0.7526367776751357,-0.7099313447656783,13.470368660473099,4a49b08b041c578ec5981dc1472125b2af0a4d59,572a6a79dfaf6247292af8c946e3f621c520377d7eb449bd78e9b309f483fc6a,7e61f4823860ac67fc2cf7b88c0b78031ccbd9e2a1f7bf6285099b2c126d9b06,2026-08-06T11:21:41Z,2026-08-06-p2-finite-linear-memory-skill-decomposition,2.0
Zarra EMEP,GLOBAL_COMMON,1,14,hgb_direct,1019,13.427663227563642,0.7526367776751357,-4.459792474650769,9.720507530588009,4a49b08b041c578ec5981dc1472125b2af0a4d59,572a6a79dfaf6247292af8c946e3f621c520377d7eb449bd78e9b309f483fc6a,7e61f4823860ac67fc2cf7b88c0b78031ccbd9e2a1f7bf6285099b2c126d9b06,2026-08-06T11:21:41Z,2026-08-06-p2-finite-linear-memory-skill-decomposition,2.0
Zarra EMEP,GLOBAL_COMMON,1,21,ridge_direct,1019,13.427663227563642,0.4979465576776221,-0.4552411247681647,13.470368660473099,4a49b08b041c578ec5981dc1472125b2af0a4d59,572a6a79dfaf6247292af8c946e3f621c520377d7eb449bd78e9b309f483fc6a,7e61f4823860ac67fc2cf7b88c0b78031ccbd9e2a1f7bf6285099b2c126d9b06,2026-08-06T11:21:41Z,2026-08-06-p2-finite-linear-memory-skill-decomposition,2.0
Zarra EMEP,GLOBAL_COMMON,1,21,hgb_direct,1019,13.427663227563642,0.4979465576776221,-4.205102254653255,9.720507530588009,4a49b08b041c578ec5981dc1472125b2af0a4d59,572a6a79dfaf6247292af8c946e3f621c520377d7eb449bd78e9b309f483fc6a,7e61f4823860ac67fc2cf7b88c0b78031ccbd9e2a1f7bf6285099b2c126d9b06,2026-08-06T11:21:41Z,2026-08-06-p2-finite-linear-memory-skill-decomposition,2.0
Zarra EMEP,GLOBAL_COMMON,2,7,ridge_direct,1016,53.838461973360694,0.9802257334660425,-2.4909700259015324,52.327717680925204,4a49b08b041c578ec5981dc1472125b2af0a4d59,572a6a79dfaf6247292af8c946e3f621c520377d7eb449bd78e9b309f483fc6a,7e61f4823860ac67fc2cf7b88c0b78031ccbd9e2a1f7bf6285099b2c126d9b06,2026-08-06T11:21:41Z,2026-08-06-p2-finite-linear-memory-skill-decomposition,2.0
Zarra EMEP,GLOBAL_COMMON,2,7,hgb_direct,1016,53.838461973360694,0.9802257334660425,1.6837305603159933,56.50241826714273,4a49b08b041c578ec5981dc1472125b2af0a4d59,572a6a79dfaf6247292af8c946e3f621c520377d7eb449bd78e9b309f483fc6a,7e61f4823860ac67fc2cf7b88c0b78031ccbd9e2a1f7bf6285099b2c126d9b06,2026-08-06T11:21:41Z,2026-08-06-p2-finite-linear-memory-skill-decomposition,2.0
Zarra EMEP,GLOBAL_COMMON,2,14,ridge_direct,1016,53.838461973360694,1.5843699393785897,-3.0951142318140796,52.327717680925204,4a49b08b041c578ec5981dc1472125b2af0a4d59,572a6a79dfaf6247292af8c946e3f621c520377d7eb449bd78e9b309f483fc6a,7e61f4823860ac67fc2cf7b88c0b78031ccbd9e2a1f7bf6285099b2c126d9b06,2026-08-06T11:21:41Z,2026-08-06-p2-finite-linear-memory-skill-decomposition,2.0
Zarra EMEP,GLOBAL_COMMON,2,14,hgb_direct,1016,53.838461973360694,1.5843699393785897,1.079586354403446,56.50241826714273,4a49b08b041c578ec5981dc1472125b2af0a4d59,572a6a79dfaf6247292af8c946e3f621c520377d7eb449bd78e9b309f483fc6a,7e61f4823860ac67fc2cf7b88c0b78031ccbd9e2a1f7bf6285099b2c126d9b06,2026-08-06T11:21:41Z,2026-08-06-p2-finite-linear-memory-skill-decomposition,2.0
Zarra EMEP,GLOBAL_COMMON,2,21,ridge_direct,1016,53.838461973360694,1.0331059750652827,-2.5438502675007726,52.327717680925204,4a49b08b041c578ec5981dc1472125b2af0a4d59,572a6a79dfaf6247292af8c946e3f621c520377d7eb449bd78e9b309f483fc6a,7e61f4823860ac67fc2cf7b88c0b78031ccbd9e2a1f7bf6285099b2c126d9b06,2026-08-06T11:21:41Z,2026-08-06-p2-finite-linear-memory-skill-decomposition,2.0
Zarra EMEP,GLOBAL_COMMON,2,21,hgb_direct,1016,53.838461973360694,1.0331059750652827,1.6308503187167531,56.50241826714273,4a49b08b041c578ec5981dc1472125b2af0a4d59,572a6a79dfaf6247292af8c946e3f621c520377d7eb449bd78e9b309f483fc6a,7e61f4823860ac67fc2cf7b88c0b78031ccbd9e2a1f7bf6285099b2c126d9b06,2026-08-06T11:21:41Z,2026-08-06-p2-finite-linear-memory-skill-decomposition,2.0
Zarra EMEP,GLOBAL_COMMON,3,7,ridge_direct,1014,78.2036108092207,1.47866979253304,-2.147192709096444,77.5350878926573,4a49b08b041c578ec5981dc1472125b2af0a4d59,572a6a79dfaf6247292af8c946e3f621c520377d7eb449bd78e9b309f483fc6a,7e61f4823860ac67fc2cf7b88c0b78031ccbd9e2a1f7bf6285099b2c126d9b06,2026-08-06T11:21:41Z,2026-08-06-p2-finite-linear-memory-skill-decomposition,2.0
Zarra EMEP,GLOBAL_COMMON,3,7,hgb_direct,1014,78.2036108092207,1.47866979253304,1.5185412006817813,81.20082180243553,4a49b08b041c578ec5981dc1472125b2af0a4d59,572a6a79dfaf6247292af8c946e3f621c520377d7eb449bd78e9b309f483fc6a,7e61f4823860ac67fc2cf7b88c0b78031ccbd9e2a1f7bf6285099b2c126d9b06,2026-08-06T11:21:41Z,2026-08-06-p2-finite-linear-memory-skill-decomposition,2.0
Zarra EMEP,GLOBAL_COMMON,3,14,ridge_direct,1014,78.2036108092207,2.288805787968002,-2.957328704531406,77.5350878926573,4a49b08b041c578ec5981dc1472125b2af0a4d59,572a6a79dfaf6247292af8c946e3f621c520377d7eb449bd78e9b309f483fc6a,7e61f4823860ac67fc2cf7b88c0b78031ccbd9e2a1f7bf6285099b2c126d9b06,2026-08-06T11:21:41Z,2026-08-06-p2-finite-linear-memory-skill-decomposition,2.0
Zarra EMEP,GLOBAL_COMMON,3,14,hgb_direct,1014,78.2036108092207,2.288805787968002,0.7084052052468195,81.20082180243553,4a49b08b041c578ec5981dc1472125b2af0a4d59,572a6a79dfaf6247292af8c946e3f621c520377d7eb449bd78e9b309f483fc6a,7e61f4823860ac67fc2cf7b88c0b78031ccbd9e2a1f7bf6285099b2c126d9b06,2026-08-06T11:21:41Z,2026-08-06-p2-finite-linear-memory-skill-decomposition,2.0
Zarra EMEP,GLOBAL_COMMON,3,21,ridge_direct,1014,78.2036108092207,1.546769078552984,-2.215291995116388,77.5350878926573,4a49b08b041c578ec5981dc1472125b2af0a4d59,572a6a79dfaf6247292af8c946e3f621c520377d7eb449bd78e9b309f483fc6a,7e61f4823860ac67fc2cf7b88c0b78031ccbd9e2a1f7bf6285099b2c126d9b06,2026-08-06T11:21:41Z,2026-08-06-p2-finite-linear-memory-skill-decomposition,2.0
Zarra EMEP,GLOBAL_COMMON,3,21,hgb_direct,1014,78.2036108092207,1.546769078552984,1.4504419146618375,81.20082180243553,4a49b08b041c578ec5981dc1472125b2af0a4d59,572a6a79dfaf6247292af8c946e3f621c520377d7eb449bd78e9b309f483fc6a,7e61f4823860ac67fc2cf7b88c0b78031ccbd9e2a1f7bf6285099b2c126d9b06,2026-08-06T11:21:41Z,2026-08-06-p2-finite-linear-memory-skill-decomposition,2.0
Zarra EMEP,GLOBAL_COMMON,4,7,ridge_direct,1014,83.37310329431754,1.1343422152634304,-1.4628533738784597,83.04459213570252,4a49b08b041c578ec5981dc1472125b2af0a4d59,572a6a79dfaf6247292af8c946e3f621c520377d7eb449bd78e9b309f483fc6a,7e61f4823860ac67fc2cf7b88c0b78031ccbd9e2a1f7bf6285099b2c126d9b06,2026-08-06T11:21:41Z,2026-08-06-p2-finite-linear-memory-skill-decomposition,2.0
Zarra EMEP,GLOBAL_COMMON,4,7,hgb_direct,1014,83.37310329431754,1.1343422152634304,1.4108602814343953,85.91830579101537,4a49b08b041c578ec5981dc1472125b2af0a4d59,572a6a79dfaf6247292af8c946e3f621c520377d7eb449bd78e9b309f483fc6a,7e61f4823860ac67fc2cf7b88c0b78031ccbd9e2a1f7bf6285099b2c126d9b06,2026-08-06T11:21:41Z,2026-08-06-p2-finite-linear-memory-skill-decomposition,2.0
Zarra EMEP,GLOBAL_COMMON,4,14,ridge_direct,1014,83.37310329431754,1.987821361437227,-2.3163325200522564,83.04459213570252,4a49b08b041c578ec5981dc1472125b2af0a4d59,572a6a79dfaf6247292af8c946e3f621c520377d7eb449bd78e9b309f483fc6a,7e61f4823860ac67fc2cf7b88c0b78031ccbd9e2a1f7bf6285099b2c126d9b06,2026-08-06T11:21:41Z,2026-08-06-p2-finite-linear-memory-skill-decomposition,2.0
Zarra EMEP,GLOBAL_COMMON,4,14,hgb_direct,1014,83.37310329431754,1.987821361437227,0.5573811352605986,85.91830579101537,4a49b08b041c578ec5981dc1472125b2af0a4d59,572a6a79dfaf6247292af8c946e3f621c520377d7eb449bd78e9b309f483fc6a,7e61f4823860ac67fc2cf7b88c0b78031ccbd9e2a1f7bf6285099b2c126d9b06,2026-08-06T11:21:41Z,2026-08-06-p2-finite-linear-memory-skill-decomposition,2.0
Zarra EMEP,GLOBAL_COMMON,4,21,ridge_direct,1014,83.37310329431754,1.5841136321369902,-1.9126247907520195,83.04459213570252,4a49b08b041c578ec5981dc1472125b2af0a4d59,572a6a79dfaf6247292af8c946e3f621c520377d7eb449bd78e9b309f483fc6a,7e61f4823860ac67fc2cf7b88c0b78031ccbd9e2a1f7bf6285099b2c126d9b06,2026-08-06T11:21:41Z,2026-08-06-p2-finite-linear-memory-skill-decomposition,2.0
Zarra EMEP,GLOBAL_COMMON,4,21,hgb_direct,1014,83.37310329431754,1.5841136321369902,0.9610888645608355,85.91830579101537,4a49b08b041c578ec5981dc1472125b2af0a4d59,572a6a79dfaf6247292af8c946e3f621c520377d7eb449bd78e9b309f483fc6a,7e61f4823860ac67fc2cf7b88c0b78031ccbd9e2a1f7bf6285099b2c126d9b06,2026-08-06T11:21:41Z,2026-08-06-p2-finite-linear-memory-skill-decomposition,2.0
Zarra EMEP,GLOBAL_COMMON,5,7,ridge_direct,1013,80.54344453126538,0.1636464657148906,-0.9542732780481629,79.7528177189321,4a49b08b041c578ec5981dc1472125b2af0a4d59,572a6a79dfaf6247292af8c946e3f621c520377d7eb449bd78e9b309f483fc6a,7e61f4823860ac67fc2cf7b88c0b78031ccbd9e2a1f7bf6285099b2c126d9b06,2026-08-06T11:21:41Z,2026-08-06-p2-finite-linear-memory-skill-decomposition,2.0
Zarra EMEP,GLOBAL_COMMON,5,7,hgb_direct,1013,80.54344453126538,0.1636464657148906,1.2875873184013642,81.99467831538163,4a49b08b041c578ec5981dc1472125b2af0a4d59,572a6a79dfaf6247292af8c946e3f621c520377d7eb449bd78e9b309f483fc6a,7e61f4823860ac67fc2cf7b88c0b78031ccbd9e2a1f7bf6285099b2c126d9b06,2026-08-06T11:21:41Z,2026-08-06-p2-finite-linear-memory-skill-decomposition,2.0
Zarra EMEP,GLOBAL_COMMON,5,14,ridge_direct,1013,80.54344453126538,2.2077945485796704,-2.9984213609129426,79.7528177189321,4a49b08b041c578ec5981dc1472125b2af0a4d59,572a6a79dfaf6247292af8c946e3f621c520377d7eb449bd78e9b309f483fc6a,7e61f4823860ac67fc2cf7b88c0b78031ccbd9e2a1f7bf6285099b2c126d9b06,2026-08-06T11:21:41Z,2026-08-06-p2-finite-linear-memory-skill-decomposition,2.0
Zarra EMEP,GLOBAL_COMMON,5,14,hgb_direct,1013,80.54344453126538,2.2077945485796704,-0.7565607644634156,81.99467831538163,4a49b08b041c578ec5981dc1472125b2af0a4d59,572a6a79dfaf6247292af8c946e3f621c520377d7eb449bd78e9b309f483fc6a,7e61f4823860ac67fc2cf7b88c0b78031ccbd9e2a1f7bf6285099b2c126d9b06,2026-08-06T11:21:41Z,2026-08-06-p2-finite-linear-memory-skill-decomposition,2.0
Zarra EMEP,GLOBAL_COMMON,5,21,ridge_direct,1013,80.54344453126538,1.9177441675508646,-2.708370979884137,79.7528177189321,4a49b08b041c578ec5981dc1472125b2af0a4d59,572a6a79dfaf6247292af8c946e3f621c520377d7eb449bd78e9b309f483fc6a,7e61f4823860ac67fc2cf7b88c0b78031ccbd9e2a1f7bf6285099b2c126d9b06,2026-08-06T11:21:41Z,2026-08-06-p2-finite-linear-memory-skill-decomposition,2.0
Zarra EMEP,GLOBAL_COMMON,5,21,hgb_direct,1013,80.54344453126538,1.9177441675508646,-0.4665103834346098,81.99467831538163,4a49b08b041c578ec5981dc1472125b2af0a4d59,572a6a79dfaf6247292af8c946e3f621c520377d7eb449bd78e9b309f483fc6a,7e61f4823860ac67fc2cf7b88c0b78031ccbd9e2a1f7bf6285099b2c126d9b06,2026-08-06T11:21:41Z,2026-08-06-p2-finite-linear-memory-skill-decomposition,2.0
Zarra EMEP,GLOBAL_COMMON,6,7,ridge_direct,1012,80.49780555844143,-0.4919817665688413,-0.6772788050492409,79.32854498682335,4a49b08b041c578ec5981dc1472125b2af0a4d59,572a6a79dfaf6247292af8c946e3f621c520377d7eb449bd78e9b309f483fc6a,7e61f4823860ac67fc2cf7b88c0b78031ccbd9e2a1f7bf6285099b2c126d9b06,2026-08-06T11:21:41Z,2026-08-06-p2-finite-linear-memory-skill-decomposition,2.0
Zarra EMEP,GLOBAL_COMMON,6,7,hgb_direct,1012,80.49780555844143,-0.4919817665688413,0.5329928431761459,80.53881663504873,4a49b08b041c578ec5981dc1472125b2af0a4d59,572a6a79dfaf6247292af8c946e3f621c520377d7eb449bd78e9b309f483fc6a,7e61f4823860ac67fc2cf7b88c0b78031ccbd9e2a1f7bf6285099b2c126d9b06,2026-08-06T11:21:41Z,2026-08-06-p2-finite-linear-memory-skill-decomposition,2.0
Zarra EMEP,GLOBAL_COMMON,6,14,ridge_direct,1012,80.49780555844143,2.4450824403315607,-3.614343011949643,79.32854498682335,4a49b08b041c578ec5981dc1472125b2af0a4d59,572a6a79dfaf6247292af8c946e3f621c520377d7eb449bd78e9b309f483fc6a,7e61f4823860ac67fc2cf7b88c0b78031ccbd9e2a1f7bf6285099b2c126d9b06,2026-08-06T11:21:41Z,2026-08-06-p2-finite-linear-memory-skill-decomposition,2.0
Zarra EMEP,GLOBAL_COMMON,6,14,hgb_direct,1012,80.49780555844143,2.4450824403315607,-2.404071363724256,80.53881663504873,4a49b08b041c578ec5981dc1472125b2af0a4d59,572a6a79dfaf6247292af8c946e3f621c520377d7eb449bd78e9b309f483fc6a,7e61f4823860ac67fc2cf7b88c0b78031ccbd9e2a1f7bf6285099b2c126d9b06,2026-08-06T11:21:41Z,2026-08-06-p2-finite-linear-memory-skill-decomposition,2.0
Zarra EMEP,GLOBAL_COMMON,6,21,ridge_direct,1012,80.49780555844143,1.9400770319967364,-3.1093376036148186,79.32854498682335,4a49b08b041c578ec5981dc1472125b2af0a4d59,572a6a79dfaf6247292af8c946e3f621c520377d7eb449bd78e9b309f483fc6a,7e61f4823860ac67fc2cf7b88c0b78031ccbd9e2a1f7bf6285099b2c126d9b06,2026-08-06T11:21:41Z,2026-08-06-p2-finite-linear-memory-skill-decomposition,2.0
Zarra EMEP,GLOBAL_COMMON,6,21,hgb_direct,1012,80.49780555844143,1.9400770319967364,-1.8990659553894318,80.53881663504873,4a49b08b041c578ec5981dc1472125b2af0a4d59,572a6a79dfaf6247292af8c946e3f621c520377d7eb449bd78e9b309f483fc6a,7e61f4823860ac67fc2cf7b88c0b78031ccbd9e2a1f7bf6285099b2c126d9b06,2026-08-06T11:21:41Z,2026-08-06-p2-finite-linear-memory-skill-decomposition,2.0
Zarra EMEP,GLOBAL_COMMON,7,7,ridge_direct,1011,85.84740725217728,0.02459914806590291,-0.8813782328252557,84.99062816741792,4a49b08b041c578ec5981dc1472125b2af0a4d59,572a6a79dfaf6247292af8c946e3f621c520377d7eb449bd78e9b309f483fc6a,7e61f4823860ac67fc2cf7b88c0b78031ccbd9e2a1f7bf6285099b2c126d9b06,2026-08-06T11:21:41Z,2026-08-06-p2-finite-linear-memory-skill-decomposition,2.0
Zarra EMEP,GLOBAL_COMMON,7,7,hgb_direct,1011,85.84740725217728,0.02459914806590291,-2.398734511290087,83.4732718889531,4a49b08b041c578ec5981dc1472125b2af0a4d59,572a6a79dfaf6247292af8c946e3f621c520377d7eb449bd78e9b309f483fc6a,7e61f4823860ac67fc2cf7b88c0b78031ccbd9e2a1f7bf6285099b2c126d9b06,2026-08-06T11:21:41Z,2026-08-06-p2-finite-linear-memory-skill-decomposition,2.0
Zarra EMEP,GLOBAL_COMMON,7,14,ridge_direct,1011,85.84740725217728,3.07390161539999,-3.9306807001593427,84.99062816741792,4a49b08b041c578ec5981dc1472125b2af0a4d59,572a6a79dfaf6247292af8c946e3f621c520377d7eb449bd78e9b309f483fc6a,7e61f4823860ac67fc2cf7b88c0b78031ccbd9e2a1f7bf6285099b2c126d9b06,2026-08-06T11:21:41Z,2026-08-06-p2-finite-linear-memory-skill-decomposition,2.0
Zarra EMEP,GLOBAL_COMMON,7,14,hgb_direct,1011,85.84740725217728,3.07390161539999,-5.448036978624174,83.4732718889531,4a49b08b041c578ec5981dc1472125b2af0a4d59,572a6a79dfaf6247292af8c946e3f621c520377d7eb449bd78e9b309f483fc6a,7e61f4823860ac67fc2cf7b88c0b78031ccbd9e2a1f7bf6285099b2c126d9b06,2026-08-06T11:21:41Z,2026-08-06-p2-finite-linear-memory-skill-decomposition,2.0
Zarra EMEP,GLOBAL_COMMON,7,21,ridge_direct,1011,85.84740725217728,2.8494509955628757,-3.7062300803222286,84.99062816741792,4a49b08b041c578ec5981dc1472125b2af0a4d59,572a6a79dfaf6247292af8c946e3f621c520377d7eb449bd78e9b309f483fc6a,7e61f4823860ac67fc2cf7b88c0b78031ccbd9e2a1f7bf6285099b2c126d9b06,2026-08-06T11:21:41Z,2026-08-06-p2-finite-linear-memory-skill-decomposition,2.0
Zarra EMEP,GLOBAL_COMMON,7,21,hgb_direct,1011,85.84740725217728,2.8494509955628757,-5.22358635878706,83.4732718889531,4a49b08b041c578ec5981dc1472125b2af0a4d59,572a6a79dfaf6247292af8c946e3f621c520377d7eb449bd78e9b309f483fc6a,7e61f4823860ac67fc2cf7b88c0b78031ccbd9e2a1f7bf6285099b2c126d9b06,2026-08-06T11:21:41Z,2026-08-06-p2-finite-linear-memory-skill-decomposition,2.0
Zarra EMEP,ORDER_SPECIFIC_p7,1,7,ridge_direct,1463,11.816455044826448,0.6118075583174729,-0.8084683628004399,11.61979424034348,4a49b08b041c578ec5981dc1472125b2af0a4d59,572a6a79dfaf6247292af8c946e3f621c520377d7eb449bd78e9b309f483fc6a,7e61f4823860ac67fc2cf7b88c0b78031ccbd9e2a1f7bf6285099b2c126d9b06,2026-08-06T11:21:41Z,2026-08-06-p2-finite-linear-memory-skill-decomposition,2.0
Zarra EMEP,ORDER_SPECIFIC_p7,1,7,hgb_direct,1463,11.816455044826448,0.6118075583174729,-4.450759522939428,7.977503080204492,4a49b08b041c578ec5981dc1472125b2af0a4d59,572a6a79dfaf6247292af8c946e3f621c520377d7eb449bd78e9b309f483fc6a,7e61f4823860ac67fc2cf7b88c0b78031ccbd9e2a1f7bf6285099b2c126d9b06,2026-08-06T11:21:41Z,2026-08-06-p2-finite-linear-memory-skill-decomposition,2.0
Zarra EMEP,ORDER_SPECIFIC_p7,2,7,ridge_direct,1459,45.15126588159211,0.5577164858722341,-1.822304604282479,43.886677763181865,4a49b08b041c578ec5981dc1472125b2af0a4d59,572a6a79dfaf6247292af8c946e3f621c520377d7eb449bd78e9b309f483fc6a,7e61f4823860ac67fc2cf7b88c0b78031ccbd9e2a1f7bf6285099b2c126d9b06,2026-08-06T11:21:41Z,2026-08-06-p2-finite-linear-memory-skill-decomposition,2.0
Zarra EMEP,ORDER_SPECIFIC_p7,2,7,hgb_direct,1459,45.15126588159211,0.5577164858722341,1.307148949564919,47.01613131702926,4a49b08b041c578ec5981dc1472125b2af0a4d59,572a6a79dfaf6247292af8c946e3f621c520377d7eb449bd78e9b309f483fc6a,7e61f4823860ac67fc2cf7b88c0b78031ccbd9e2a1f7bf6285099b2c126d9b06,2026-08-06T11:21:41Z,2026-08-06-p2-finite-linear-memory-skill-decomposition,2.0
Zarra EMEP,ORDER_SPECIFIC_p7,3,7,ridge_direct,1456,64.98816364437542,1.002039042011674,-1.4440053378416167,64.54619734854548,4a49b08b041c578ec5981dc1472125b2af0a4d59,572a6a79dfaf6247292af8c946e3f621c520377d7eb449bd78e9b309f483fc6a,7e61f4823860ac67fc2cf7b88c0b78031ccbd9e2a1f7bf6285099b2c126d9b06,2026-08-06T11:21:41Z,2026-08-06-p2-finite-linear-memory-skill-decomposition,2.0
Zarra EMEP,ORDER_SPECIFIC_p7,3,7,hgb_direct,1456,64.98816364437542,1.002039042011674,1.7177088220481949,67.70791150843529,4a49b08b041c578ec5981dc1472125b2af0a4d59,572a6a79dfaf6247292af8c946e3f621c520377d7eb449bd78e9b309f483fc6a,7e61f4823860ac67fc2cf7b88c0b78031ccbd9e2a1f7bf6285099b2c126d9b06,2026-08-06T11:21:41Z,2026-08-06-p2-finite-linear-memory-skill-decomposition,2.0
Zarra EMEP,ORDER_SPECIFIC_p7,4,7,ridge_direct,1456,71.23077409361042,0.8794979803618759,-1.170359413523471,70.93991266044883,4a49b08b041c578ec5981dc1472125b2af0a4d59,572a6a79dfaf6247292af8c946e3f621c520377d7eb449bd78e9b309f483fc6a,7e61f4823860ac67fc2cf7b88c0b78031ccbd9e2a1f7bf6285099b2c126d9b06,2026-08-06T11:21:41Z,2026-08-06-p2-finite-linear-memory-skill-decomposition,2.0
Zarra EMEP,ORDER_SPECIFIC_p7,4,7,hgb_direct,1456,71.23077409361042,0.8794979803618759,1.6806760104125402,73.79094808438484,4a49b08b041c578ec5981dc1472125b2af0a4d59,572a6a79dfaf6247292af8c946e3f621c520377d7eb449bd78e9b309f483fc6a,7e61f4823860ac67fc2cf7b88c0b78031ccbd9e2a1f7bf6285099b2c126d9b06,2026-08-06T11:21:41Z,2026-08-06-p2-finite-linear-memory-skill-decomposition,2.0
Zarra EMEP,ORDER_SPECIFIC_p7,5,7,ridge_direct,1454,71.89664691834679,0.5655357833014847,-1.0872252518283574,71.37495744981992,4a49b08b041c578ec5981dc1472125b2af0a4d59,572a6a79dfaf6247292af8c946e3f621c520377d7eb449bd78e9b309f483fc6a,7e61f4823860ac67fc2cf7b88c0b78031ccbd9e2a1f7bf6285099b2c126d9b06,2026-08-06T11:21:41Z,2026-08-06-p2-finite-linear-memory-skill-decomposition,2.0
Zarra EMEP,ORDER_SPECIFIC_p7,5,7,hgb_direct,1454,71.89664691834679,0.5655357833014847,1.3482355319305128,73.81041823357879,4a49b08b041c578ec5981dc1472125b2af0a4d59,572a6a79dfaf6247292af8c946e3f621c520377d7eb449bd78e9b309f483fc6a,7e61f4823860ac67fc2cf7b88c0b78031ccbd9e2a1f7bf6285099b2c126d9b06,2026-08-06T11:21:41Z,2026-08-06-p2-finite-linear-memory-skill-decomposition,2.0
Zarra EMEP,ORDER_SPECIFIC_p7,6,7,ridge_direct,1451,73.48781387695011,1.0351899349994511,-0.9867181857242571,73.53628562622531,4a49b08b041c578ec5981dc1472125b2af0a4d59,572a6a79dfaf6247292af8c946e3f621c520377d7eb449bd78e9b309f483fc6a,7e61f4823860ac67fc2cf7b88c0b78031ccbd9e2a1f7bf6285099b2c126d9b06,2026-08-06T11:21:41Z,2026-08-06-p2-finite-linear-memory-skill-decomposition,2.0
Zarra EMEP,ORDER_SPECIFIC_p7,6,7,hgb_direct,1451,73.48781387695011,1.0351899349994511,0.30207730708072233,74.82508111903029,4a49b08b041c578ec5981dc1472125b2af0a4d59,572a6a79dfaf6247292af8c946e3f621c520377d7eb449bd78e9b309f483fc6a,7e61f4823860ac67fc2cf7b88c0b78031ccbd9e2a1f7bf6285099b2c126d9b06,2026-08-06T11:21:41Z,2026-08-06-p2-finite-linear-memory-skill-decomposition,2.0
Zarra EMEP,ORDER_SPECIFIC_p7,7,7,ridge_direct,1449,76.86164366149015,1.475214201892129,-0.9676457173387405,77.36921214604354,4a49b08b041c578ec5981dc1472125b2af0a4d59,572a6a79dfaf6247292af8c946e3f621c520377d7eb449bd78e9b309f483fc6a,7e61f4823860ac67fc2cf7b88c0b78031ccbd9e2a1f7bf6285099b2c126d9b06,2026-08-06T11:21:41Z,2026-08-06-p2-finite-linear-memory-skill-decomposition,2.0
Zarra EMEP,ORDER_SPECIFIC_p7,7,7,hgb_direct,1449,76.86164366149015,1.475214201892129,-1.5242511969201473,76.81260666646213,4a49b08b041c578ec5981dc1472125b2af0a4d59,572a6a79dfaf6247292af8c946e3f621c520377d7eb449bd78e9b309f483fc6a,7e61f4823860ac67fc2cf7b88c0b78031ccbd9e2a1f7bf6285099b2c126d9b06,2026-08-06T11:21:41Z,2026-08-06-p2-finite-linear-memory-skill-decomposition,2.0
Zarra EMEP,ORDER_SPECIFIC_p14,1,14,ridge_direct,1227,13.502123534042838,0.8303158968772095,-0.8324970649385222,13.499942365981525,4a49b08b041c578ec5981dc1472125b2af0a4d59,572a6a79dfaf6247292af8c946e3f621c520377d7eb449bd78e9b309f483fc6a,7e61f4823860ac67fc2cf7b88c0b78031ccbd9e2a1f7bf6285099b2c126d9b06,2026-08-06T11:21:41Z,2026-08-06-p2-finite-linear-memory-skill-decomposition,2.0
Zarra EMEP,ORDER_SPECIFIC_p14,1,14,hgb_direct,1227,13.502123534042838,0.8303158968772095,-3.2102225797322177,11.12221685118783,4a49b08b041c578ec5981dc1472125b2af0a4d59,572a6a79dfaf6247292af8c946e3f621c520377d7eb449bd78e9b309f483fc6a,7e61f4823860ac67fc2cf7b88c0b78031ccbd9e2a1f7bf6285099b2c126d9b06,2026-08-06T11:21:41Z,2026-08-06-p2-finite-linear-memory-skill-decomposition,2.0
Zarra EMEP,ORDER_SPECIFIC_p14,2,14,ridge_direct,1224,51.37217939698354,2.0810538137720442,-3.267910848207478,50.185322362548106,4a49b08b041c578ec5981dc1472125b2af0a4d59,572a6a79dfaf6247292af8c946e3f621c520377d7eb449bd78e9b309f483fc6a,7e61f4823860ac67fc2cf7b88c0b78031ccbd9e2a1f7bf6285099b2c126d9b06,2026-08-06T11:21:41Z,2026-08-06-p2-finite-linear-memory-skill-decomposition,2.0
Zarra EMEP,ORDER_SPECIFIC_p14,2,14,hgb_direct,1224,51.37217939698354,2.0810538137720442,0.638764120354395,54.09199733110998,4a49b08b041c578ec5981dc1472125b2af0a4d59,572a6a79dfaf6247292af8c946e3f621c520377d7eb449bd78e9b309f483fc6a,7e61f4823860ac67fc2cf7b88c0b78031ccbd9e2a1f7bf6285099b2c126d9b06,2026-08-06T11:21:41Z,2026-08-06-p2-finite-linear-memory-skill-decomposition,2.0
Zarra EMEP,ORDER_SPECIFIC_p14,3,14,ridge_direct,1221,72.75430310327496,2.7029438382296007,-3.0020690534427814,72.45517788806178,4a49b08b041c578ec5981dc1472125b2af0a4d59,572a6a79dfaf6247292af8c946e3f621c520377d7eb449bd78e9b309f483fc6a,7e61f4823860ac67fc2cf7b88c0b78031ccbd9e2a1f7bf6285099b2c126d9b06,2026-08-06T11:21:41Z,2026-08-06-p2-finite-linear-memory-skill-decomposition,2.0
Zarra EMEP,ORDER_SPECIFIC_p14,3,14,hgb_direct,1221,72.75430310327496,2.7029438382296007,-0.26659697781416014,75.1906499636904,4a49b08b041c578ec5981dc1472125b2af0a4d59,572a6a79dfaf6247292af8c946e3f621c520377d7eb449bd78e9b309f483fc6a,7e61f4823860ac67fc2cf7b88c0b78031ccbd9e2a1f7bf6285099b2c126d9b06,2026-08-06T11:21:41Z,2026-08-06-p2-finite-linear-memory-skill-decomposition,2.0
Zarra EMEP,ORDER_SPECIFIC_p14,4,14,ridge_direct,1220,78.88061653588575,2.4140689583233126,-2.5075216374196003,78.78716385678946,4a49b08b041c578ec5981dc1472125b2af0a4d59,572a6a79dfaf6247292af8c946e3f621c520377d7eb449bd78e9b309f483fc6a,7e61f4823860ac67fc2cf7b88c0b78031ccbd9e2a1f7bf6285099b2c126d9b06,2026-08-06T11:21:41Z,2026-08-06-p2-finite-linear-memory-skill-decomposition,2.0
Zarra EMEP,ORDER_SPECIFIC_p14,4,14,hgb_direct,1220,78.88061653588575,2.4140689583233126,0.17398162110592352,81.46866711531499,4a49b08b041c578ec5981dc1472125b2af0a4d59,572a6a79dfaf6247292af8c946e3f621c520377d7eb449bd78e9b309f483fc6a,7e61f4823860ac67fc2cf7b88c0b78031ccbd9e2a1f7bf6285099b2c126d9b06,2026-08-06T11:21:41Z,2026-08-06-p2-finite-linear-memory-skill-decomposition,2.0
Zarra EMEP,ORDER_SPECIFIC_p14,5,14,ridge_direct,1217,76.74248243310828,2.4643014786054636,-2.771144675387717,76.43563923632603,4a49b08b041c578ec5981dc1472125b2af0a4d59,572a6a79dfaf6247292af8c946e3f621c520377d7eb449bd78e9b309f483fc6a,7e61f4823860ac67fc2cf7b88c0b78031ccbd9e2a1f7bf6285099b2c126d9b06,2026-08-06T11:21:41Z,2026-08-06-p2-finite-linear-memory-skill-decomposition,2.0
Zarra EMEP,ORDER_SPECIFIC_p14,5,14,hgb_direct,1217,76.74248243310828,2.4643014786054636,-0.5721460591308158,78.63463785258293,4a49b08b041c578ec5981dc1472125b2af0a4d59,572a6a79dfaf6247292af8c946e3f621c520377d7eb449bd78e9b309f483fc6a,7e61f4823860ac67fc2cf7b88c0b78031ccbd9e2a1f7bf6285099b2c126d9b06,2026-08-06T11:21:41Z,2026-08-06-p2-finite-linear-memory-skill-decomposition,2.0
Zarra EMEP,ORDER_SPECIFIC_p14,6,14,ridge_direct,1214,75.9655321090049,2.5911016517094367,-2.893703872696591,75.66292988801774,4a49b08b041c578ec5981dc1472125b2af0a4d59,572a6a79dfaf6247292af8c946e3f621c520377d7eb449bd78e9b309f483fc6a,7e61f4823860ac67fc2cf7b88c0b78031ccbd9e2a1f7bf6285099b2c126d9b06,2026-08-06T11:21:41Z,2026-08-06-p2-finite-linear-memory-skill-decomposition,2.0
Zarra EMEP,ORDER_SPECIFIC_p14,6,14,hgb_direct,1214,75.9655321090049,2.5911016517094367,-1.7722118883885116,76.78442187232582,4a49b08b041c578ec5981dc1472125b2af0a4d59,572a6a79dfaf6247292af8c946e3f621c520377d7eb449bd78e9b309f483fc6a,7e61f4823860ac67fc2cf7b88c0b78031ccbd9e2a1f7bf6285099b2c126d9b06,2026-08-06T11:21:41Z,2026-08-06-p2-finite-linear-memory-skill-decomposition,2.0
Zarra EMEP,ORDER_SPECIFIC_p14,7,14,ridge_direct,1212,80.42846796724444,3.369708960923532,-3.191627931037459,80.60654899713052,4a49b08b041c578ec5981dc1472125b2af0a4d59,572a6a79dfaf6247292af8c946e3f621c520377d7eb449bd78e9b309f483fc6a,7e61f4823860ac67fc2cf7b88c0b78031ccbd9e2a1f7bf6285099b2c126d9b06,2026-08-06T11:21:41Z,2026-08-06-p2-finite-linear-memory-skill-decomposition,2.0
Zarra EMEP,ORDER_SPECIFIC_p14,7,14,hgb_direct,1212,80.42846796724444,3.369708960923532,-4.693187677108227,79.10498925105975,4a49b08b041c578ec5981dc1472125b2af0a4d59,572a6a79dfaf6247292af8c946e3f621c520377d7eb449bd78e9b309f483fc6a,7e61f4823860ac67fc2cf7b88c0b78031ccbd9e2a1f7bf6285099b2c126d9b06,2026-08-06T11:21:41Z,2026-08-06-p2-finite-linear-memory-skill-decomposition,2.0
Zarra EMEP,ORDER_SPECIFIC_p21,1,21,ridge_direct,1019,13.427663227563642,0.4979465576776221,-0.4552411247681647,13.470368660473099,4a49b08b041c578ec5981dc1472125b2af0a4d59,572a6a79dfaf6247292af8c946e3f621c520377d7eb449bd78e9b309f483fc6a,7e61f4823860ac67fc2cf7b88c0b78031ccbd9e2a1f7bf6285099b2c126d9b06,2026-08-06T11:21:41Z,2026-08-06-p2-finite-linear-memory-skill-decomposition,2.0
Zarra EMEP,ORDER_SPECIFIC_p21,1,21,hgb_direct,1019,13.427663227563642,0.4979465576776221,-4.205102254653255,9.720507530588009,4a49b08b041c578ec5981dc1472125b2af0a4d59,572a6a79dfaf6247292af8c946e3f621c520377d7eb449bd78e9b309f483fc6a,7e61f4823860ac67fc2cf7b88c0b78031ccbd9e2a1f7bf6285099b2c126d9b06,2026-08-06T11:21:41Z,2026-08-06-p2-finite-linear-memory-skill-decomposition,2.0
Zarra EMEP,ORDER_SPECIFIC_p21,2,21,ridge_direct,1016,53.838461973360694,1.0331059750652827,-2.5438502675007726,52.327717680925204,4a49b08b041c578ec5981dc1472125b2af0a4d59,572a6a79dfaf6247292af8c946e3f621c520377d7eb449bd78e9b309f483fc6a,7e61f4823860ac67fc2cf7b88c0b78031ccbd9e2a1f7bf6285099b2c126d9b06,2026-08-06T11:21:41Z,2026-08-06-p2-finite-linear-memory-skill-decomposition,2.0
Zarra EMEP,ORDER_SPECIFIC_p21,2,21,hgb_direct,1016,53.838461973360694,1.0331059750652827,1.6308503187167531,56.50241826714273,4a49b08b041c578ec5981dc1472125b2af0a4d59,572a6a79dfaf6247292af8c946e3f621c520377d7eb449bd78e9b309f483fc6a,7e61f4823860ac67fc2cf7b88c0b78031ccbd9e2a1f7bf6285099b2c126d9b06,2026-08-06T11:21:41Z,2026-08-06-p2-finite-linear-memory-skill-decomposition,2.0
Zarra EMEP,ORDER_SPECIFIC_p21,3,21,ridge_direct,1014,78.2036108092207,1.546769078552984,-2.215291995116388,77.5350878926573,4a49b08b041c578ec5981dc1472125b2af0a4d59,572a6a79dfaf6247292af8c946e3f621c520377d7eb449bd78e9b309f483fc6a,7e61f4823860ac67fc2cf7b88c0b78031ccbd9e2a1f7bf6285099b2c126d9b06,2026-08-06T11:21:41Z,2026-08-06-p2-finite-linear-memory-skill-decomposition,2.0
Zarra EMEP,ORDER_SPECIFIC_p21,3,21,hgb_direct,1014,78.2036108092207,1.546769078552984,1.4504419146618375,81.20082180243553,4a49b08b041c578ec5981dc1472125b2af0a4d59,572a6a79dfaf6247292af8c946e3f621c520377d7eb449bd78e9b309f483fc6a,7e61f4823860ac67fc2cf7b88c0b78031ccbd9e2a1f7bf6285099b2c126d9b06,2026-08-06T11:21:41Z,2026-08-06-p2-finite-linear-memory-skill-decomposition,2.0
Zarra EMEP,ORDER_SPECIFIC_p21,4,21,ridge_direct,1014,83.37310329431754,1.5841136321369902,-1.9126247907520195,83.04459213570252,4a49b08b041c578ec5981dc1472125b2af0a4d59,572a6a79dfaf6247292af8c946e3f621c520377d7eb449bd78e9b309f483fc6a,7e61f4823860ac67fc2cf7b88c0b78031ccbd9e2a1f7bf6285099b2c126d9b06,2026-08-06T11:21:41Z,2026-08-06-p2-finite-linear-memory-skill-decomposition,2.0
Zarra EMEP,ORDER_SPECIFIC_p21,4,21,hgb_direct,1014,83.37310329431754,1.5841136321369902,0.9610888645608355,85.91830579101537,4a49b08b041c578ec5981dc1472125b2af0a4d59,572a6a79dfaf6247292af8c946e3f621c520377d7eb449bd78e9b309f483fc6a,7e61f4823860ac67fc2cf7b88c0b78031ccbd9e2a1f7bf6285099b2c126d9b06,2026-08-06T11:21:41Z,2026-08-06-p2-finite-linear-memory-skill-decomposition,2.0
Zarra EMEP,ORDER_SPECIFIC_p21,5,21,ridge_direct,1013,80.54344453126538,1.9177441675508646,-2.708370979884137,79.7528177189321,4a49b08b041c578ec5981dc1472125b2af0a4d59,572a6a79dfaf6247292af8c946e3f621c520377d7eb449bd78e9b309f483fc6a,7e61f4823860ac67fc2cf7b88c0b78031ccbd9e2a1f7bf6285099b2c126d9b06,2026-08-06T11:21:41Z,2026-08-06-p2-finite-linear-memory-skill-decomposition,2.0
Zarra EMEP,ORDER_SPECIFIC_p21,5,21,hgb_direct,1013,80.54344453126538,1.9177441675508646,-0.4665103834346098,81.99467831538163,4a49b08b041c578ec5981dc1472125b2af0a4d59,572a6a79dfaf6247292af8c946e3f621c520377d7eb449bd78e9b309f483fc6a,7e61f4823860ac67fc2cf7b88c0b78031ccbd9e2a1f7bf6285099b2c126d9b06,2026-08-06T11:21:41Z,2026-08-06-p2-finite-linear-memory-skill-decomposition,2.0
Zarra EMEP,ORDER_SPECIFIC_p21,6,21,ridge_direct,1012,80.49780555844143,1.9400770319967364,-3.1093376036148186,79.32854498682335,4a49b08b041c578ec5981dc1472125b2af0a4d59,572a6a79dfaf6247292af8c946e3f621c520377d7eb449bd78e9b309f483fc6a,7e61f4823860ac67fc2cf7b88c0b78031ccbd9e2a1f7bf6285099b2c126d9b06,2026-08-06T11:21:41Z,2026-08-06-p2-finite-linear-memory-skill-decomposition,2.0
Zarra EMEP,ORDER_SPECIFIC_p21,6,21,hgb_direct,1012,80.49780555844143,1.9400770319967364,-1.8990659553894318,80.53881663504873,4a49b08b041c578ec5981dc1472125b2af0a4d59,572a6a79dfaf6247292af8c946e3f621c520377d7eb449bd78e9b309f483fc6a,7e61f4823860ac67fc2cf7b88c0b78031ccbd9e2a1f7bf6285099b2c126d9b06,2026-08-06T11:21:41Z,2026-08-06-p2-finite-linear-memory-skill-decomposition,2.0
Zarra EMEP,ORDER_SPECIFIC_p21,7,21,ridge_direct,1011,85.84740725217728,2.8494509955628757,-3.7062300803222286,84.99062816741792,4a49b08b041c578ec5981dc1472125b2af0a4d59,572a6a79dfaf6247292af8c946e3f621c520377d7eb449bd78e9b309f483fc6a,7e61f4823860ac67fc2cf7b88c0b78031ccbd9e2a1f7bf6285099b2c126d9b06,2026-08-06T11:21:41Z,2026-08-06-p2-finite-linear-memory-skill-decomposition,2.0
Zarra EMEP,ORDER_SPECIFIC_p21,7,21,hgb_direct,1011,85.84740725217728,2.8494509955628757,-5.22358635878706,83.4732718889531,4a49b08b041c578ec5981dc1472125b2af0a4d59,572a6a79dfaf6247292af8c946e3f621c520377d7eb449bd78e9b309f483fc6a,7e61f4823860ac67fc2cf7b88c0b78031ccbd9e2a1f7bf6285099b2c126d9b06,2026-08-06T11:21:41Z,2026-08-06-p2-finite-linear-memory-skill-decomposition,2.0
