station,horizon,rmse_lags_only,mae_lags_only,skill_rmse_vs_persistence_lags_only,skill_mae_vs_persistence_lags_only,rmse_lags_meteo,mae_lags_meteo,skill_rmse_vs_persistence_lags_meteo,skill_mae_vs_persistence_lags_meteo,delta_rmse_meteo_minus_lags,delta_mae_meteo_minus_lags,delta_skill_rmse_meteo_minus_lags,delta_skill_mae_meteo_minus_lags
Birr co offlay,1,7.492135757529792,5.587881378456349,0.4695480108318173,0.3405537214752984,6.752772675007041,5.0488158441399715,0.5218957832874278,0.4041708128932388,-0.7393630825227513,-0.5390655343163777,0.05234777245561051,0.06361709141794042
Birr co offlay,2,6.695440910981485,4.982072653663663,0.5393113573841728,0.4247015208989912,6.388537323400884,4.643344243506104,0.5604282635082399,0.4638157516095059,-0.3069035875806012,-0.33872841015755917,0.021116906124067136,0.039114230710514675
Birr co offlay,3,6.084367364103568,4.587925115529019,0.5861330455845521,0.4680183329189481,5.831084265617057,4.333687048827961,0.6033617068902399,0.4974978878709903,-0.2532830984865111,-0.254238066701058,0.017228661305687787,0.029479554952042186
Birr co offlay,4,5.76773585548604,4.485794787059833,0.6122145614893917,0.4894372261244266,5.547995759086673,4.189802876509759,0.6269884713520533,0.5231263398866342,-0.21974009639936742,-0.29599191055007346,0.014773909862661583,0.03368911376220757
Birr co offlay,5,5.568289355565978,4.345536532735679,0.6275513814312709,0.5166419960678557,5.831363625675298,4.416684101128981,0.6099550170495865,0.50872818694805,0.2630742701093203,0.07114756839330205,-0.017596364381684326,-0.00791380911980566
Birr co offlay,6,6.366488772124489,4.819582544514131,0.5785267167270907,0.4785828992119675,6.2099098162746085,4.56827510019945,0.5888925320101468,0.5057711458724925,-0.15657895584988069,-0.2513074443146808,0.010365815283056135,0.027188246660524995
Birr co offlay,7,6.439011936602422,5.117191694621573,0.5727730446063188,0.4555348680507767,6.322450812232855,4.809012510021761,0.5805068482973166,0.4883248885191323,-0.116561124369567,-0.30817918459981186,0.0077338036909977426,0.03279002046835561
Birr co offlay,8,8.651216213110773,6.322242583277276,0.4456114407545649,0.364547121853314,8.438038661768525,5.967527085018547,0.4592723171724949,0.4001998164980839,-0.21317755134224825,-0.35471549825872906,0.013660876417930012,0.03565269464476989
Birr co offlay,9,8.09570359543434,6.580399780443668,0.4546758717221295,0.3177126617631858,7.88201163467677,6.242089476665149,0.4690700971092633,0.352790292965643,-0.21369196075757024,-0.3383103037785187,0.014394225387133808,0.035077631202457216
Birr co offlay,10,8.844680763784394,7.187859879966922,0.4229800185782173,0.282147191385751,8.547790781576156,6.676328184050221,0.4423488863297325,0.3332339502738087,-0.2968899822082385,-0.5115316959167009,0.019368867751515195,0.05108675888805769
Birr co offlay,11,9.160569105326388,7.034388545416925,0.4044201748996532,0.2811777698060476,8.53191625081799,6.35324229452501,0.4452924125119698,0.3507819811732711,-0.6286528545083989,-0.6811462508919144,0.04087223761231662,0.0696042113672235
Birr co offlay,12,10.299398002043429,6.838312119142755,0.343664263067067,0.2821521853473472,10.27859007709312,6.581820404536836,0.3449902614170285,0.3090772530538871,-0.02080792495030792,-0.2564917146059198,0.0013259983499614991,0.026925067706539907
Birr co offlay,13,10.503428397262985,6.989429319342609,0.3056530599923379,0.2362877238574687,9.465797884079844,6.4124002977735906,0.3742473840965549,0.2993378138330865,-1.0376305131831405,-0.5770290215690181,0.06859432410421701,0.06305008997561778
Birr co offlay,14,9.337843488035926,5.17581420379907,0.3686642354701678,0.4122483785032899,9.34037305443117,5.353737400465715,0.3684932103575583,0.3920438960344369,0.002529566395244487,0.17792319666664458,-0.00017102511260952413,-0.02020448246885298
Birr co offlay,15,8.27950201835265,5.173896922390157,0.4127370425105492,0.3833526556929001,8.158951274723503,5.081943609976607,0.4212876758788699,0.394312047955756,-0.1205507436291473,-0.09195331241355031,0.008550633368320681,0.01095939226285586
Birr co offlay,16,8.44770426300358,5.341341408673435,0.4020377999446791,0.359442183763377,7.870173033789445,5.052171632651848,0.4429177637395707,0.3941207309817292,-0.5775312292141344,-0.28916977602158767,0.040879963794891616,0.034678547218352174
Birr co offlay,17,9.058883459397215,5.860158847284001,0.3762345120390977,0.3086245626237662,7.858036487863392,5.0249793001900525,0.4589209601562931,0.4071581757403084,-1.2008469715338235,-0.8351795470939489,0.08268644811719539,0.09853361311654218
Birr co offlay,18,12.54855825220484,7.511734378213916,0.2507923062759875,0.2265089191716438,10.084621061333806,6.570174794118123,0.3979008954184061,0.3234622862234377,-2.463937190871034,-0.9415595840957929,0.14710858914241864,0.09695336705179389
Birr co offlay,19,15.13402453036476,8.878433366549325,0.2255332461730053,0.204986300709149,13.2211021382024,8.020679950856797,0.3234249069409983,0.2817932877006069,-1.9129223921623595,-0.8577534156925282,0.097891660767993,0.07680698699145791
Birr co offlay,20,17.280176812239034,10.093046894166472,0.1950409465195745,0.1658629116388206,15.3075469413889,9.121945563985136,0.286931573042683,0.2461193143440638,-1.9726298708501346,-0.9711013301813356,0.09189062652310853,0.0802564027052432
Birr co offlay,21,18.03642694987748,10.179447309965251,0.1678837168033184,0.1459847913261528,16.103254561509285,8.861951696777137,0.2570712386477336,0.2565174417503306,-1.9331723883681953,-1.3174956131881146,0.08918752184441522,0.11053265042417779
Birr co offlay,22,11.832651926760471,8.11670922065994,0.2793427091778356,0.1881202465684941,9.476672305306495,6.766018043511802,0.4228315823178813,0.323224115643156,-2.355979621453976,-1.3506911771481382,0.14348887314004571,0.1351038690746619
Birr co offlay,23,12.03321018586348,7.483402506404218,0.2582061982459233,0.2282169717494314,9.114365825603036,6.044484319851484,0.4381399500281101,0.3766163976084713,-2.9188443602604437,-1.4389181865527343,0.17993375178218685,0.14839942585903992
Birr co offlay,24,10.166371533241822,6.950229881810049,0.3533117048847128,0.3184858065346547,10.061830225731018,6.741638009194336,0.359961633003337,0.3389395647910798,-0.1045413075108037,-0.20859187261571321,0.006649928118624193,0.020453758256425092
Dublin Airport,1,6.597053117846819,4.044454820169803,-0.10653787977029,-0.0658631309948769,6.378712378106562,3.737105571776728,-0.0699151188338864,0.0151347406014266,-0.21834073974025703,-0.3073492483930753,0.0366227609364036,0.08099787159630349
Dublin Airport,2,7.151555679804527,4.2922288358111755,-0.0249750971492941,0.0738594029378886,6.330388252073844,3.840328665252321,0.0927162418681626,0.1713665745690936,-0.8211674277306837,-0.45190017055885434,0.11769133901745671,0.097507171631205
Dublin Airport,3,6.632655664771155,4.903132458146254,0.2466142659705257,0.1381822901807273,6.22710474023584,4.505211459423705,0.2926797179417779,0.2081243867354101,-0.4055509245353148,-0.39792099872254827,0.0460654519712522,0.06994209655468278
Dublin Airport,4,7.180178941917111,5.238533475206555,0.2646447901488598,0.1623053393843261,7.591778104007184,5.113395245179194,0.222491023416622,0.1823162122037812,0.41159916209007275,-0.12513823002736135,-0.04215376673223778,0.0200108728194551
Dublin Airport,5,8.096648441360324,5.652980707442802,0.2069590725643361,0.1635929519171247,8.015018776607038,5.619610124204528,0.2149544382407705,0.1685304163210593,-0.08162966475328659,-0.033370583238273355,0.007995365676434413,0.0049374644039346105
Dublin Airport,6,7.340145161454495,5.720488751574261,0.3829688162006034,0.1961669522751394,7.763238480181099,5.6555023257644255,0.3474025207705876,0.2052987308675,0.42309331872660394,-0.0649864258098356,-0.035566295430015826,0.009131778592360612
Dublin Airport,7,8.908652343426576,6.873190145234013,0.268438477837169,0.1068554860480038,9.151272638808532,6.665107599462331,0.248514962387811,0.1338950092210988,0.24262029538195584,-0.20808254577168217,-0.019923515449357998,0.027039523173094993
Dublin Airport,8,9.817661906155593,7.64314793414417,0.2800933205698968,0.1079248660229955,9.808134988771029,7.542484872607578,0.2807919076189402,0.1196738227199649,-0.009526917384564015,-0.10066306153659177,0.0006985870490434087,0.011748956696969404
Dublin Airport,9,11.72042750006002,9.50339031228158,0.260302460880942,0.0024442647869966,11.16153941812732,8.640692934846486,0.2955749062628592,0.0930002335870389,-0.5588880819327002,-0.8626973774350937,0.035272445381917206,0.09055596880004231
Dublin Airport,10,11.257367422726167,9.197607584546589,0.2876722184411894,0.0655347637094384,11.64886700883105,9.033624133426596,0.2628994610833461,0.082195273846449,0.39149958610488333,-0.1639834511199929,-0.02477275735784329,0.016660510137010587
Dublin Airport,11,12.248600877908078,9.979660746773003,0.2609601331462714,0.0453367156474865,12.238016387872127,9.693969510116483,0.2615987660958511,0.0726661951977244,-0.010584490035951077,-0.2856912366565201,0.000638632949579665,0.027329479550237894
Dublin Airport,12,11.969313246351096,9.895084006612326,0.2748206176263866,0.0640140229251897,12.462767522567946,9.82717724649901,0.2449239259874036,0.0704373918599227,0.4934542762168501,-0.0679067601133152,-0.02989669163898301,0.006423368934732998
Dublin Airport,13,12.06646761580799,9.783877922591357,0.2651700473801796,0.0881370194720614,12.95214564452991,9.737736182630604,0.2112335711384071,0.0924374558491551,0.8856780287219195,-0.04614173996075266,-0.053936476241772474,0.004300436377093694
Dublin Airport,14,11.524619526691923,9.446542915272264,0.3233862693831081,0.1476222844853646,12.727260020056251,9.550818913909708,0.2527788997496438,0.1382132828750617,1.2026404933643278,0.10427599863744419,-0.07060736963346431,-0.009409001610302892
Dublin Airport,15,12.336264005940931,9.485263018182126,0.2930522435281061,0.1194768970067342,13.014251693742892,9.724460600370302,0.2541991617055755,0.0972720306901031,0.6779876878019611,0.23919758218817577,-0.03885308182253061,-0.0222048663166311
Dublin Airport,16,13.694568990957102,9.75705894215221,0.2785042323202874,0.161824494937928,14.30127502002205,9.628305634620656,0.2465400403486252,0.1728849865480021,0.6067060290649486,-0.12875330753155367,-0.031964191971662226,0.011060491610074108
Dublin Airport,17,11.588252202157028,9.249662317988111,0.2978323112615454,0.113259511315169,11.359059066516888,8.76571565782447,0.3117198252299763,0.1596541885669372,-0.22919313564013954,-0.48394666016364063,0.013887513968430909,0.0463946772517682
Dublin Airport,18,10.03131110330624,7.975192773938701,0.3517261266252466,0.1816219079710168,11.761325251545385,8.22960362498977,0.2399238944621479,0.1555154209209468,1.7300141482391442,0.25441085105106787,-0.1118022321630987,-0.026106487050069987
Dublin Airport,19,9.67407439024884,7.823287894285372,0.3563440314495533,0.1602228217668057,10.566976588825112,7.540338436038923,0.296935574757848,0.1905955372848402,0.8929021985762713,-0.28294945824644824,-0.0594084566917053,0.0303727155180345
Dublin Airport,20,9.376651446928772,7.780421750960008,0.3369223198872075,0.1171730995848302,10.157644931212053,7.21697890953187,0.2816937182192438,0.1811056874548571,0.7809934842832806,-0.563442841428138,-0.05522860166796367,0.06393258787002691
Dublin Airport,21,12.058636205933023,8.509034524391375,0.2035826939683277,0.0905079978016041,12.551154541740411,8.246578246391106,0.1710541294212085,0.1185607557359805,0.4925183358073877,-0.2624562780002684,-0.03252856454711919,0.028052757934376407
Dublin Airport,22,12.207325359771357,8.266126171498309,0.2428932684349312,0.166128990317227,11.909845892589347,7.890207787160065,0.2613431499993319,0.2040509184614268,-0.29747946718200957,-0.3759183843382434,0.018449881564400694,0.03792192814419981
Dublin Airport,23,13.5376104870657,8.518514537453303,0.2124817200983197,0.164961315855691,13.44689112676892,8.341254783175826,0.2177591030340278,0.1823374383372358,-0.09071936029678085,-0.1772597542774772,0.0052773829357080915,0.017376122481544826
Dublin Airport,24,13.753896575604944,8.620439044187144,0.2008251568146929,0.1476662216405428,12.924670243844975,8.210339338551973,0.2490076351404944,0.1882142528738042,-0.8292263317599691,-0.4100997056351705,0.0481824783258015,0.040548031233261395
Dundalk Co Louth,1,7.681984408075333,4.996384253702024,0.1816734138148211,0.1052742968084208,6.7983804649344375,4.691037523934343,0.2757996915992632,0.1599541520069498,-0.8836039431408951,-0.30534672976768107,0.0941262777844421,0.054679855198528984
Dundalk Co Louth,2,8.482811448691896,5.356830864317214,0.2430475075562607,0.1913018716719345,7.380515453918657,5.0814383094858675,0.3414094369355848,0.2328767224164485,-1.1022959947732387,-0.2753925548313463,0.09836192937932409,0.041574850744514
Dundalk Co Louth,3,7.605863210772783,5.28083409291901,0.3722986027599652,0.2543496850746719,6.86015658644352,5.0035884749159845,0.4338407416403552,0.2934965847382728,-0.7457066243292623,-0.2772456180030254,0.06154213888039001,0.039146899663600854
Dundalk Co Louth,4,7.209303553771064,5.278612630509724,0.440965626299294,0.3002204218458983,7.183080059835513,5.337025616903811,0.4429990868685659,0.2924766797229556,-0.026223493935551012,0.058412986394086985,0.0020334605692718943,-0.0077437421229427095
Dundalk Co Louth,5,8.358974645952314,6.313190464035869,0.3814833805931124,0.2465425215855271,9.005182047219762,6.29941668027701,0.3336677053223188,0.2481863751074976,0.6462074012674481,-0.013773783758859182,-0.047815675270793556,0.0016438535219704953
Dundalk Co Louth,6,8.231293363393934,6.267812303425877,0.4213453971907259,0.3066454654803539,7.5088789376353215,5.892121312799628,0.4721306643590774,0.3482049505636116,-0.7224144257586129,-0.3756909906262482,0.05078526716835152,0.04155948508325774
Dundalk Co Louth,7,7.894315017259712,6.0716091988711876,0.4631514027045177,0.3495285718972221,7.9181156939100115,6.008072567587749,0.461532850639334,0.3563354598134374,0.023800676650299835,-0.0635366312834389,-0.001618552065183687,0.0068068879162153095
Dundalk Co Louth,8,8.181148523115182,6.245828109773017,0.4409416427022989,0.3303028835385666,7.832599684404817,5.946211131142229,0.4647597094024547,0.3624287478923996,-0.34854883871036435,-0.2996169786307874,0.023818066700155793,0.03212586435383297
Dundalk Co Louth,9,8.166052941474774,6.2642982152954385,0.4214155777110505,0.3060791431032024,7.689453988707294,5.947057105113813,0.455183755768036,0.3412211838321403,-0.4765989527674801,-0.3172411101816257,0.03376817805698551,0.035142040728937896
Dundalk Co Louth,10,7.945353679185705,6.185258723421252,0.4472135899119589,0.3351338001133809,7.98626451034631,6.209802041845389,0.444367278419214,0.3324955882643804,0.040910831160605454,0.02454331842413726,-0.002846311492744946,-0.0026382118490004824
Dundalk Co Louth,11,10.777984588801631,7.1885422425653696,0.3210816587434379,0.2833512962987264,10.486300370557633,6.931686526815315,0.3394552019591785,0.3089580618318797,-0.2916842182439989,-0.2568557157500546,0.018373543215740584,0.025606765533153275
Dundalk Co Louth,12,10.469799772127638,7.094341537664593,0.3418261614268103,0.2948911648889998,10.483507870698393,6.888237587439098,0.3409644150656362,0.3153759012783779,0.013708098570754501,-0.20610395022549444,-0.0008617463611741427,0.02048473638937809
Dundalk Co Louth,13,9.295631204034006,6.8907304946957515,0.375623391605373,0.2865640425399399,8.912457172925667,6.554469676434107,0.4013607403358711,0.3213790101282772,-0.38317403110833936,-0.33626081826164445,0.0257373487304981,0.0348149675883373
Dundalk Co Louth,14,8.226562950959371,6.462265300037949,0.4371771027238109,0.3102768733129794,8.04966763806213,6.218215596521964,0.4492794513125119,0.3363245078127727,-0.1768953128972406,-0.24404970351598454,0.012102348588701017,0.026047634499793304
Dundalk Co Louth,15,10.165280600643136,7.386941112948911,0.3445756709166093,0.2466260883554291,9.988009259670504,7.001913145964109,0.356005552125727,0.2858940371781724,-0.17727134097263253,-0.3850279669848016,0.011429881209117698,0.039267948822743315
Dundalk Co Louth,16,10.368253287437463,7.8588269922205,0.305095671324709,0.1935189842042626,9.813298112287375,7.250538933636829,0.3422900513944751,0.2559421386862988,-0.5549551751500879,-0.6082880585836712,0.03719438006976611,0.06242315448203617
Dundalk Co Louth,17,10.649798108516356,7.809321152827529,0.2575916278498231,0.1810307297148948,9.978845466026325,7.543564002604636,0.3043644261719388,0.2089008781095844,-0.6709526424900307,-0.2657571502228926,0.04677279832211573,0.027870148394689598
Dundalk Co Louth,18,11.500891617491,7.843469865855286,0.2170043486184213,0.2177920660898015,10.556229905567898,7.468333463322729,0.2813181459363226,0.2552034000246579,-0.9446617119231018,-0.375136402532557,0.0643137973179013,0.037411333934856406
Dundalk Co Louth,19,18.571408013609844,11.076755759002996,0.0843006726707337,0.1215298898303998,17.47857267061072,10.303150190795307,0.1381850409282501,0.1828826345795891,-1.0928353429991233,-0.7736055682076888,0.0538843682575164,0.06135274474918928
Dundalk Co Louth,20,16.11242431281168,10.817709882402635,0.1144368511200548,0.1183661369688866,14.684267886448076,9.6843566213715,0.1929304829578191,0.2107334332417524,-1.4281564263636035,-1.1333532610311359,0.07849363183776428,0.09236729627286579
Dundalk Co Louth,21,15.67016609826796,9.651989607329236,0.134292045667427,0.1673209759330866,14.680568079363,9.061836601558776,0.1889629962614015,0.2182335907293096,-0.9895980189049585,-0.5901530057704605,0.054670950593974504,0.050912614796223
Dundalk Co Louth,22,13.602410232091964,8.838488133659686,0.1930648486460369,0.1989130245525237,13.589263061964742,8.835690272442342,0.1938447776097625,0.1991666120605261,-0.013147170127222552,-0.002797861217343822,0.0007799289637255846,0.00025358750800241747
Dundalk Co Louth,23,13.148480661874318,8.517291521987508,0.1897998495716261,0.1840038225053735,12.675220851765214,8.114800343255181,0.2189617869241232,0.222564351104522,-0.4732598101091039,-0.4024911787323262,0.029161937352497086,0.03856052859914849
Dundalk Co Louth,24,12.661307083903155,8.467333792550926,0.160741310019829,0.1436416384002259,11.249756061923282,7.960714393321708,0.2543064098706259,0.1948794624080936,-1.4115510219798733,-0.5066193992292183,0.09356509985079692,0.051237824007867694
Pearse street dublin,1,6.087939835205373,3.6461159996410704,0.1655164875213287,0.1416650184034948,5.322234392212903,3.2781580003396633,0.2704729399319393,0.2282862950139348,-0.7657054429924699,-0.36795799930140705,0.10495645241061063,0.08662127661044
Pearse street dublin,2,5.980006972039638,4.221793989269979,0.2782435839815237,0.2423564618215916,5.194055567041884,3.725129097217275,0.3731039197450426,0.3314879890965346,-0.7859514049977534,-0.4966648920527037,0.09486033576351888,0.089131527274943
Pearse street dublin,3,6.516422120499948,4.569989092349893,0.287258903439423,0.2433929925715099,5.795591039033246,4.127511723401299,0.3661006245463588,0.3166495083333194,-0.7208310814667023,-0.4424773689485937,0.07884172110693577,0.0732565157618095
Pearse street dublin,4,6.375372567693508,4.639886303199768,0.3557221552269369,0.29056297246094,5.79487852211078,4.329778085658573,0.4143853076341918,0.3379784127738078,-0.5804940455827277,-0.31010821754119533,0.05866315240725489,0.04741544031286782
Pearse street dublin,5,6.118652733920062,4.77334781644886,0.4336071968032132,0.3101342318452773,5.859735654058255,4.376495022440425,0.457574690471464,0.3674891885990159,-0.25891707986180634,-0.396852794008435,0.023967493668250794,0.05735495675373864
Pearse street dublin,6,7.032770403892028,5.235326122102914,0.3892274331891802,0.2691757070726687,6.452326829576675,4.800410445716063,0.4396370145367014,0.3298876731021624,-0.5804435743153524,-0.4349156763868516,0.050409581347521215,0.06071196602949369
Pearse street dublin,7,6.995987089789191,5.309788621687403,0.3805625713482202,0.2430235098973243,6.561563078102631,4.948212548911103,0.4190272639341269,0.2945706817296245,-0.4344240116865601,-0.3615760727763,0.038464692585906735,0.051547171832300176
Pearse street dublin,8,7.356878906787078,5.642149962042472,0.3782379540791538,0.2433320301596767,7.002108242493066,5.364523747490378,0.4082211761572887,0.2805644443196755,-0.35477066429401205,-0.277626214552094,0.02998322207813492,0.03723241415999878
Pearse street dublin,9,7.900915342357621,6.2041872117577554,0.3658953730963286,0.223304324978445,7.559052920897936,5.790474733429733,0.393332262851357,0.2750965552339833,-0.3418624214596848,-0.4137124783280228,0.027436889755028393,0.05179223025553831
Pearse street dublin,10,15.017793975369033,8.063177102700033,0.1727284463832178,0.1990017269681647,14.767488741285469,7.530466224581563,0.1865167830868871,0.2519213748889927,-0.2503052340835641,-0.5327108781184702,0.013788336703669302,0.052919647920827984
Pearse street dublin,11,10.340991476963874,6.837032849085331,0.2849989680924859,0.2505415011650755,9.855676255777745,6.584345075371594,0.3185548301896073,0.2782405050665665,-0.4853152211861289,-0.2526877737137365,0.03355586209712136,0.027699003901490993
Pearse street dublin,12,10.712239128964091,7.540681077611348,0.2636006248832294,0.2103253505128061,10.116458218988424,7.168438873060124,0.3045568325005821,0.2493072712939515,-0.5957809099756677,-0.3722422045512239,0.04095620761735269,0.0389819207811454
Pearse street dublin,13,9.958394650590684,7.150459771945317,0.2770545266431815,0.2388269695372872,9.410465525115386,6.768191673554243,0.3168323116056635,0.2795197607957145,-0.5479291254752976,-0.3822680983910738,0.03977778496248202,0.04069279125842731
Pearse street dublin,14,9.874400418371742,6.739429722971363,0.2739244238030023,0.2556675650136971,9.58374362536286,6.451613073332081,0.2952967390340971,0.2874553091495843,-0.2906567930088819,-0.2878166496392822,0.021372315231094785,0.0317877441358872
Pearse street dublin,15,9.388708113981256,6.787110150097028,0.2792281778238328,0.2350925794966102,8.963536928397703,6.585482915581912,0.311868601452884,0.2578159719928974,-0.4251711855835527,-0.201627234515116,0.032640423629051174,0.022723392496287215
Pearse street dublin,16,9.562912730794125,7.0762877947130605,0.2679171821427556,0.2132760795242704,9.129950256675718,6.8070838160504845,0.3010623542259819,0.2432055023579943,-0.4329624741184066,-0.26920397866257595,0.03314517208322626,0.02992942283372388
Pearse street dublin,17,8.779888437289184,6.557869245928345,0.3041016017053483,0.2447752455953074,8.660411600799298,6.460658479719013,0.3135713961953902,0.2559703417893215,-0.11947683648988594,-0.097210766209332,0.009469794490041927,0.011195096194014098
Pearse street dublin,18,9.280756230590162,6.613647316426495,0.2704015645466555,0.2276983713732356,9.28240677575478,6.527210238828466,0.2702718083996531,0.2377919691429404,0.0016505451646171565,-0.08643707759802943,-0.00012975614700239113,0.01009359776970481
Pearse street dublin,19,9.73795677004548,6.665255464887339,0.2492141578926864,0.1975789131368502,9.623507778150952,6.571400705506695,0.2580380502950619,0.208877960626663,-0.11444899189452862,-0.09385475938064403,0.008823892402375494,0.011299047489812808
Pearse street dublin,20,9.09871727453239,6.530400356401252,0.2661044621589384,0.1947146338210481,9.121231748192136,6.527044768469723,0.2642884620286807,0.1951284225183274,0.02251447365974535,-0.003355587931529236,-0.0018160001302576778,0.0004137886972793159
Pearse street dublin,21,9.368077328058876,6.512871713274087,0.2557300935697628,0.202470196535821,9.486454867555898,6.5780485178511485,0.2463252992710434,0.1944890099819965,0.1183775394970219,0.0651768045770611,-0.009404794298719377,-0.007981186553824487
Pearse street dublin,22,10.075683215258003,6.762273755426539,0.2354650187274874,0.2221103798239497,9.937549087901113,6.810401513147951,0.2459465285383527,0.2165740640035807,-0.13813412735689035,0.048127757721412756,0.010481509810865292,-0.005536315820369009
Pearse street dublin,23,10.76335723603422,7.134786396207361,0.2156029782201776,0.2095598140586975,10.657834967030976,7.202614784441019,0.2232930837999204,0.2020453236689064,-0.10552226900324513,0.06782838823365811,0.007690105579742812,-0.007514490389791101
Pearse street dublin,24,12.437057439842174,8.215303805672002,0.1259058169057975,0.1512505947223033,11.573742023643948,8.026207937325566,0.1865808589826311,0.1707866958326115,-0.8633154161982262,-0.18909586834643655,0.06067504207683361,0.019536101110308207
Ringsend dublin,1,5.0384678632846,2.8057134403495168,0.2432381490420754,0.1294437447377564,4.7836856594836,2.8031278813283684,0.2815056258567217,0.1302459915199261,-0.2547822038009997,-0.0025855590211483204,0.03826747681464626,0.0008022467821696966
Ringsend dublin,2,15.746901863811594,4.3980734356279,0.0721433346041672,0.1214171488171436,15.580164178414154,4.2349750371575725,0.0819680400672925,0.1539985638500556,-0.1667376853974396,-0.1630983984703276,0.009824705463125291,0.03258141503291198
Ringsend dublin,3,5.817648717853347,3.973923212633514,0.3664469512246097,0.1613119023137642,5.531653899296918,3.889949821055027,0.3975923328070935,0.1790343091824541,-0.2859948185564285,-0.08397339157848682,0.03114538158248381,0.01772240686868992
Ringsend dublin,4,5.591582032322106,4.225442893981048,0.3922902876680078,0.1608430041154311,5.715590572779238,4.270856453439009,0.3788126718497494,0.1518240427702303,0.12400854045713228,0.04541355945796077,-0.013477615818258348,-0.009018961345200804
Ringsend dublin,5,6.076358595636607,4.419855348847577,0.3838633911336381,0.174430628121069,6.4574560082482035,4.497495996090161,0.3452204993821756,0.1599284022975368,0.3810974126115969,0.07764064724258457,-0.038642891751462516,-0.014502225823532194
Ringsend dublin,6,7.195487772961214,5.177281497384677,0.3279010286917282,0.1400741297283781,7.447893411042133,5.299565457666953,0.3043249244637336,0.1197632501636652,0.2524056380809192,0.1222839602822754,-0.02357610422799461,-0.020310879564712905
Ringsend dublin,7,10.187575043940436,6.555511647910246,0.226342727698307,0.0840273791192,10.057173195419011,6.383453788293026,0.2362456082164917,0.108068262132041,-0.13040184852142467,-0.17205785961722064,0.00990288051818472,0.024040883012841005
Ringsend dublin,8,10.564032006682067,7.01487490383317,0.225814283514948,0.1049684572988062,10.605147731341653,7.112291880603463,0.2228011151778729,0.0925389744927255,0.04111572465958524,0.09741697677029304,-0.0030131683370751006,-0.012429482806080708
Ringsend dublin,9,11.251446001691193,7.880540592376195,0.2200602992005603,0.111762592358367,10.631407117083192,7.271824877182826,0.2630408140670489,0.1803726150485807,-0.6200388846080003,-0.6087157151933686,0.04298051486648857,0.06861002269021371
Ringsend dublin,10,11.117277513711675,8.264849596326048,0.2274982134834928,0.0934286500877135,10.615157484070773,7.626774921130427,0.2623888258177547,0.1634190610316802,-0.5021200296409027,-0.6380746751956208,0.03489061233426188,0.06999041094396669
Ringsend dublin,11,13.61000801895905,9.696326513466376,0.188341251338579,0.0734585145844128,12.77394649680938,8.850194403424585,0.2382013725028475,0.1543114542009934,-0.8360615221496701,-0.8461321100417916,0.049860121164268495,0.0808529396165806
Ringsend dublin,12,12.955620211961795,9.43863257438053,0.2307261743022572,0.1369043379542475,12.341600500455998,8.755646738137509,0.2671852001764315,0.1993585237544328,-0.6140197115057973,-0.6829858362430219,0.036459025874174295,0.0624541858001853
Ringsend dublin,13,31.825486735960588,11.206431973099829,0.0669828237749277,0.1259381219136053,31.80586853740808,10.954470450274684,0.0675579639563785,0.1455902254890071,-0.019618198552507238,-0.2519615228251446,0.0005751401814508006,0.019652103575401814
Ringsend dublin,14,14.281775401546817,9.573623516201891,0.2033477129211754,0.1350221516650972,13.923812665631951,9.28619206308992,0.2233152466652422,0.1609916123855669,-0.3579627359148656,-0.2874314531119708,0.01996753374406679,0.025969460720469684
Ringsend dublin,15,14.917008355907228,10.372959898831024,0.1971752733956685,0.1368123585263427,14.874845270576106,10.04827896157223,0.1994444661618137,0.1638307385449005,-0.04216308533112212,-0.324680937258794,0.0022691927661451783,0.027018380018557803
Ringsend dublin,16,14.01158283484926,9.90272145709585,0.2067048060654157,0.1201366760902749,13.520000228084754,9.355279608341217,0.2345367879310328,0.1687772449257631,-0.4915826067645064,-0.5474418487546338,0.02783198186561711,0.0486405688354882
Ringsend dublin,17,11.392451525937467,8.148589052133753,0.2529408397938978,0.1531364473750239,11.36735590733888,7.982967592131759,0.2545864831141639,0.1703490932835197,-0.025095618598587777,-0.16562146000199363,0.0016456433202660659,0.017212645908495777
Ringsend dublin,18,8.896534035681416,6.591131708533537,0.2833850500878866,0.1538645971119376,8.69490249051899,6.435084255166377,0.2996264514086434,0.1738971621801686,-0.2016315451624262,-0.15604745336715986,0.0162414013207568,0.020032565068231006
Ringsend dublin,19,7.347912141418051,5.796034712953119,0.3023994518882406,0.1215473428585127,6.798788075095169,5.343567532163025,0.3545325261922936,0.1901237087567532,-0.5491240663228814,-0.4524671807900944,0.052133074304053006,0.0685763658982405
Ringsend dublin,20,7.551522726465304,5.974000041685357,0.3079637014506934,0.0940310744472247,6.943491107786838,5.425484431431531,0.3636849070979346,0.1772145519502461,-0.6080316186784662,-0.5485156102538253,0.0557212056472412,0.08318347750302141
Ringsend dublin,21,9.372069947346615,6.600573438215262,0.2344861192679549,0.103521959649639,8.979970474324775,6.2497318535096715,0.2665129384138063,0.1511726341363889,-0.39209947302184034,-0.35084158470559057,0.0320268191458514,0.047650674486749894
Ringsend dublin,22,8.827876525021697,6.214012572934057,0.2582593564640502,0.1602930557928692,8.5028370827399,6.019437243624102,0.2855699972970192,0.1865862525438073,-0.32503944228179726,-0.1945753293099548,0.027310640832969024,0.026293196750938108
Ringsend dublin,23,9.774875149418431,6.334084723105528,0.2560908102509672,0.1785862421269527,9.506912244733543,6.060459583925178,0.2764839164809523,0.2140703670870731,-0.2679629046848877,-0.2736251391803499,0.02039310622998508,0.035484124960120406
Ringsend dublin,24,11.647646492985665,6.677615986994776,0.1933681253128142,0.1714907551297968,11.470115016641612,6.4522784205606225,0.2056626731998594,0.1994489751548556,-0.1775314763440523,-0.22533756643415348,0.012294547887045204,0.027958220025058794
edenderry co offlay,1,7.708363160009115,4.919177489922597,0.2317613552732521,0.0725683952831178,8.180188011398922,4.950693211005284,0.1847378722255649,0.0666266141952421,0.47182485138980734,0.03151572108268663,-0.04702348304768719,-0.0059417810878757
edenderry co offlay,2,11.428554482760902,6.291409571904402,0.2033985582689214,0.0687684106343243,11.696626454558055,6.329315615250514,0.1847132101311998,0.0631576958035176,0.2680719717971538,0.03790604334611203,-0.018685348137721602,-0.005610714830806704
edenderry co offlay,3,9.4930479024603,6.153749862598582,0.1858544841766756,0.0447159245682813,10.256914931850986,6.572106020507089,0.120343499395641,-0.0202280501515541,0.7638670293906866,0.4183561579085069,-0.0655109847810346,-0.0649439747198354
edenderry co offlay,4,12.45547370863517,7.415643431010999,0.132992188431217,0.0110519611015265,12.825392844991264,7.586521601699756,0.1072426434221693,-0.0117363017599965,0.36991913635609386,0.17087817068875744,-0.025749545009047692,-0.022788262861523002
edenderry co offlay,5,16.833778033266643,9.49601959743771,0.1800338686168745,0.0647765468067449,17.28721117399248,9.605107216767223,0.1579473341795594,0.0540329611387553,0.45343314072583496,0.10908761932951272,-0.02208653443731512,-0.010743585667989594
edenderry co offlay,6,15.42284670842924,8.661925367744049,0.1918820412977305,0.1407870414763513,16.12528386161171,9.16352889336681,0.1550761202458015,0.091030869383117,0.7024371531824691,0.5016035256227607,-0.03680592105192901,-0.0497561720932343
edenderry co offlay,7,14.160171947755632,8.615821882220807,0.1943334975860777,0.1236316924659706,15.296862543970926,9.10991918767233,0.1296595981194316,0.0733740124378798,1.1366905962152938,0.49409730545152364,-0.06467389946664612,-0.05025768002809079
edenderry co offlay,8,19.02103131354008,9.844207409320848,-0.0576941671446833,0.0417207535815852,19.87180782881767,10.27596617350646,-0.1050029246415611,-0.0003085785906105,0.8507765152775875,0.4317587641856111,-0.047308757496877796,-0.042029332172195705
edenderry co offlay,9,23.178667492854743,11.426204108559126,0.0611124319172619,-0.0165404844229775,23.542009867048545,11.644967098823658,0.0463946903476317,-0.0360028915342547,0.36334237419380244,0.2187629902645316,-0.014717741569630204,-0.019462407111277197
edenderry co offlay,10,18.212992437963212,10.022913322991108,0.1072909757869284,0.0691584749946638,18.65074496923342,10.384041506690435,0.0858345546980757,0.0356200118348555,0.4377525312702062,0.36112818369932675,-0.021456421088852692,-0.033538463159808296
edenderry co offlay,11,18.841077864217745,9.917033369778457,0.1511903733613532,0.1425786059852672,18.720747525489312,9.90169731406804,0.1566113769061323,0.1439045531486584,-0.1203303387284329,-0.015336055710417185,0.005421003544779118,0.0013259471633912112
edenderry co offlay,12,14.818483698045634,8.86246758573993,0.1943486443912949,0.1847140319616658,14.558336095274813,8.511890932779178,0.2084923498541089,0.2169646690574384,-0.2601476027708216,-0.35057665296075236,0.014143705462813988,0.03225063709577258
edenderry co offlay,13,13.222181446431826,7.834099887242248,0.2478071656828597,0.2157574504648943,12.635249266950886,7.368571035330895,0.2811969797180351,0.2623598092501903,-0.5869321794809395,-0.46552885191135296,0.03338981403517538,0.046602358785296005
edenderry co offlay,14,11.27131347578231,7.179842529206479,0.3412322418145235,0.2752907197297352,11.084898981795495,7.03077220708838,0.3521274989254922,0.2903373792368767,-0.1864144939868151,-0.14907032211809934,0.010895257110968726,0.015046659507141513
edenderry co offlay,15,10.19596729556018,7.111557657287235,0.3428731185369498,0.2414261437422503,8.913348418923368,6.493319039935157,0.4255375012362747,0.3073722661886682,-1.2826188766368123,-0.6182386173520777,0.08266438269932491,0.0659461224464179
edenderry co offlay,16,9.538070202390523,6.6265177487642575,0.3870607880509131,0.2843378637282491,7.446561149409069,5.860935718134829,0.521466163930568,0.3670205173186203,-2.091509052981454,-0.7655820306294281,0.1344053758796549,0.08268265359037119
edenderry co offlay,17,9.534943704046327,6.371135634104411,0.4012165784094041,0.3331878955768457,8.032124543376238,5.909657848539807,0.4955918811892276,0.3814868160533875,-1.5028191606700894,-0.46147778556460484,0.09437530277982348,0.04829892047654183
edenderry co offlay,18,11.51598370237673,6.815174288431804,0.3175109953434897,0.3127753339300291,9.100489645114266,6.025621909186953,0.4606640404936438,0.3923917673780059,-2.415494057262464,-0.7895523792448502,0.1431530451501541,0.07961643344797681
edenderry co offlay,19,12.187562292798996,6.872889566014728,0.3052606738533636,0.3004675681819198,11.077505034079278,6.3823474995219875,0.3685383345848112,0.3503956343012347,-1.110057258719717,-0.4905420664927407,0.06327766073144764,0.04992806611931494
edenderry co offlay,20,9.212952948111187,6.600743512373703,0.4008926451052169,0.2774759498512118,7.763619909866038,5.860910284977693,0.4951410460028562,0.3584588419891591,-1.4493330382451495,-0.7398332273960104,0.0942484008976393,0.0809828921379473
edenderry co offlay,21,16.56642921015567,7.832245840799241,0.1734791433935766,0.2112390653597916,15.098929410651094,7.058065675871713,0.2466946309298239,0.2892043237135608,-1.4674997995045747,-0.774180164927528,0.07321548753624732,0.07796525835376922
edenderry co offlay,22,11.583012714990153,7.802078031267437,0.2365630120302637,0.1478105987838668,10.668374352547191,7.266858865556263,0.296846875450474,0.2062704217334598,-0.914638362442961,-0.5352191657111742,0.060283863420210304,0.05845982294959301
edenderry co offlay,23,13.661525647344137,7.907259545644124,0.209884275839994,0.1960704597967253,12.978456996499444,7.511807855333602,0.2493896206781142,0.236275956243225,-0.6830686508446924,-0.3954516903105221,0.03950534483812021,0.040205496446499706
edenderry co offlay,24,10.563126859780196,7.631346766063145,0.3041714075165632,0.1819675555884883,10.101689127842237,7.182251121248519,0.3345678584723573,0.2301077881534663,-0.46143773193795923,-0.4490956448146264,0.03039645095579413,0.048140232564978014
henry street Limerick,1,4.899159233873413,3.264213965547575,-0.006086747804072,-0.0558543565587212,4.735459347428686,3.208083588529747,0.0275305074242004,-0.0376982234941978,-0.16369988644472677,-0.05613037701782808,0.0336172552282724,0.018156133064523405
henry street Limerick,2,5.167783383706952,3.644671379355614,0.0046108634142825,-0.0110298556958019,4.811851873997483,3.4510959484524957,0.0731683728583449,0.0426678634129189,-0.3559315097094684,-0.19357543090311813,0.0685575094440624,0.0536977191087208
henry street Limerick,3,6.070371796654148,4.308654572070509,0.0720855822096174,0.0299247823455518,5.582870470511181,4.058805301354355,0.1466048249138816,0.0861772810354867,-0.4875013261429668,-0.2498492707161537,0.0745192427042642,0.056252498689934906
henry street Limerick,4,6.280201874904877,4.427265249892879,0.1779541691728928,0.1443705636626265,6.160227677234385,4.5208581840806765,0.193658168975184,0.126282451700913,-0.11997419767049244,0.09359293418779746,0.015703999802291202,-0.018088111961713477
henry street Limerick,5,7.680621990118175,4.9550870645214555,0.201074210098016,0.1330738174673121,7.998937480434241,4.981993722892933,0.1679635512391381,0.1283663145873502,0.3183154903160652,0.026906658371477654,-0.0331106588588779,-0.0047075028799618834
henry street Limerick,6,13.600253827828022,6.17255275070095,0.1648571728167787,0.1809841684341224,14.51005599033345,6.393120438727651,0.108989483890451,0.1517177634762647,0.9098021625054287,0.22056768802670135,-0.055867688926327694,-0.029266404957857706
henry street Limerick,7,9.992792846847705,6.14500316120112,0.1897488690596004,0.139483071584606,10.45871111477033,6.058146629900308,0.1519705613036072,0.151646045885368,0.4659182679226248,-0.08685653130081228,-0.037778307755993196,0.01216297430076202
henry street Limerick,8,8.890835237621605,5.910282383382655,0.1343520181046946,0.1174157208842303,8.825938886487668,5.792185616752601,0.1406705915446507,0.1350511472278418,-0.0648963511339371,-0.11809676663005408,0.006318573439956093,0.01763542634361151
henry street Limerick,9,8.592650492600583,5.928524757277323,0.1058074838277859,0.0837689820042495,8.453840800026958,5.88598554869792,0.1202526877120109,0.0903432553651892,-0.1388096925736253,-0.04253920857940319,0.014445203884225002,0.0065742733609397
henry street Limerick,10,10.140579801293752,6.384919539630086,0.0378850341740324,0.0012409281552206,9.990664116026425,6.167435581041398,0.0521086907335273,0.0352607893724148,-0.14991568526732735,-0.21748395858868808,0.014223656559494903,0.0340198612171942
henry street Limerick,11,8.119850900127698,5.956161092838187,0.0457957028473344,-0.0117832110278937,7.80111370792632,5.733238241420319,0.0832521047199533,0.0260850727380155,-0.318737192201378,-0.22292285141786738,0.0374564018726189,0.0378682837659092
henry street Limerick,12,7.688897142942022,5.805889624606381,0.0471093352494826,0.0491952832132727,7.497540364861999,5.68241219553432,0.0708243211674006,0.069416632492949,-0.1913567780800225,-0.12347742907206172,0.023714985917918,0.020221349279676296
henry street Limerick,13,7.219047275827169,5.408445311018182,0.0882902408038198,0.0794395910538098,6.581359395494666,5.10511841298831,0.16882528117778,0.1310682416617589,-0.6376878803325026,-0.303326898029872,0.08053504037396021,0.051628650607949106
henry street Limerick,14,6.9580354867728715,5.079260645010118,0.1612060199573574,0.1214815078201596,6.735270191334633,5.148279188307764,0.1880604660335842,0.1095439305174741,-0.2227652954382382,0.06901854329764578,0.026854446076226807,-0.011937577302685493
henry street Limerick,15,6.782706257913722,5.054762648705833,0.1743369826190874,0.1338058842772278,6.4906293384727185,5.023834796438523,0.2098916862201184,0.1391057421553709,-0.2920769194410031,-0.030927852267310207,0.035554703601030996,0.005299857878143077
henry street Limerick,16,6.9178187645512175,5.168602069129505,0.1587646122439449,0.1272963020851313,6.535916403028194,5.05448002633732,0.2052055197200192,0.14656548307958,-0.38190236152302326,-0.11412204279218496,0.04644090747607432,0.019269180994448715
henry street Limerick,17,7.37648130318459,5.4477093341622105,0.0878828283749646,0.0776628188942242,6.921998388152428,5.280892070509282,0.1440805809310608,0.1059062062116358,-0.45448291503216254,-0.16681726365292882,0.0561977525560962,0.028243387317411592
henry street Limerick,18,7.671035714599781,5.721228854783021,0.0700620640471485,0.0511572634157522,7.309633640517922,5.59866630784959,0.1138738140278091,0.0714837676313334,-0.36140207408185887,-0.12256254693343127,0.043811749980660605,0.020326504215581208
henry street Limerick,19,8.790509850448407,6.530709728891105,0.015680989694085,-0.0239865723618555,8.474491499113267,6.268379427597275,0.0510672046141269,0.0171456655111837,-0.3160183513351402,-0.2623303012938294,0.0353862149200419,0.0411322378730392
henry street Limerick,20,9.209387754423702,6.755089897659038,-0.0250816416024532,-0.0278318714546708,8.65940546712678,6.574971178675601,0.0361359725265415,-0.0004256099805013,-0.5499822872969222,-0.18011871898343657,0.0612176141289947,0.0274062614741695
henry street Limerick,21,8.749709802773323,6.485669558580276,-0.0137937314041829,-0.0163092151095145,8.39743002938799,6.341355945556472,0.0270235109968548,0.0063048347518147,-0.352279773385332,-0.14431361302380363,0.0408172424010377,0.0226140498613292
henry street Limerick,22,8.167138681726144,6.239558488654955,0.0253265635457119,-0.0158489740576046,8.08946049738909,6.180769389906291,0.0345967456518058,-0.0062776484969597,-0.07767818433705287,-0.05878909874866434,0.009270182106093903,0.0095713255606449
henry street Limerick,23,7.646227725478872,5.903954539851104,0.0866905238678458,0.0527258892065095,7.600396438222842,5.833450041165962,0.0921648767719304,0.0640381521733232,-0.04583128725603025,-0.07050449868514175,0.005474352904084601,0.011312262966813702
henry street Limerick,24,7.828836524044701,6.0293098028570835,0.0882536504118589,0.0566144271795749,7.64934963285524,5.94998352250728,0.1091566948602016,0.0690263401305484,-0.1794868911894607,-0.07932628034980382,0.020903044448342706,0.012411912950973499
porrlaoise co laois,1,4.094355392625865,2.5588375281956366,0.3424423242156724,0.2710059451679755,3.9927552069100942,2.575543059077518,0.3587594182566154,0.2662466618756548,-0.10160018571577112,0.016705530881881536,0.016317094040943003,-0.004759283292320671
porrlaoise co laois,2,4.503133527697153,3.150576208776375,0.3691411353090625,0.2792831734300722,4.481612197558117,3.1262575256739296,0.3721561296046223,0.2848462460080757,-0.02152133013903601,-0.024318683102445338,0.003014994295559792,0.005563072578003481
porrlaoise co laois,3,4.56020435531988,3.2512151223514,0.4127636973655898,0.3183103461638631,4.568093741540804,3.242351886747005,0.411747748598069,0.3201687208895128,0.007889386220924166,-0.008863235604394948,-0.0010159487675208134,0.001858374725649703
porrlaoise co laois,4,4.546111796654392,3.4732220975512527,0.4494643255536298,0.3345460338993743,4.5976386324431795,3.462099002272783,0.4432244083316328,0.3366771696748812,0.05152683578878747,-0.011123095278469552,-0.006239917221997016,0.002131135775506887
porrlaoise co laois,5,4.602935056352518,3.5378394238161484,0.4632059149647016,0.353938861462106,4.64897775408642,3.5232849304388143,0.4578364175679228,0.3565967244784156,0.04604269773390257,-0.014554493377334055,-0.005369497396778777,0.002657863016309603
porrlaoise co laois,6,4.643541540687048,3.5502577326213904,0.4901765869950775,0.3787877944569555,4.778798131696686,3.592838516820763,0.4753265040883696,0.3713371514731534,0.13525659100963772,0.04258078419937261,-0.014850082906707918,-0.007450642983802103
porrlaoise co laois,7,4.592380386970332,3.525454039583878,0.5047938905576912,0.387358330059755,4.721836125454035,3.528920006601188,0.4908344039303675,0.3867560258465669,0.12945573848370362,0.0034659670173100565,-0.013959486627323714,-0.0006023042131881318
porrlaoise co laois,8,5.243395709422489,4.0214915536714715,0.4231145166908041,0.2871628147028165,5.177160184170538,3.9303129253918594,0.4304018387078218,0.3033248570382676,-0.06623552525195109,-0.0911786282796121,0.0072873220170177055,0.0161620423354511
porrlaoise co laois,9,5.846963827633693,4.5324183552319,0.3736812822879677,0.2334856588434409,5.757468159519544,4.379902064829128,0.3832679350784503,0.2592789362267554,-0.08949566811414922,-0.15251629040277148,0.009586652790482597,0.025793277383314495
porrlaoise co laois,10,6.643848656732378,5.0161204536184405,0.3196801060585648,0.210477726349256,6.36623921764847,4.71792813460459,0.3481068860640554,0.2574123005625154,-0.2776094390839079,-0.29819231901385024,0.028426780005490593,0.04693457421325942
porrlaoise co laois,11,6.715900340071921,5.277921913608435,0.3358558080937379,0.2106468182826852,6.40587652386183,4.903163080612744,0.3665144698460565,0.2666948390840333,-0.3100238162100917,-0.374758832995691,0.030658661752318628,0.0560480208013481
porrlaoise co laois,12,6.5358291135978535,5.166350265756132,0.3546035513790945,0.2181787510087305,5.992200541007682,4.687664198559207,0.4082854858391908,0.2906180785183694,-0.5436285725901717,-0.4786860671969251,0.05368193446009628,0.07243932750963891
porrlaoise co laois,13,6.444697373515023,5.024006438161774,0.3764837786182804,0.2390275763705082,6.0188031398407995,4.639647407130444,0.4176885005622651,0.2972453806245194,-0.4258942336742235,-0.3843590310313303,0.04120472194398467,0.058217804254011185
porrlaoise co laois,14,6.263371884903547,4.902946306196042,0.4058597416289784,0.2718314486041868,5.8491484191381415,4.6144499865331925,0.4451527680523948,0.3146779196957511,-0.4142234657654056,-0.2884963196628494,0.039293026423416366,0.04284647109156431
porrlaoise co laois,15,6.4947193755289,5.117663564902408,0.3850657839921688,0.2537351706293279,6.190265271632209,4.710177284946957,0.4138921635268245,0.3131553875555344,-0.30445410389669103,-0.4074862799554504,0.02882637953465572,0.059420216926206526
porrlaoise co laois,16,6.882482903709064,5.233740799680717,0.3241285586419877,0.2278636240899364,6.62925904586234,4.868847257444965,0.3489955690194299,0.2816965493490718,-0.25322385784672363,-0.36489354223575265,0.02486701037744221,0.053832925259135384
porrlaoise co laois,17,7.00293614663507,5.491725783423191,0.2592132076963037,0.1409364211020335,6.773118956381167,5.063352021256466,0.2835238019412963,0.2079463760316376,-0.22981719025390301,-0.42837376216672496,0.0243105942449926,0.0670099549296041
porrlaoise co laois,18,9.631978764476932,6.282795973971016,0.1467367468643575,0.083295324816555,9.210896398639631,5.906594639521535,0.1840389583930495,0.1381857786095529,-0.4210823658373002,-0.37620133444948056,0.03730221152869201,0.054890453792997895
porrlaoise co laois,19,9.884782139864186,6.862284864257628,0.1220289572398405,0.0730731099091687,9.626623067494762,6.470806202216631,0.1449587686164717,0.1259523048013261,-0.25815907236942337,-0.39147866204099735,0.022929811376631193,0.05287919489215741
porrlaoise co laois,20,9.97829701069588,6.71955825383569,0.1439690507260538,0.0961169548062218,9.986338594427028,6.355204817221709,0.1432791690210233,0.1451280477044004,0.00804158373114916,-0.3643534366139818,-0.0006898817050304817,0.04901109289817861
porrlaoise co laois,21,9.408939118848568,6.762177684163513,0.1956357779608628,0.1259988846609144,9.08664060085304,6.324660183430084,0.2231888733116982,0.1825473519567257,-0.3222985179955291,-0.43751750073342865,0.027553095350835416,0.05654846729581128
porrlaoise co laois,22,10.422982879613675,6.622515508395127,0.1548897732933121,0.1575328176017,9.992038269227589,6.376983861414698,0.1898313731777119,0.1887675281220449,-0.4309446103860868,-0.24553164698042895,0.03494159988439979,0.031234710520344905
porrlaoise co laois,23,9.181646802546512,6.286349237944066,0.1798713291340392,0.177011643168606,8.995721572707556,6.115548965851746,0.1964786562189781,0.1993722582020758,-0.18592522983895599,-0.17080027209232007,0.016607327084938894,0.02236061503346981
porrlaoise co laois,24,7.503921860834779,5.6985414466148345,0.2553949856123241,0.2081637559402938,7.427662750701533,5.612091924846278,0.2629620841044238,0.2201762797166429,-0.07625911013324593,-0.08644952176855636,0.007567098492099689,0.012012523776349093
