date,pm10,temp,hr,ws,wd
2017-01-01,26.0,10.8,79.0,0.5,263.0
2017-01-03,27.0,13.0,61.0,1.0,273.0
2017-01-04,17.0,16.2,57.0,1.4,305.0
2017-01-05,13.0,14.1,61.0,1.6,332.0
2017-01-06,23.0,11.9,,0.7,318.0
2017-01-07,22.0,11.4,75.0,0.5,297.0
2017-01-08,24.0,10.1,74.0,0.6,281.0
2017-01-09,25.0,11.4,62.0,0.8,334.0
2017-01-10,14.0,12.8,56.0,1.5,279.0
2017-01-11,13.0,13.6,59.0,1.4,11.0
2017-01-12,24.0,12.8,76.0,0.9,250.0
2017-01-13,11.0,15.0,50.0,1.6,299.0
2017-01-14,5.0,11.2,35.0,1.8,307.0
2017-01-15,4.0,11.8,40.0,2.8,306.0
2017-01-16,5.0,14.9,40.0,3.0,300.0
2017-01-17,7.0,10.1,62.0,2.3,1.0
2017-01-18,12.0,5.6,59.0,1.3,335.0
2017-01-19,6.0,7.3,92.0,2.9,32.0
2017-01-20,12.0,10.5,84.0,1.2,330.0
2017-01-21,3.0,10.7,71.0,6.4,318.0
2017-01-22,7.0,11.7,61.0,5.5,318.0
2017-01-23,10.0,11.9,60.0,1.6,319.0
2017-01-24,12.0,11.6,51.0,1.7,315.0
2017-01-25,21.0,12.3,53.0,0.9,271.0
2017-01-26,24.0,11.2,68.0,0.9,355.0
2017-01-27,13.0,12.7,76.0,1.1,298.0
2017-01-28,4.0,13.3,50.0,3.5,297.0
2017-01-29,37.0,12.5,65.0,0.6,267.0
2017-01-30,28.0,14.3,71.0,0.6,251.0
2017-01-31,29.0,13.1,75.0,0.3,300.0
2017-02-01,34.0,13.2,71.0,0.5,306.0
2017-02-02,38.0,12.5,82.0,0.3,286.0
2017-02-03,28.0,14.7,67.0,0.5,265.0
2017-02-04,23.0,15.7,62.0,0.6,238.0
2017-02-05,11.0,15.3,50.0,3.4,276.0
2017-02-06,7.0,16.9,40.0,2.5,289.0
2017-02-07,5.0,18.7,45.0,2.5,296.0
2017-02-08,7.0,14.3,34.0,3.4,306.0
2017-02-09,11.0,12.1,43.0,1.2,313.0
2017-02-10,12.0,11.3,69.0,1.5,24.0
2017-02-11,26.0,14.3,67.0,2.6,44.0
2017-02-12,98.0,16.0,63.0,2.2,56.0
2017-02-13,54.0,16.8,65.0,0.9,46.0
2017-02-14,17.0,14.8,64.0,0.8,308.0
2017-05-01,12.0,18.3,49.0,1.7,353.0
2017-05-02,15.0,17.1,72.0,0.9,100.0
2017-05-03,14.0,17.9,61.0,1.0,39.0
2017-05-04,17.0,18.4,70.0,1.2,49.0
2017-05-05,27.0,20.0,75.0,1.1,146.0
2017-05-06,17.0,21.7,47.0,1.2,281.0
2017-05-07,14.0,20.0,57.0,0.6,120.0
2017-05-08,15.0,20.5,53.0,0.8,107.0
2017-05-09,17.0,21.3,51.0,0.9,41.0
2017-05-10,54.0,20.5,71.0,1.1,75.0
2017-05-11,20.0,21.7,61.0,0.8,251.0
2017-05-12,17.0,22.7,43.0,1.2,251.0
2017-05-13,16.0,22.6,52.0,1.1,178.0
2017-05-14,14.0,23.4,44.0,1.1,281.0
2017-05-15,16.0,22.1,57.0,0.8,62.0
2017-05-16,43.0,22.1,53.0,0.8,32.0
2017-05-17,12.0,22.7,42.0,1.3,33.0
2017-05-18,16.0,21.4,54.0,0.9,95.0
2017-05-19,12.0,20.2,68.0,1.0,92.0
2017-05-20,11.0,20.5,59.0,1.1,43.0
2017-05-21,11.0,20.5,62.0,1.1,37.0
2017-05-22,16.0,21.8,56.0,1.4,40.0
2017-05-23,19.0,22.2,60.0,1.1,53.0
2017-05-24,16.0,22.5,54.0,1.1,40.0
2017-05-25,15.0,23.8,45.0,0.9,46.0
2017-05-26,17.0,24.4,45.0,1.5,42.0
2017-05-27,19.0,25.0,47.0,2.0,41.0
2017-05-28,17.0,24.6,43.0,2.6,47.0
2017-05-29,18.0,22.0,65.0,0.7,87.0
2017-05-30,19.0,22.3,72.0,0.9,103.0
2017-05-31,16.0,23.0,71.0,1.1,53.0
2017-06-01,18.0,23.5,67.0,0.9,42.0
2017-06-02,20.0,23.6,65.0,0.9,50.0
2017-06-03,19.0,24.2,60.0,1.0,50.0
2017-06-04,17.0,23.6,72.0,1.2,64.0
2017-06-05,11.0,22.6,63.0,1.2,240.0
2017-06-06,22.0,25.2,61.0,1.2,199.0
2017-06-07,17.0,23.4,73.0,1.9,64.0
2017-06-08,17.0,23.3,68.0,1.5,46.0
2017-06-09,19.0,23.2,74.0,0.8,81.0
2017-06-10,16.0,23.9,72.0,0.8,59.0
2017-06-11,16.0,25.7,49.0,0.8,46.0
2017-06-13,20.0,26.9,46.0,1.7,40.0
2017-06-15,24.0,26.6,64.0,0.8,59.0
2017-06-16,23.0,28.5,50.0,1.1,54.0
2017-06-18,15.0,28.2,48.0,0.7,70.0
2017-06-19,21.0,26.5,66.0,1.4,51.0
2017-06-21,16.0,27.2,51.0,0.7,74.0
2017-06-23,23.0,27.1,59.0,0.9,98.0
2017-06-25,22.0,27.9,57.0,1.6,44.0
2017-06-26,26.0,27.8,61.0,1.4,81.0
2017-06-27,27.0,27.2,73.0,0.4,76.0
2017-06-30,19.0,25.1,37.0,1.9,318.0
2017-07-02,14.0,23.6,59.0,1.0,130.0
2017-07-04,12.0,25.2,63.0,1.6,44.0
2017-07-05,13.0,25.6,70.0,1.3,54.0
2017-07-08,28.0,28.0,62.0,1.1,199.0
2017-07-13,24.0,27.9,79.0,0.8,122.0
2017-07-14,19.0,27.6,77.0,1.5,80.0
2017-07-15,18.0,26.9,70.0,1.2,71.0
2017-07-16,15.0,27.7,50.0,0.9,71.0
2017-07-17,17.0,27.7,53.0,1.0,50.0
2017-07-18,17.0,27.9,59.0,1.1,54.0
2017-07-19,27.0,27.9,66.0,1.0,89.0
2017-07-20,34.0,27.2,77.0,1.1,117.0
2017-07-21,28.0,27.4,75.0,1.0,94.0
2017-07-22,24.0,26.9,72.0,0.9,114.0
2017-07-23,25.0,27.6,67.0,0.8,99.0
2017-07-24,22.0,,,,
2017-07-25,20.0,,,,
2017-07-26,21.0,,,,
2017-07-27,20.0,28.4,66.0,1.1,113.0
2017-07-28,24.0,29.2,58.0,0.8,44.0
2017-07-29,20.0,28.5,64.0,0.7,117.0
2017-07-30,21.0,28.3,70.0,0.7,170.0
2017-07-31,23.0,28.5,67.0,0.9,110.0
2017-08-01,28.0,28.9,75.0,1.0,62.0
2017-08-02,47.0,31.2,58.0,1.6,50.0
2017-08-03,48.0,30.4,63.0,1.0,128.0
2017-08-04,169.0,30.2,68.0,0.8,102.0
2017-08-05,35.0,29.7,68.0,0.7,82.0
2017-08-06,40.0,29.1,74.0,1.5,58.0
2017-08-07,25.0,28.6,75.0,0.6,89.0
2017-08-08,31.0,29.8,58.0,1.8,37.0
2017-09-01,16.0,25.7,74.0,1.8,55.0
2017-09-02,13.0,25.2,66.0,0.7,66.0
2017-09-03,14.0,25.1,75.0,0.7,294.0
2017-09-04,21.0,26.0,78.0,1.0,59.0
2017-09-05,15.0,26.4,71.0,0.7,53.0
2017-09-06,13.0,26.0,69.0,0.8,56.0
2017-09-07,11.0,25.6,79.0,0.6,89.0
2017-09-08,15.0,25.3,79.0,0.7,120.0
2017-09-09,23.0,25.6,62.0,0.9,278.0
2017-09-10,11.0,24.5,41.0,1.8,329.0
2017-09-15,15.0,24.1,75.0,1.9,53.0
2017-09-16,8.0,21.3,65.0,1.0,19.0
2017-09-17,12.0,22.9,71.0,0.7,46.0
2017-09-18,23.0,25.0,62.0,0.7,298.0
2017-09-19,13.0,23.3,69.0,1.0,25.0
2017-09-20,18.0,23.4,73.0,0.8,316.0
2017-09-21,13.0,23.3,69.0,0.9,23.0
2017-09-22,16.0,23.4,70.0,1.9,40.0
2017-09-23,13.0,23.1,69.0,1.2,20.0
2017-09-26,18.0,24.6,67.0,1.6,44.0
2017-09-27,14.0,23.3,75.0,0.8,59.0
2017-09-28,12.0,23.1,71.0,0.9,27.0
2017-09-29,11.0,22.9,71.0,0.9,38.0
2017-09-30,12.0,22.5,74.0,0.6,26.0
2017-10-01,14.0,23.2,75.0,0.4,49.0
2017-10-02,13.0,23.5,71.0,0.8,30.0
2017-10-03,13.0,23.3,72.0,0.6,36.0
2017-10-04,12.0,23.3,74.0,0.8,30.0
2017-10-05,14.0,22.7,73.0,0.8,298.0
2017-10-06,20.0,22.2,78.0,0.6,150.0
2017-10-07,15.0,21.4,81.0,1.0,23.0
2017-10-08,18.0,21.9,79.0,0.5,215.0
2017-10-09,17.0,21.6,78.0,0.5,297.0
2017-10-10,19.0,22.4,78.0,0.4,270.0
2017-10-11,18.0,21.7,77.0,0.4,325.0
2017-10-12,20.0,21.8,78.0,0.5,358.0
2017-10-14,15.0,22.2,74.0,1.0,24.0
2017-10-15,15.0,22.0,77.0,1.0,30.0
2017-10-16,14.0,22.2,71.0,0.9,32.0
2017-10-17,18.0,21.9,74.0,0.4,287.0
2017-10-20,12.0,21.3,51.0,1.6,326.0
2017-10-21,14.0,22.2,65.0,0.7,304.0
2017-10-22,16.0,21.7,66.0,1.2,16.0
2017-10-23,20.0,19.9,74.0,0.7,0.0
2017-10-25,20.0,20.3,68.0,0.5,293.0
2017-10-26,18.0,20.4,65.0,0.4,313.0
2017-11-10,14.0,15.0,43.0,1.0,314.0
2017-11-11,11.0,17.0,51.0,0.8,306.0
2017-11-12,12.0,18.2,47.0,1.0,320.0
2017-11-18,32.0,14.5,71.0,0.6,301.0
2017-11-19,23.0,15.0,75.0,0.6,298.0
2017-11-20,30.0,14.9,74.0,0.5,307.0
2017-11-21,32.0,14.8,72.0,0.4,297.0
2017-11-22,36.0,14.7,63.0,0.5,294.0
2017-11-28,44.0,,,,
2017-11-30,9.0,12.1,59.0,0.7,336.0
2018-01-01,12.0,16.1,34.0,2.1,276.0
2018-01-02,15.0,17.1,45.0,3.1,297.0
2018-01-03,8.0,18.7,55.0,2.6,299.0
2018-01-04,9.0,19.2,55.0,2.3,298.0
2018-01-05,14.0,16.0,58.0,1.4,291.0
2018-01-06,14.0,12.3,74.0,1.1,337.0
2018-01-12,7.0,12.7,42.0,1.2,284.0
2018-01-13,27.0,10.9,64.0,0.3,271.0
2018-01-14,11.0,11.6,60.0,0.6,266.0
2018-01-15,19.0,10.7,84.0,0.4,263.0
2018-01-16,8.0,13.4,60.0,1.5,275.0
2018-01-17,12.0,15.4,55.0,1.1,313.0
2018-01-18,22.0,13.2,75.0,0.9,4.0
2018-01-19,40.0,13.1,74.0,0.5,287.0
2018-01-20,11.0,16.6,41.0,1.4,290.0
2018-01-21,8.0,19.5,40.0,2.5,298.0
2018-01-22,9.0,19.7,43.0,1.4,313.0
2018-01-23,12.0,16.7,52.0,0.9,347.0
2018-01-24,21.0,13.8,73.0,0.5,332.0
2018-01-25,40.0,11.6,85.0,0.4,265.0
2018-01-26,10.0,13.0,50.0,3.3,300.0
2018-01-27,4.0,12.2,47.0,2.0,356.0
2018-01-28,12.0,13.1,90.0,2.8,57.0
2018-01-29,20.0,13.1,80.0,1.6,17.0
2018-01-30,18.0,12.3,79.0,1.3,7.0
2018-01-31,21.0,12.6,80.0,0.9,359.0
2018-02-01,22.0,13.2,76.0,0.9,288.0
2018-02-02,7.0,7.9,76.0,1.1,307.0
2018-02-03,6.0,10.5,44.0,1.9,287.0
2018-02-04,20.0,9.6,61.0,0.3,310.0
2018-02-05,12.0,10.2,78.0,0.4,284.0
2018-02-06,6.0,10.0,58.0,1.8,305.0
2018-02-07,12.0,9.1,57.0,1.0,311.0
2018-02-08,15.0,8.8,61.0,0.8,300.0
2018-02-10,11.0,10.3,45.0,1.7,320.0
2018-02-11,10.0,13.3,50.0,0.9,282.0
2018-02-12,15.0,12.6,71.0,0.6,320.0
2018-02-13,11.0,11.8,48.0,1.4,265.0
2018-02-14,8.0,15.9,46.0,1.9,293.0
2018-02-15,12.0,16.8,57.0,1.3,321.0
2018-02-16,28.0,14.4,77.0,0.4,357.0
2018-02-17,22.0,15.5,74.0,1.1,331.0
2018-02-18,13.0,13.6,83.0,1.0,37.0
2018-02-19,18.0,13.4,79.0,0.5,297.0
2018-02-20,11.0,15.5,60.0,1.0,307.0
2018-02-21,9.0,12.8,55.0,1.8,4.0
2018-02-22,14.0,11.2,58.0,1.2,316.0
2018-02-23,20.0,9.5,46.0,1.1,323.0
2018-02-24,19.0,10.2,67.0,0.8,343.0
2018-02-25,20.0,12.2,59.0,0.6,272.0
2018-02-26,26.0,12.7,56.0,1.0,340.0
2018-02-27,19.0,11.6,87.0,0.4,10.0
2018-02-28,27.0,13.6,85.0,0.5,29.0
2018-03-01,18.0,15.6,75.0,1.5,262.0
2018-03-02,19.0,13.5,76.0,0.4,335.0
2018-03-05,10.0,13.6,67.0,1.3,261.0
2018-03-06,11.0,15.1,48.0,1.5,238.0
2018-03-07,12.0,14.6,47.0,1.3,273.0
2018-03-08,18.0,14.6,83.0,0.5,30.0
2018-03-09,36.0,17.6,76.0,0.6,261.0
2018-03-10,21.0,19.0,64.0,1.1,241.0
2018-03-15,15.0,16.1,64.0,1.1,261.0
2018-03-16,9.0,14.8,47.0,1.5,286.0
2018-03-17,13.0,13.5,51.0,2.2,242.0
2018-03-18,5.0,13.6,53.0,1.5,286.0
2018-03-19,10.0,13.1,58.0,1.5,261.0
2018-03-20,8.0,11.7,38.0,3.4,305.0
2018-03-21,13.0,10.5,45.0,1.9,293.0
2018-03-22,14.0,10.8,39.0,1.5,316.0
2018-03-23,15.0,17.2,34.0,2.9,285.0
2018-03-24,11.0,14.9,44.0,4.2,288.0
2018-03-25,7.0,14.5,46.0,2.2,309.0
2018-03-26,7.0,14.8,51.0,1.7,326.0
2018-03-27,16.0,18.0,43.0,1.4,315.0
2018-03-28,24.0,20.2,45.0,0.9,245.0
2018-03-29,22.0,19.1,45.0,0.9,266.0
2018-03-30,10.0,15.9,45.0,1.7,269.0
2018-03-31,9.0,15.6,36.0,2.6,287.0
2018-04-01,10.0,15.7,43.0,1.1,29.0
2018-04-02,20.0,15.3,58.0,0.8,278.0
2018-04-03,28.0,17.3,71.0,0.9,32.0
2018-04-04,22.0,19.4,42.0,1.7,287.0
2018-04-12,14.0,17.0,43.0,2.6,258.0
2018-04-13,13.0,15.3,61.0,1.1,220.0
2018-04-14,17.0,16.7,59.0,1.4,335.0
2018-04-15,16.0,19.5,49.0,1.2,265.0
2018-04-16,12.0,18.8,49.0,2.4,308.0
2018-04-17,12.0,18.0,61.0,1.0,111.0
2018-04-18,17.0,18.4,62.0,0.7,57.0
2018-04-19,26.0,17.7,66.0,1.4,50.0
2018-04-20,39.0,18.4,70.0,2.8,54.0
2018-04-24,50.0,23.1,37.0,5.1,54.0
2018-04-25,36.0,19.6,68.0,0.7,338.0
2018-04-26,30.0,19.0,75.0,1.0,55.0
2018-04-27,44.0,19.9,80.0,0.7,261.0
2018-04-28,35.0,18.1,85.0,1.3,48.0
2018-04-29,14.0,18.0,48.0,2.4,270.0
2018-05-04,15.0,18.4,64.0,1.3,50.0
2018-05-05,15.0,18.9,65.0,1.0,174.0
2018-05-06,17.0,19.3,65.0,1.0,43.0
2018-05-07,21.0,19.0,71.0,1.1,55.0
2018-05-08,29.0,18.7,82.0,0.8,181.0
2018-05-09,29.0,20.4,80.0,0.9,79.0
2018-05-10,25.0,19.2,82.0,1.1,50.0
2018-05-11,22.0,19.9,76.0,0.7,55.0
2018-05-12,33.0,20.7,76.0,1.3,80.0
2018-05-16,15.0,19.2,60.0,1.4,41.0
2018-05-18,17.0,19.9,66.0,1.0,72.0
2018-05-20,14.0,19.4,72.0,0.8,86.0
2018-05-22,24.0,21.5,70.0,1.3,99.0
2018-05-23,17.0,22.0,62.0,0.8,60.0
2018-05-25,33.0,22.8,67.0,2.1,67.0
2018-05-26,22.0,21.4,82.0,1.4,59.0
2018-05-27,40.0,22.1,74.0,1.4,214.0
2018-06-01,19.0,21.8,74.0,1.1,68.0
2018-06-02,13.0,21.3,83.0,2.0,61.0
2018-06-03,8.0,21.8,67.0,1.0,264.0
2018-06-04,25.0,24.2,58.0,1.2,241.0
2018-06-05,18.0,22.5,55.0,1.3,306.0
2018-06-06,11.0,20.3,68.0,0.8,248.0
2018-06-07,13.0,22.3,62.0,1.0,240.0
2018-06-08,20.0,22.9,67.0,1.2,85.0
2018-06-09,17.0,21.9,81.0,0.5,121.0
2018-06-10,19.0,23.1,71.0,0.9,87.0
2018-06-11,21.0,24.6,54.0,1.4,270.0
2018-06-12,29.0,25.7,43.0,1.4,287.0
2018-06-13,17.0,24.4,55.0,1.6,20.0
2018-06-14,17.0,23.6,65.0,1.2,57.0
2018-06-15,17.0,23.3,71.0,0.9,103.0
2018-06-16,15.0,24.4,62.0,0.8,73.0
2018-06-17,14.0,25.0,59.0,0.8,85.0
2018-06-18,20.0,24.3,65.0,1.1,95.0
2018-06-19,16.0,24.6,64.0,1.0,117.0
2018-06-20,12.0,25.5,56.0,1.0,53.0
2018-06-21,16.0,26.1,58.0,0.9,58.0
2018-06-22,20.0,26.8,53.0,0.8,53.0
2018-06-23,18.0,26.6,51.0,1.1,62.0
2018-06-24,15.0,26.2,63.0,1.1,63.0
2018-06-25,18.0,26.0,70.0,0.8,88.0
2018-06-26,15.0,25.6,70.0,0.9,78.0
2018-06-27,20.0,26.0,66.0,0.8,127.0
2018-06-28,22.0,25.0,81.0,0.6,90.0
2018-06-29,18.0,25.8,78.0,1.8,62.0
2018-06-30,24.0,26.4,68.0,1.3,82.0
2018-07-01,22.0,27.3,67.0,1.2,83.0
2018-07-02,29.0,29.0,47.0,1.6,224.0
2018-07-03,28.0,26.2,73.0,1.0,70.0
2018-07-04,29.0,26.5,69.0,0.8,66.0
2018-07-05,28.0,29.1,38.0,1.4,347.0
2018-07-06,22.0,26.6,63.0,1.1,61.0
2018-07-07,19.0,26.7,65.0,1.6,40.0
2018-07-08,24.0,27.8,58.0,1.5,38.0
2018-07-09,24.0,26.9,58.0,0.8,136.0
2018-07-10,25.0,26.6,72.0,0.9,77.0
2018-07-11,34.0,26.7,80.0,1.1,74.0
2018-07-12,27.0,27.6,77.0,1.2,89.0
2018-07-13,25.0,27.9,75.0,1.7,100.0
2018-07-14,27.0,27.6,76.0,1.1,168.0
2018-07-15,33.0,27.6,69.0,0.9,99.0
2018-07-16,42.0,30.0,34.0,1.8,269.0
2018-07-17,23.0,27.7,54.0,1.2,54.0
2018-07-18,23.0,28.0,57.0,1.2,53.0
2018-07-19,91.0,26.4,79.0,0.7,136.0
2018-07-20,27.0,26.4,80.0,0.8,129.0
2018-07-21,21.0,26.6,81.0,0.9,104.0
2018-07-22,19.0,27.1,80.0,1.8,62.0
2018-07-23,22.0,27.3,70.0,0.8,107.0
2018-07-24,30.0,27.8,62.0,1.0,98.0
2018-07-25,34.0,26.4,83.0,1.0,90.0
2018-07-26,30.0,26.9,78.0,0.7,123.0
2018-07-27,31.0,26.7,79.0,0.7,154.0
2018-07-28,36.0,28.1,72.0,1.1,105.0
2018-07-29,30.0,27.4,78.0,1.0,82.0
2018-07-30,32.0,28.0,78.0,1.0,103.0
2018-07-31,29.0,28.0,79.0,0.7,84.0
2018-08-01,25.0,28.2,69.0,0.9,50.0
2018-08-02,25.0,29.2,64.0,0.9,63.0
2018-08-03,28.0,29.5,60.0,0.9,101.0
2018-08-04,25.0,29.7,52.0,0.6,199.0
2018-08-05,25.0,31.6,43.0,0.7,51.0
2018-08-06,32.0,30.9,53.0,1.0,126.0
2018-08-07,23.0,28.6,75.0,0.8,96.0
2018-08-08,24.0,28.9,77.0,1.2,54.0
2018-08-09,27.0,28.6,78.0,0.7,95.0
2018-08-10,23.0,28.8,79.0,2.4,67.0
2018-08-11,21.0,28.7,76.0,1.7,62.0
2018-08-12,21.0,28.1,77.0,0.9,59.0
2018-08-13,33.0,28.9,79.0,1.1,83.0
2018-08-14,27.0,28.4,79.0,1.2,69.0
2018-08-15,21.0,27.1,87.0,0.8,70.0
2018-08-16,20.0,25.6,82.0,0.5,360.0
2018-08-17,33.0,25.5,79.0,0.7,20.0
2018-08-18,10.0,26.1,74.0,1.3,42.0
2018-08-19,13.0,26.5,71.0,1.2,45.0
2018-08-20,18.0,27.2,59.0,1.0,27.0
2018-08-24,19.0,28.6,58.0,1.1,42.0
2018-08-25,22.0,27.7,74.0,0.9,64.0
2018-08-26,20.0,27.9,73.0,1.1,85.0
2018-08-27,20.0,27.7,77.0,0.8,98.0
2018-08-28,18.0,27.2,74.0,0.7,43.0
2018-08-29,17.0,27.4,70.0,0.9,62.0
2018-08-30,17.0,27.5,77.0,1.1,56.0
2018-08-31,19.0,27.1,76.0,1.0,51.0
2018-09-01,18.0,27.1,72.0,1.0,52.0
2018-09-03,23.0,27.2,82.0,1.0,57.0
2018-09-04,26.0,27.7,76.0,0.8,66.0
2018-09-05,39.0,27.5,69.0,0.7,60.0
2018-09-14,20.0,25.8,77.0,1.0,53.0
2018-09-15,15.0,23.3,91.0,0.8,3.0
2018-09-16,15.0,25.1,79.0,0.8,24.0
2018-09-17,20.0,25.8,82.0,1.2,34.0
2018-09-18,43.0,25.8,82.0,0.7,27.0
2018-09-19,24.0,25.9,77.0,0.6,48.0
2018-09-20,20.0,25.7,80.0,0.6,265.0
2018-09-21,25.0,25.7,81.0,0.7,37.0
2018-09-22,25.0,25.9,82.0,0.5,51.0
2018-09-23,20.0,26.4,68.0,0.5,353.0
2018-09-24,26.0,26.7,68.0,0.6,77.0
2018-09-25,15.0,25.1,85.0,1.2,66.0
2018-09-26,16.0,25.2,73.0,2.6,35.0
2018-09-27,16.0,24.3,69.0,2.0,54.0
2018-09-28,18.0,23.0,72.0,0.8,331.0
2018-09-29,19.0,22.5,73.0,0.5,11.0
2018-09-30,17.0,22.2,71.0,0.6,335.0
2018-10-01,19.0,22.6,75.0,0.9,21.0
2018-10-02,25.0,21.6,67.0,0.9,25.0
2018-10-03,25.0,22.0,63.0,0.5,341.0
2018-10-04,22.0,22.0,70.0,0.7,10.0
2018-10-05,19.0,22.2,72.0,0.5,342.0
2018-10-06,18.0,22.7,78.0,0.6,308.0
2018-10-11,19.0,22.1,84.0,0.6,325.0
2018-10-12,21.0,23.2,81.0,0.3,357.0
2018-10-13,15.0,22.5,81.0,0.6,28.0
2018-10-14,17.0,20.6,81.0,0.8,319.0
2018-10-19,14.0,19.5,77.0,0.4,294.0
2018-11-10,13.0,17.5,62.0,0.5,245.0
2018-11-11,15.0,17.4,79.0,0.6,293.0
2018-11-12,23.0,17.0,85.0,0.4,282.0
2018-11-13,35.0,17.3,83.0,0.3,269.0
2018-11-14,24.0,18.0,80.0,1.5,19.0
2018-11-23,13.0,15.7,77.0,0.5,310.0
2018-11-30,15.0,14.9,57.0,1.7,294.0
2018-12-01,10.0,14.1,52.0,1.0,283.0
2018-12-02,13.0,16.1,60.0,0.5,252.0
2018-12-03,9.0,18.4,56.0,0.8,282.0
2018-12-04,25.0,16.6,63.0,0.4,294.0
2018-12-05,33.0,15.4,76.0,0.2,269.0
2018-12-08,13.0,16.6,71.0,0.6,23.0
2018-12-10,26.0,15.7,66.0,0.6,345.0
2018-12-11,36.0,13.1,83.0,0.4,265.0
2018-12-12,17.0,16.3,62.0,1.0,283.0
2018-12-13,17.0,12.7,76.0,2.0,270.0
2018-12-14,5.0,14.0,50.0,3.9,301.0
2018-12-15,2.0,15.3,56.0,0.9,267.0
2018-12-17,11.0,14.2,57.0,1.4,328.0
2018-12-18,21.0,11.6,80.0,0.5,278.0
2018-12-25,21.0,12.7,75.0,0.5,328.0
2018-12-26,24.0,13.2,83.0,0.4,302.0
2018-12-27,33.0,12.5,88.0,0.2,286.0
2018-12-28,36.0,12.4,84.0,0.3,302.0
2018-12-29,16.0,13.7,78.0,0.8,3.0
2018-12-30,17.0,12.2,74.0,1.0,348.0
2018-12-31,20.0,12.7,48.0,0.6,282.0
2019-01-01,17.0,11.9,51.0,0.7,270.0
2019-01-02,23.0,12.7,62.0,1.0,309.0
2019-01-04,32.0,10.6,81.0,0.8,300.0
2019-01-05,28.0,10.6,67.0,0.7,283.0
2019-01-06,9.0,13.6,38.0,1.1,308.0
2019-01-07,6.0,12.0,60.0,0.9,341.0
2019-01-08,7.0,11.3,72.0,1.1,277.0
2019-01-11,21.0,7.9,40.0,0.8,273.0
2019-01-12,24.0,9.0,45.0,0.6,276.0
2019-01-13,16.0,10.0,57.0,0.8,277.0
2019-01-14,17.0,14.2,52.0,1.4,332.0
2019-01-15,19.0,13.0,69.0,0.8,4.0
2019-01-16,24.0,11.9,83.0,0.6,284.0
2019-01-17,21.0,12.6,62.0,1.1,316.0
2019-01-18,33.0,11.4,66.0,0.5,282.0
2019-01-19,18.0,12.5,54.0,0.7,277.0
2019-01-20,19.0,11.5,81.0,0.5,316.0
2019-01-21,9.0,11.5,50.0,1.3,315.0
2019-01-22,13.0,10.6,48.0,1.7,304.0
2019-01-23,13.0,15.8,49.0,2.8,273.0
2019-01-24,12.0,15.4,56.0,1.0,287.0
2019-01-25,6.0,17.0,48.0,1.5,298.0
2019-01-26,11.0,14.5,62.0,0.9,279.0
2019-01-27,12.0,15.0,46.0,2.2,293.0
2019-01-30,10.0,15.8,45.0,1.6,277.0
2019-01-31,15.0,15.9,56.0,1.5,248.0
2019-02-01,11.0,15.9,58.0,1.9,247.0
2019-02-02,13.0,12.8,36.0,5.2,296.0
2019-02-03,7.0,11.4,31.0,4.5,311.0
2019-02-04,11.0,10.8,42.0,1.0,306.0
2019-02-05,23.0,13.3,51.0,0.7,289.0
2019-02-06,23.0,14.8,60.0,0.7,303.0
2019-02-07,26.0,14.9,63.0,0.8,326.0
2019-02-08,33.0,13.4,74.0,0.6,350.0
2019-02-09,34.0,14.4,70.0,0.7,260.0
2019-02-10,30.0,14.3,62.0,0.9,260.0
2019-02-11,14.0,14.7,71.0,1.4,17.0
2019-02-12,19.0,12.5,76.0,0.8,25.0
2019-02-13,15.0,12.0,75.0,0.7,7.0
2019-02-14,14.0,13.1,70.0,1.2,41.0
2019-02-15,14.0,12.6,78.0,1.2,15.0
2019-02-16,20.0,12.6,66.0,1.4,11.0
2019-02-17,19.0,12.0,74.0,1.4,13.0
2019-02-18,24.0,12.3,78.0,1.6,12.0
2019-02-19,22.0,12.8,72.0,1.4,10.0
2019-02-20,29.0,13.4,73.0,0.9,356.0
2019-02-21,28.0,12.4,80.0,0.7,0.0
2019-02-22,38.0,12.7,76.0,0.5,283.0
2019-02-23,47.0,15.9,50.0,0.7,240.0
2019-02-26,30.0,14.0,46.0,0.7,307.0
2019-02-27,26.0,14.1,54.0,0.7,285.0
2019-03-12,35.0,15.2,73.0,0.9,354.0
2019-03-13,26.0,16.9,63.0,1.0,4.0
2019-03-15,23.0,16.6,46.0,0.6,200.0
2019-03-16,23.0,16.2,50.0,0.6,234.0
2019-03-17,26.0,20.4,36.0,1.0,290.0
2019-03-18,18.0,14.6,68.0,1.7,52.0
2019-03-19,11.0,13.5,66.0,1.0,26.0
2019-03-20,11.0,12.5,64.0,1.2,23.0
2019-03-21,16.0,13.4,53.0,2.3,20.0
2019-03-22,23.0,15.1,56.0,0.8,329.0
2019-03-23,35.0,15.4,62.0,0.6,13.0
2019-03-24,24.0,15.8,58.0,1.0,20.0
2019-03-25,26.0,16.6,47.0,1.0,21.0
2019-03-26,31.0,14.9,57.0,3.1,35.0
2019-03-27,25.0,14.2,51.0,2.4,39.0
2019-03-28,15.0,13.9,57.0,1.6,14.0
2019-03-29,19.0,13.6,67.0,1.9,27.0
2019-03-31,7.0,13.2,95.0,0.5,315.0
2019-04-06,7.0,13.3,61.0,1.3,242.0
2019-04-07,6.0,15.9,49.0,2.0,276.0
2019-04-08,12.0,17.4,64.0,0.7,263.0
2019-04-09,8.0,17.7,44.0,2.6,286.0
2019-04-10,7.0,16.1,50.0,2.7,281.0
2019-04-11,10.0,16.4,52.0,1.7,333.0
2019-04-12,10.0,16.8,47.0,1.5,360.0
2019-04-13,16.0,17.2,57.0,1.0,336.0
2019-04-14,20.0,21.5,40.0,1.3,268.0
2019-04-15,27.0,18.9,68.0,1.1,83.0
2019-04-16,25.0,17.5,81.0,1.5,41.0
2019-04-17,21.0,17.1,79.0,1.8,33.0
2019-04-18,17.0,17.3,67.0,1.3,300.0
2019-04-19,7.0,14.0,96.0,1.0,329.0
2019-04-20,16.0,15.0,96.0,3.0,40.0
2019-04-21,10.0,14.7,88.0,1.0,15.0
2019-04-22,18.0,15.4,84.0,0.6,324.0
2019-04-23,17.0,16.7,74.0,0.9,256.0
2019-04-24,15.0,15.6,66.0,1.2,221.0
2019-04-25,15.0,17.9,70.0,1.0,307.0
2019-04-26,15.0,18.2,54.0,1.0,272.0
2019-04-27,13.0,17.6,68.0,0.9,99.0
2019-04-28,11.0,18.0,60.0,0.6,177.0
2019-04-29,13.0,17.2,73.0,1.1,54.0
2019-04-30,23.0,17.2,84.0,0.8,98.0
2019-05-01,13.0,18.0,75.0,0.8,51.0
2019-05-02,16.0,18.9,59.0,2.0,39.0
2019-05-03,13.0,17.4,70.0,1.5,36.0
2019-05-04,10.0,17.1,73.0,1.6,344.0
2019-05-05,17.0,17.5,69.0,1.1,135.0
2019-05-06,23.0,17.6,81.0,0.7,115.0
2019-05-07,35.0,18.9,88.0,0.7,145.0
2019-05-08,29.0,23.4,65.0,1.2,266.0
2019-05-09,18.0,24.1,59.0,1.2,301.0
2019-05-10,20.0,24.9,60.0,1.0,226.0
2019-05-11,18.0,24.2,57.0,1.7,47.0
2019-05-12,18.0,19.9,77.0,1.0,103.0
2019-05-13,21.0,18.8,76.0,0.9,83.0
2019-05-14,18.0,19.1,67.0,1.0,105.0
2019-05-15,21.0,20.3,69.0,1.4,47.0
2019-05-16,19.0,19.8,77.0,1.2,102.0
2019-05-17,32.0,21.6,43.0,2.9,299.0
2019-05-18,11.0,19.0,62.0,1.1,61.0
2019-05-19,14.0,19.1,63.0,1.2,67.0
2019-05-20,19.0,19.5,73.0,1.0,53.0
2019-05-21,19.0,20.1,81.0,1.0,65.0
2019-05-22,16.0,20.6,67.0,0.9,72.0
2019-05-23,18.0,21.8,60.0,0.8,45.0
2019-05-24,21.0,20.1,64.0,1.7,25.0
2019-05-25,10.0,19.2,71.0,1.0,1.0
2019-05-26,16.0,21.1,69.0,1.4,197.0
2019-05-27,18.0,21.4,74.0,1.3,66.0
2019-05-28,12.0,21.5,77.0,1.4,45.0
2019-05-29,16.0,19.9,62.0,1.5,52.0
2019-05-30,14.0,20.0,62.0,0.9,76.0
2019-05-31,16.0,20.6,64.0,0.9,68.0
2019-06-01,11.0,22.0,44.0,1.1,38.0
2019-06-02,8.0,22.4,45.0,1.0,86.0
2019-06-03,14.0,22.1,62.0,0.6,116.0
2019-06-04,18.0,21.8,81.0,0.9,121.0
2019-06-05,32.0,24.3,48.0,1.5,308.0
2019-06-06,26.0,22.3,58.0,1.6,51.0
2019-06-07,29.0,22.8,65.0,1.1,102.0
2019-06-08,33.0,22.9,59.0,2.9,34.0
2019-06-09,28.0,24.3,55.0,0.9,247.0
2019-06-10,24.0,23.4,62.0,1.3,99.0
2019-06-11,22.0,21.4,72.0,1.8,42.0
2019-06-12,15.0,20.6,64.0,1.9,47.0
2019-06-13,24.0,22.7,62.0,2.6,57.0
2019-06-21,17.0,23.5,82.0,0.9,123.0
2019-06-22,18.0,23.9,78.0,1.0,103.0
2019-06-23,12.0,24.7,64.0,1.2,46.0
2019-07-02,24.0,26.5,78.0,1.4,75.0
2019-07-03,27.0,27.0,61.0,1.4,44.0
2019-07-04,23.0,26.9,67.0,1.5,56.0
2019-07-05,30.0,27.0,78.0,0.7,88.0
2019-07-06,44.0,28.0,77.0,0.7,156.0
2019-07-07,49.0,29.8,63.0,0.8,106.0
2019-07-08,36.0,26.3,81.0,0.8,88.0
2019-07-09,19.0,27.5,56.0,1.1,189.0
2019-07-10,23.0,26.8,61.0,1.0,58.0
2019-07-11,12.0,27.8,54.0,0.9,33.0
2019-07-12,12.0,29.0,46.0,0.6,72.0
2019-07-13,20.0,28.9,60.0,1.0,75.0
2019-07-14,23.0,29.0,66.0,1.3,9.0
2019-07-15,27.0,28.0,75.0,1.2,63.0
2019-07-16,17.0,27.5,73.0,1.4,68.0
2019-07-17,16.0,27.3,59.0,1.2,59.0
2019-07-18,15.0,26.9,64.0,0.7,82.0
2019-07-19,15.0,27.5,64.0,1.5,39.0
2019-07-20,25.0,29.2,48.0,2.1,38.0
2019-07-23,26.0,29.8,38.0,1.5,31.0
2019-07-24,24.0,29.8,37.0,1.2,37.0
2019-07-25,21.0,29.4,47.0,1.2,52.0
2019-07-26,30.0,27.8,72.0,1.1,102.0
2019-07-27,31.0,31.4,32.0,1.9,286.0
2019-08-02,26.0,27.1,77.0,0.9,98.0
2019-08-03,20.0,27.5,72.0,0.9,76.0
2019-08-04,29.0,27.5,73.0,0.6,135.0
2019-08-05,38.0,27.9,80.0,0.7,85.0
2019-08-06,34.0,28.2,82.0,0.7,158.0
2019-08-07,37.0,30.1,60.0,0.8,47.0
2019-08-09,36.0,30.7,52.0,1.0,154.0
2019-08-10,25.0,31.2,59.0,1.3,40.0
2019-08-11,23.0,28.3,86.0,0.7,99.0
2019-08-12,24.0,28.9,55.0,2.3,37.0
2019-08-13,22.0,26.9,68.0,1.9,56.0
2019-08-14,23.0,26.5,75.0,0.9,151.0
2019-08-15,17.0,27.3,71.0,0.7,77.0
2019-08-16,16.0,27.3,68.0,0.8,67.0
2019-08-17,16.0,27.6,72.0,0.5,82.0
2019-08-18,19.0,28.0,73.0,0.6,96.0
2019-08-19,22.0,27.8,79.0,1.4,65.0
2019-08-20,22.0,28.0,76.0,1.5,57.0
2019-08-21,14.0,25.7,78.0,2.0,58.0
2019-08-22,14.0,25.9,73.0,1.0,30.0
2019-08-23,11.0,26.0,71.0,1.0,29.0
2019-08-24,14.0,26.1,72.0,0.9,36.0
2019-08-25,15.0,26.3,75.0,1.0,46.0
2019-08-26,17.0,26.2,80.0,2.1,54.0
2019-08-27,16.0,24.1,84.0,0.6,298.0
2019-08-28,17.0,25.2,79.0,3.3,259.0
2019-08-29,18.0,26.0,84.0,0.8,111.0
2019-08-31,18.0,27.0,67.0,0.6,210.0
2019-09-01,18.0,27.3,72.0,0.8,59.0
2019-09-02,15.0,26.1,83.0,0.9,61.0
2019-09-03,12.0,26.3,77.0,0.9,57.0
2019-09-04,13.0,26.1,79.0,0.7,100.0
2019-09-05,14.0,25.8,79.0,1.0,49.0
2019-09-06,14.0,25.1,80.0,1.3,70.0
2019-09-07,14.0,24.1,80.0,1.1,56.0
2019-09-08,17.0,24.3,72.0,1.0,25.0
2019-09-09,22.0,24.7,76.0,0.8,230.0
2019-09-10,23.0,24.4,51.0,1.6,315.0
2019-09-13,22.0,22.6,90.0,,42.0
2019-09-14,16.0,23.2,86.0,,320.0
2019-09-15,31.0,24.9,86.0,3.0,14.0
2019-09-16,39.0,24.8,88.0,0.8,190.0
2019-09-17,41.0,24.2,93.0,0.5,15.0
2019-09-18,33.0,24.7,84.0,0.5,34.0
2019-09-19,26.0,24.2,83.0,0.4,54.0
2019-09-20,30.0,24.5,87.0,1.5,48.0
2019-09-21,37.0,25.5,81.0,0.6,244.0
2019-09-22,30.0,26.0,80.0,0.6,350.0
2019-09-27,19.0,23.7,88.0,0.6,327.0
2019-09-28,19.0,23.8,89.0,0.6,28.0
2019-09-29,19.0,24.0,85.0,0.6,356.0
2019-09-30,28.0,23.8,86.0,0.5,34.0
2019-10-01,35.0,26.1,69.0,0.7,285.0
2019-11-15,12.0,12.2,55.0,1.4,271.0
2019-11-16,4.0,12.6,49.0,1.6,294.0
2019-11-17,11.0,12.9,55.0,1.1,240.0
2019-11-18,4.0,13.7,65.0,1.5,310.0
2019-11-19,9.0,12.2,55.0,0.7,310.0
2019-11-20,16.0,12.7,72.0,0.4,291.0
2019-11-21,24.0,12.7,87.0,0.3,285.0
2019-11-22,23.0,12.8,98.0,1.0,285.0
2019-11-23,6.0,15.2,61.0,3.2,282.0
2019-11-24,7.0,14.8,49.0,2.5,288.0
2019-11-25,13.0,16.7,67.0,0.6,256.0
2019-11-26,18.0,16.9,73.0,0.8,268.0
2019-11-27,12.0,17.9,63.0,1.0,294.0
2019-11-28,14.0,16.7,61.0,0.8,275.0
2019-11-29,11.0,17.9,64.0,1.1,271.0
2019-11-30,16.0,16.7,78.0,0.6,276.0
2019-12-01,15.0,15.2,82.0,0.9,340.0
2019-12-02,10.0,14.4,92.0,1.7,50.0
2019-12-03,8.0,12.9,87.0,3.4,29.0
2019-12-04,8.0,12.9,88.0,2.0,313.0
2019-12-05,9.0,13.9,87.0,1.7,9.0
2019-12-06,12.0,14.3,84.0,1.5,336.0
2019-12-07,20.0,13.3,85.0,0.8,322.0
2019-12-08,19.0,14.5,76.0,0.7,264.0
2019-12-09,13.0,17.4,50.0,1.9,305.0
2019-12-10,15.0,14.8,55.0,1.2,311.0
2019-12-11,19.0,14.2,52.0,1.4,269.0
2019-12-12,7.0,14.2,52.0,2.0,266.0
2019-12-13,7.0,18.5,55.0,2.3,246.0
2019-12-14,8.0,16.9,55.0,2.3,303.0
2019-12-15,17.0,12.8,76.0,0.5,267.0
2019-12-16,21.0,13.0,88.0,0.4,3.0
2019-12-17,53.0,14.4,84.0,0.5,288.0
2019-12-18,10.0,14.4,54.0,1.8,301.0
2019-12-19,45.0,11.0,79.0,0.3,277.0
2019-12-20,23.0,15.6,92.0,0.4,252.0
2019-12-21,15.0,18.5,79.0,1.5,251.0
2020-01-16,24.0,12.8,70.0,0.7,279.0
2020-01-17,23.0,14.2,59.0,1.3,288.0
2020-01-18,29.0,12.9,71.0,0.8,281.0
2020-01-19,9.0,11.7,70.0,5.0,330.0
2020-01-20,5.0,10.4,85.0,5.7,27.0
2020-01-21,32.0,11.7,95.0,2.7,0.0
2020-01-22,111.0,12.9,83.0,1.5,16.0
2020-01-23,92.0,11.8,89.0,1.5,12.0
2020-01-24,62.0,12.2,86.0,1.4,1.0
2020-01-25,48.0,12.5,88.0,0.8,320.0
2020-01-26,27.0,13.0,75.0,1.1,294.0
2020-01-27,19.0,12.7,67.0,1.3,257.0
2020-01-28,10.0,15.5,65.0,1.5,273.0
2020-01-29,9.0,17.4,64.0,1.9,281.0
2020-01-30,14.0,16.6,69.0,1.4,274.0
2020-01-31,8.0,18.5,59.0,2.4,299.0
2020-02-03,17.0,17.7,68.0,0.8,294.0
2020-02-04,30.0,20.5,50.0,2.0,301.0
2020-02-05,26.0,14.2,83.0,1.3,68.0
2020-02-06,20.0,12.2,84.0,0.8,15.0
2020-02-07,21.0,12.6,79.0,1.0,331.0
2020-02-08,0.0,14.0,80.0,0.7,271.0
2020-02-09,26.0,15.0,82.0,0.9,351.0
2020-02-10,20.0,15.9,74.0,1.6,257.0
2020-02-11,23.0,18.1,71.0,1.2,279.0
2020-02-12,25.0,15.4,87.0,1.2,29.0
2020-02-13,23.0,16.5,77.0,0.7,271.0
2020-02-14,16.0,16.6,67.0,1.3,350.0
2020-02-15,25.0,14.1,84.0,0.6,346.0
2020-02-16,32.0,12.8,97.0,0.5,299.0
2020-02-17,38.0,15.2,85.0,1.0,265.0
2020-02-18,19.0,14.1,97.0,1.3,38.0
2020-02-19,18.0,14.4,91.0,0.5,41.0
2020-02-20,16.0,13.1,86.0,0.6,318.0
2020-02-21,17.0,12.7,86.0,0.9,12.0
2020-02-22,26.0,12.6,87.0,0.6,289.0
2020-02-23,20.0,13.3,74.0,0.9,321.0
2020-02-24,24.0,14.2,67.0,0.9,284.0
2020-02-25,26.0,19.7,40.0,1.7,287.0
2020-02-26,24.0,18.6,45.0,3.0,315.0
2020-02-27,38.0,18.4,39.0,1.7,261.0
2020-02-28,145.0,18.3,44.0,1.8,286.0
2020-02-29,77.0,17.6,53.0,1.6,260.0
2020-03-01,13.0,19.1,52.0,2.3,257.0
2020-03-02,45.0,18.9,45.0,5.4,272.0
2020-03-03,15.0,17.5,46.0,3.0,264.0
2020-03-04,11.0,20.6,50.0,2.7,288.0
2020-03-05,17.0,19.8,46.0,3.5,271.0
2020-03-06,13.0,16.3,38.0,4.5,287.0
2020-03-07,11.0,15.1,43.0,3.1,337.0
2020-03-08,14.0,17.2,49.0,1.3,257.0
2020-03-09,13.0,19.8,36.0,2.6,320.0
2020-03-10,19.0,16.0,68.0,1.3,57.0
2020-03-11,31.0,17.4,74.0,0.9,67.0
2020-03-12,28.0,18.4,61.0,0.4,25.0
2020-03-13,20.0,17.8,62.0,1.5,18.0
2020-03-14,18.0,16.3,81.0,0.8,118.0
2020-03-15,17.0,15.7,84.0,1.1,44.0
2020-03-16,15.0,13.7,85.0,2.0,343.0
2020-03-17,16.0,14.5,91.0,1.9,31.0
2020-03-18,21.0,16.2,71.0,2.7,30.0
2020-03-19,14.0,15.2,78.0,3.3,39.0
2020-03-20,14.0,15.0,77.0,2.7,42.0
2020-03-21,14.0,14.7,85.0,1.7,21.0
2020-03-22,8.0,13.2,94.0,0.7,314.0
2020-03-23,13.0,14.7,96.0,3.4,47.0
2020-03-24,17.0,13.3,97.0,4.1,40.0
2020-03-25,11.0,12.4,81.0,1.3,29.0
2020-03-27,9.0,10.8,86.0,1.3,22.0
2020-03-28,14.0,12.9,75.0,1.2,324.0
2020-03-29,13.0,15.0,70.0,1.3,236.0
2020-03-30,18.0,13.5,83.0,3.6,44.0
2020-03-31,14.0,15.1,83.0,0.9,26.0
2020-04-01,12.0,16.6,80.0,1.4,285.0
2020-04-02,12.0,13.8,88.0,1.1,321.0
2020-04-03,12.0,15.0,73.0,1.5,4.0
2020-04-04,14.0,14.7,82.0,1.4,36.0
2020-04-05,13.0,15.0,79.0,1.5,36.0
2020-04-06,13.0,15.6,83.0,0.8,43.0
2020-04-07,15.0,16.0,81.0,1.5,37.0
2020-04-09,18.0,16.9,61.0,1.7,25.0
2020-04-10,20.0,17.7,52.0,1.2,29.0
2020-04-11,18.0,17.1,61.0,1.4,45.0
2020-04-12,17.0,16.4,64.0,1.9,29.0
2020-04-13,14.0,16.1,93.0,1.0,151.0
2020-04-15,14.0,16.9,93.0,1.4,38.0
2020-04-16,16.0,16.6,91.0,0.9,46.0
2020-04-17,20.0,17.6,90.0,1.5,39.0
2020-04-18,21.0,18.3,90.0,1.4,356.0
2020-04-19,15.0,18.6,89.0,0.6,238.0
2020-04-20,9.0,20.6,52.0,2.7,300.0
2020-04-23,15.0,17.4,81.0,1.1,68.0
2020-04-24,14.0,17.4,77.0,1.8,35.0
2020-04-25,18.0,16.0,85.0,0.5,284.0
2020-04-26,18.0,18.4,85.0,1.4,9.0
2020-04-27,16.0,19.1,74.0,1.3,298.0
2020-04-28,14.0,18.5,67.0,1.0,267.0
2020-04-29,13.0,20.6,50.0,2.0,274.0
2020-04-30,13.0,22.7,48.0,2.0,277.0
2020-05-01,11.0,25.4,43.0,2.6,277.0
2020-05-02,14.0,26.3,49.0,1.8,305.0
2020-05-03,16.0,23.6,62.0,1.5,48.0
2020-05-04,18.0,23.9,54.0,1.0,33.0
2020-05-05,24.0,22.8,61.0,0.7,156.0
2020-05-06,19.0,21.7,75.0,1.4,63.0
2020-05-07,20.0,23.1,55.0,2.8,28.0
2020-05-08,21.0,21.3,72.0,2.0,98.0
2020-05-09,23.0,20.5,85.0,1.3,130.0
2020-05-10,14.0,21.3,56.0,2.9,271.0
2020-05-11,15.0,22.2,50.0,1.9,241.0
2020-05-12,17.0,21.0,64.0,1.6,33.0
2020-05-13,15.0,19.5,60.0,1.7,199.0
2020-05-14,12.0,17.9,77.0,1.8,244.0
2020-05-15,9.0,18.5,76.0,1.0,44.0
2020-05-16,11.0,19.8,72.0,0.8,340.0
2020-05-17,18.0,19.3,82.0,0.7,237.0
2020-05-18,17.0,21.3,74.0,1.5,172.0
2020-05-19,19.0,22.6,68.0,1.0,60.0
2020-05-20,22.0,23.8,66.0,0.9,101.0
2020-05-21,24.0,23.4,74.0,0.9,106.0
2020-05-22,32.0,24.4,60.0,0.8,74.0
2020-05-29,22.0,22.9,48.0,1.4,46.0
2020-05-30,16.0,21.7,60.0,1.3,57.0
2020-05-31,15.0,22.5,54.0,1.4,42.0
2020-06-01,22.0,23.2,67.0,1.1,126.0
2020-06-02,21.0,22.3,80.0,0.8,97.0
2020-06-03,28.0,23.8,74.0,1.3,78.0
2020-06-04,29.0,24.6,58.0,2.5,308.0
2020-06-05,20.0,25.1,49.0,1.7,269.0
2020-06-06,25.0,25.2,63.0,1.4,185.0
2020-06-07,17.0,25.9,54.0,1.4,282.0
2020-06-08,10.0,19.7,86.0,1.0,52.0
2020-06-09,10.0,20.8,80.0,1.0,75.0
2020-06-10,13.0,21.4,83.0,1.2,64.0
2020-06-11,28.0,24.5,69.0,1.3,203.0
2020-06-12,20.0,25.2,45.0,1.8,234.0
2020-06-13,15.0,24.3,38.0,2.2,256.0
2020-06-14,17.0,22.7,61.0,1.2,73.0
2020-06-15,19.0,24.4,59.0,1.5,67.0
2020-06-16,19.0,23.1,77.0,1.6,71.0
2020-06-17,15.0,23.0,84.0,1.2,86.0
2020-06-19,16.0,23.7,81.0,1.1,100.0
2020-06-20,15.0,23.8,78.0,1.0,161.0
2020-06-21,14.0,25.0,73.0,1.1,79.0
2020-06-22,18.0,25.6,63.0,1.6,54.0
2020-06-23,17.0,25.6,60.0,1.7,50.0
2020-06-24,19.0,25.3,65.0,1.6,38.0
2020-06-25,15.0,27.5,52.0,2.3,36.0
2020-06-26,23.0,25.8,68.0,1.0,88.0
2020-06-27,27.0,25.6,79.0,0.9,134.0
2020-06-28,22.0,25.3,78.0,1.0,86.0
2020-06-30,30.0,27.2,68.0,1.9,47.0
2020-07-01,38.0,27.4,69.0,1.3,61.0
2020-07-02,27.0,26.3,86.0,1.1,124.0
2020-07-03,22.0,26.3,82.0,1.5,99.0
2020-07-04,17.0,25.9,80.0,1.2,101.0
2020-07-05,14.0,26.2,67.0,1.0,104.0
2020-07-06,14.0,26.4,62.0,0.9,152.0
2020-07-07,17.0,27.5,57.0,1.0,98.0
2020-07-08,15.0,27.0,73.0,2.1,53.0
2020-07-09,24.0,27.9,58.0,2.8,49.0
2020-07-10,21.0,27.2,65.0,1.6,47.0
2020-07-11,22.0,27.9,65.0,2.6,57.0
2020-07-12,16.0,27.2,71.0,3.0,55.0
2020-07-14,14.0,26.4,70.0,1.2,51.0
2020-07-15,15.0,26.4,67.0,1.7,55.0
2020-07-16,16.0,26.3,66.0,1.7,58.0
2020-07-17,13.0,25.8,75.0,1.2,106.0
2020-07-18,20.0,26.0,75.0,1.3,84.0
2020-07-19,9.0,26.4,70.0,1.1,103.0
2020-07-20,13.0,27.2,71.0,1.5,59.0
2020-07-21,15.0,27.6,66.0,2.4,36.0
2020-07-24,20.0,27.2,66.0,1.0,97.0
2020-07-25,16.0,28.3,61.0,1.1,56.0
2020-07-26,19.0,27.9,71.0,2.0,41.0
2020-07-27,24.0,29.5,52.0,1.5,43.0
2020-07-31,28.0,29.2,68.0,0.8,176.0
2020-08-01,34.0,29.5,77.0,0.7,121.0
2020-08-02,30.0,29.0,81.0,1.2,87.0
2020-08-03,25.0,28.3,80.0,1.9,71.0
2020-08-04,21.0,27.1,82.0,1.3,104.0
2020-08-05,18.0,27.2,77.0,1.0,78.0
2020-08-06,17.0,27.6,70.0,1.3,58.0
2020-08-07,16.0,27.9,61.0,0.9,74.0
2020-08-08,17.0,28.2,56.0,0.9,63.0
2020-08-09,14.0,28.8,54.0,0.9,62.0
2020-08-10,21.0,28.8,55.0,1.8,34.0
2020-08-11,27.0,28.8,63.0,3.8,38.0
2020-08-12,26.0,27.7,74.0,1.8,228.0
2020-08-13,30.0,28.3,71.0,1.2,69.0
2020-08-14,23.0,27.6,74.0,1.6,61.0
2020-08-15,21.0,27.8,73.0,1.3,67.0
2020-08-16,22.0,29.6,43.0,2.0,290.0
2020-08-19,23.0,28.1,56.0,1.0,42.0
2020-08-20,21.0,28.3,59.0,1.3,64.0
2020-08-21,25.0,28.3,80.0,1.1,125.0
2020-08-23,19.0,28.6,80.0,1.7,78.0
2020-08-24,17.0,27.7,78.0,1.2,84.0
2020-08-26,19.0,28.0,75.0,0.9,46.0
2020-08-27,22.0,28.1,70.0,1.0,91.0
2020-08-28,22.0,27.7,77.0,1.1,63.0
2020-08-29,24.0,26.5,64.0,1.9,353.0
2020-09-04,14.0,25.3,69.0,2.2,34.0
2020-09-05,11.0,25.1,72.0,1.4,28.0
2020-09-06,12.0,25.4,71.0,1.3,38.0
2020-09-07,15.0,24.7,70.0,1.5,39.0
2020-09-08,18.0,23.8,61.0,2.1,32.0
2020-09-09,15.0,24.4,60.0,1.6,12.0
2020-09-10,19.0,24.4,74.0,1.0,230.0
2020-09-11,20.0,24.9,69.0,1.1,243.0
2020-09-12,16.0,26.2,58.0,0.9,32.0
2020-09-13,14.0,26.6,60.0,2.0,22.0
2020-09-14,18.0,25.8,70.0,1.6,33.0
2020-09-15,21.0,26.6,73.0,1.3,25.0
2020-09-17,18.0,25.8,75.0,0.7,39.0
2020-09-18,11.0,23.1,89.0,0.7,333.0
2020-09-19,12.0,25.3,66.0,1.0,251.0
2020-09-20,7.0,25.6,56.0,1.1,261.0
2020-09-21,12.0,25.4,63.0,1.0,272.0
2020-09-22,15.0,25.1,68.0,0.9,66.0
2020-09-23,24.0,25.8,65.0,0.8,247.0
2020-09-24,22.0,28.5,43.0,1.7,269.0
2020-09-25,25.0,25.1,36.0,4.4,313.0
2020-09-26,8.0,22.8,32.0,1.6,290.0
2020-09-27,10.0,22.5,49.0,1.9,322.0
2020-09-28,12.0,21.5,57.0,0.9,339.0
2020-09-29,11.0,21.9,73.0,1.4,22.0
2020-09-30,13.0,21.5,80.0,0.7,351.0
2020-10-01,28.0,24.7,64.0,1.1,247.0
2020-10-02,29.0,22.0,49.0,3.3,265.0
2020-10-03,5.0,19.3,41.0,3.1,282.0
2020-10-04,7.0,20.4,46.0,1.9,273.0
2020-10-05,8.0,21.4,47.0,2.0,326.0
2020-10-06,18.0,22.2,46.0,1.1,271.0
2020-10-07,17.0,23.9,55.0,1.0,275.0
2020-10-08,13.0,22.5,77.0,1.3,31.0
2020-10-09,10.0,21.5,87.0,0.5,15.0
2020-10-10,8.0,20.9,85.0,0.5,356.0
2020-10-11,8.0,19.5,76.0,0.9,26.0
2020-10-12,2.0,18.0,49.0,1.4,268.0
2020-10-13,13.0,20.8,47.0,1.1,265.0
2020-10-14,11.0,19.4,63.0,1.5,326.0
2020-10-16,10.0,17.5,53.0,1.7,335.0
2020-10-17,19.0,17.9,66.0,0.9,312.0
2020-10-18,13.0,18.4,75.0,1.1,4.0
2020-10-19,12.0,18.7,80.0,1.1,14.0
2020-10-20,21.0,20.0,87.0,1.2,25.0
2020-10-21,31.0,22.3,73.0,0.7,264.0
2020-10-22,57.0,20.5,90.0,0.2,310.0
2020-10-23,19.0,20.5,68.0,1.0,274.0
2020-10-24,8.0,19.6,61.0,1.5,274.0
2020-10-25,16.0,19.0,63.0,0.8,254.0
2020-10-26,16.0,18.5,46.0,3.6,295.0
2020-10-27,16.0,16.3,52.0,0.7,247.0
2020-10-28,18.0,19.1,58.0,1.3,301.0
2020-10-29,21.0,19.1,78.0,0.6,15.0
2020-10-30,21.0,18.7,77.0,0.4,320.0
2020-10-31,18.0,18.4,73.0,0.5,300.0
2020-11-01,21.0,18.0,86.0,0.4,32.0
2020-11-02,28.0,17.1,94.0,0.6,355.0
2020-11-04,13.0,18.8,82.0,1.5,22.0
2020-11-05,24.0,20.3,91.0,5.3,51.0
2020-11-06,81.0,22.6,68.0,3.3,46.0
2020-11-07,44.0,20.7,72.0,1.2,7.0
2020-11-08,10.0,18.3,74.0,0.9,6.0
2020-11-09,23.0,17.5,89.0,0.5,317.0
2020-11-10,14.0,18.3,81.0,0.8,2.0
2020-11-11,14.0,17.0,86.0,1.0,352.0
2020-11-12,14.0,17.2,77.0,0.9,360.0
2020-11-13,21.0,19.2,79.0,0.8,303.0
2020-11-14,22.0,18.3,93.0,0.2,277.0
2020-11-15,18.0,19.3,81.0,0.6,253.0
2020-11-16,16.0,20.5,75.0,1.5,327.0
2020-11-17,19.0,19.0,89.0,0.7,314.0
2020-11-18,21.0,18.0,93.0,0.5,305.0
2020-11-19,27.0,17.8,89.0,0.4,342.0
2020-11-20,19.0,16.1,81.0,1.0,2.0
2020-11-21,17.0,15.4,76.0,1.2,358.0
2020-11-22,17.0,13.9,75.0,0.9,324.0
2020-11-23,23.0,13.4,78.0,0.8,304.0
2020-11-24,26.0,13.2,86.0,0.6,301.0
2020-11-25,24.0,14.2,88.0,0.5,336.0
2020-11-26,45.0,17.5,83.0,2.4,53.0
2020-11-28,6.0,15.6,76.0,1.8,308.0
2020-11-29,12.0,15.3,75.0,0.9,296.0
2020-11-30,17.0,15.4,87.0,1.2,358.0
2020-12-01,20.0,15.7,80.0,1.0,280.0
2020-12-02,13.0,14.5,47.0,1.7,320.0
2020-12-03,20.0,11.1,52.0,1.1,279.0
2020-12-04,15.0,11.6,68.0,1.2,271.0
2020-12-05,7.0,10.5,53.0,3.4,289.0
2020-12-06,9.0,11.2,52.0,3.2,285.0
2020-12-07,8.0,14.7,55.0,2.4,254.0
2020-12-08,12.0,14.7,47.0,5.9,293.0
2020-12-09,7.0,13.2,45.0,2.8,285.0
2020-12-10,11.0,15.7,58.0,1.3,245.0
2020-12-11,16.0,20.1,64.0,2.9,259.0
2020-12-12,10.0,20.4,46.0,3.3,304.0
2020-12-13,17.0,17.2,62.0,1.0,285.0
2020-12-14,43.0,14.8,75.0,0.4,317.0
2020-12-15,23.0,15.4,71.0,0.7,296.0
2020-12-16,20.0,14.4,80.0,0.9,6.0
2020-12-18,27.0,13.3,84.0,0.8,311.0
2020-12-19,38.0,13.1,88.0,0.5,279.0
2020-12-20,12.0,15.5,74.0,0.8,318.0
2020-12-22,23.0,14.1,81.0,0.5,312.0
2020-12-23,26.0,13.5,87.0,0.8,278.0
2020-12-24,27.0,14.7,78.0,0.7,299.0
2020-12-25,10.0,12.7,57.0,1.9,319.0
2020-12-26,10.0,8.9,38.0,2.4,298.0
2020-12-27,16.0,8.6,53.0,1.5,246.0
2020-12-28,11.0,12.1,46.0,2.5,288.0
2020-12-29,8.0,12.1,51.0,3.2,278.0
2020-12-30,7.0,10.9,45.0,2.8,296.0
2020-12-31,16.0,10.0,51.0,1.3,251.0
2021-01-01,9.0,10.5,56.0,3.5,285.0
2021-01-02,6.0,9.2,47.0,4.0,290.0
2021-01-03,7.0,9.5,41.0,3.5,291.0
2021-01-04,9.0,9.6,49.0,1.6,293.0
2021-01-05,12.0,8.9,51.0,1.5,313.0
2021-01-08,4.0,8.2,98.0,2.6,14.0
2021-01-09,5.0,9.4,93.0,0.8,309.0
2021-01-10,7.0,8.2,91.0,0.8,310.0
2021-01-11,9.0,9.1,83.0,0.9,327.0
2021-01-12,10.0,8.4,55.0,1.3,278.0
2021-01-13,14.0,10.1,54.0,1.4,317.0
2021-01-14,16.0,10.9,52.0,1.4,304.0
2021-01-15,7.0,13.3,46.0,2.9,308.0
2021-01-16,12.0,11.1,52.0,1.5,286.0
2021-01-17,12.0,13.0,41.0,1.4,274.0
2021-02-04,26.0,13.6,95.0,0.7,52.0
2021-02-05,70.0,15.6,81.0,1.6,23.0
2021-02-06,68.0,16.1,66.0,1.1,269.0
2021-02-07,9.0,15.0,57.0,2.3,273.0
2021-02-08,15.0,15.3,53.0,3.3,268.0
2021-02-09,28.0,13.2,66.0,0.4,291.0
2021-02-10,9.0,17.0,51.0,1.9,283.0
2021-02-11,12.0,17.9,58.0,1.0,268.0
2021-02-12,17.0,19.1,55.0,2.8,285.0
2021-02-13,8.0,17.7,54.0,2.0,322.0
2021-02-14,9.0,14.6,76.0,2.0,56.0
2021-02-15,11.0,13.5,88.0,0.7,75.0
2021-02-16,17.0,12.6,85.0,0.8,307.0
2021-02-17,26.0,14.0,82.0,0.7,70.0
2021-02-18,20.0,13.3,89.0,0.5,323.0
2021-02-19,38.0,13.3,91.0,0.4,10.0
2021-02-20,28.0,13.2,93.0,1.1,17.0
2021-02-21,103.0,15.4,75.0,0.9,344.0
2021-02-22,9.0,14.5,58.0,1.8,282.0
2021-02-23,12.0,14.9,72.0,1.7,16.0
2021-02-24,21.0,14.7,76.0,1.7,15.0
2021-02-25,17.0,14.4,86.0,2.0,40.0
2021-02-26,18.0,14.6,80.0,2.7,55.0
2021-02-27,46.0,13.5,76.0,1.0,36.0
2021-02-28,32.0,14.7,78.0,3.7,55.0
2021-03-01,41.0,15.4,76.0,4.6,48.0
2021-03-02,45.0,14.3,85.0,0.2,339.0
2021-03-03,43.0,14.9,85.0,1.5,14.0
2021-03-04,31.0,14.4,77.0,1.2,25.0
2021-03-05,26.0,14.4,83.0,1.3,31.0
2021-03-06,25.0,13.9,82.0,3.2,35.0
2021-03-07,11.0,13.2,98.0,0.9,14.0
2021-03-08,11.0,13.9,85.0,1.1,294.0
2021-03-09,16.0,13.4,84.0,0.8,4.0
2021-03-10,25.0,14.0,82.0,0.9,295.0
2021-03-11,24.0,16.2,71.0,1.6,251.0
2021-03-12,20.0,18.8,65.0,1.5,319.0
2021-03-13,16.0,15.7,79.0,0.9,41.0
2021-03-14,13.0,16.1,66.0,1.4,319.0
2021-03-15,14.0,14.7,73.0,0.9,34.0
2021-03-16,18.0,14.4,75.0,1.6,24.0
2021-03-17,23.0,14.6,72.0,1.1,303.0
2021-03-18,12.0,10.8,94.0,2.1,352.0
2021-03-19,7.0,11.2,77.0,1.7,343.0
2021-03-20,12.0,10.8,68.0,3.9,19.0
2021-03-21,14.0,12.6,61.0,1.4,300.0
2021-03-22,15.0,13.6,62.0,1.6,277.0
2021-03-23,19.0,14.8,79.0,1.2,241.0
2021-03-24,19.0,14.6,91.0,0.8,67.0
2021-03-25,27.0,15.1,92.0,1.1,40.0
2021-03-26,31.0,15.8,90.0,0.8,17.0
2021-03-27,26.0,16.6,76.0,2.6,15.0
2021-03-28,15.0,16.0,63.0,2.7,10.0
2021-03-29,21.0,16.8,67.0,2.4,9.0
2021-03-30,27.0,18.1,49.0,3.7,35.0
2021-03-31,21.0,16.6,58.0,2.9,25.0
2021-04-01,25.0,17.0,64.0,2.0,337.0
2021-04-02,27.0,18.5,67.0,1.2,252.0
2021-04-03,16.0,17.5,74.0,1.4,310.0
2021-04-04,19.0,15.8,85.0,1.6,32.0
2021-04-05,19.0,16.4,83.0,1.1,351.0
2021-04-06,29.0,21.1,57.0,1.7,252.0
2021-04-07,21.0,14.7,91.0,3.8,52.0
2021-04-08,13.0,13.7,77.0,2.4,55.0
2021-04-09,13.0,14.6,85.0,1.7,41.0
2021-04-10,14.0,14.4,99.0,0.3,212.0
2021-04-11,17.0,17.7,88.0,1.1,196.0
2021-04-12,11.0,15.7,86.0,2.0,49.0
2021-04-13,11.0,16.0,82.0,1.3,64.0
2021-04-14,12.0,15.3,82.0,2.0,51.0
2021-04-15,11.0,13.1,91.0,1.5,29.0
2021-04-16,11.0,13.6,81.0,1.9,1.0
2021-04-17,10.0,13.0,81.0,1.5,12.0
2021-04-18,12.0,14.3,80.0,1.2,41.0
2021-04-19,19.0,17.3,72.0,1.3,266.0
2021-04-20,18.0,17.5,88.0,2.0,61.0
2021-04-21,15.0,17.0,92.0,1.1,44.0
2021-04-22,12.0,16.1,96.0,0.8,57.0
2021-04-23,12.0,16.6,86.0,2.2,50.0
2021-04-24,13.0,16.8,81.0,3.1,52.0
2021-04-27,15.0,18.5,86.0,0.8,339.0
2021-04-28,12.0,19.0,84.0,0.9,360.0
2021-04-29,14.0,19.6,75.0,1.1,116.0
2021-04-30,15.0,19.0,71.0,1.5,333.0
2021-05-01,14.0,19.7,64.0,1.6,255.0
2021-05-02,15.0,18.2,79.0,2.5,54.0
2021-05-03,14.0,17.2,82.0,2.8,49.0
2021-05-04,11.0,17.8,81.0,1.1,121.0
2021-05-05,15.0,17.9,88.0,1.2,165.0
2021-05-06,18.0,18.7,90.0,1.6,68.0
2021-05-07,20.0,23.2,59.0,1.5,349.0
2021-05-08,18.0,21.2,64.0,1.4,42.0
2021-05-09,23.0,23.0,63.0,2.1,125.0
2021-05-10,18.0,20.8,69.0,1.2,198.0
2021-05-11,12.0,19.9,41.0,3.4,280.0
2021-05-12,21.0,21.8,45.0,2.2,252.0
2021-05-13,22.0,22.3,47.0,1.7,346.0
2021-05-14,20.0,21.5,59.0,2.7,345.0
2021-05-15,24.0,22.0,70.0,1.2,199.0
2021-05-16,20.0,28.2,41.0,1.6,265.0
2021-05-17,31.0,22.9,68.0,3.2,43.0
2021-05-18,23.0,20.6,82.0,1.1,72.0
2021-05-19,25.0,21.1,81.0,3.5,70.0
2021-05-20,16.0,20.0,78.0,1.1,84.0
2021-05-21,18.0,20.8,75.0,0.9,64.0
2021-05-22,23.0,20.9,83.0,2.6,85.0
2021-05-23,11.0,17.3,93.0,1.8,53.0
2021-05-24,14.0,20.0,76.0,1.3,215.0
2021-05-25,17.0,20.6,80.0,3.2,53.0
2021-05-26,17.0,20.2,79.0,2.1,58.0
2021-05-27,17.0,19.8,74.0,1.6,32.0
2021-05-28,19.0,20.5,76.0,1.6,45.0
2021-05-29,17.0,21.3,78.0,0.7,195.0
2021-05-30,14.0,21.5,72.0,0.6,98.0
2021-05-31,17.0,21.2,74.0,0.4,52.0
2021-06-01,20.0,20.8,84.0,0.7,14.0
2021-06-02,21.0,22.5,84.0,1.6,48.0
2021-06-03,20.0,22.4,85.0,2.2,59.0
2021-06-04,24.0,21.6,92.0,0.8,194.0
2021-06-05,21.0,20.5,97.0,1.1,61.0
2021-06-06,13.0,21.2,86.0,1.0,162.0
2021-06-07,16.0,22.5,85.0,0.5,125.0
2021-06-08,16.0,23.3,79.0,1.0,46.0
2021-06-09,15.0,24.3,72.0,0.7,80.0
2021-06-10,14.0,24.9,61.0,1.5,40.0
2021-06-11,17.0,25.4,51.0,2.3,37.0
2021-06-12,20.0,26.3,53.0,3.5,34.0
2021-06-13,16.0,27.1,50.0,2.5,35.0
2021-06-14,18.0,26.6,47.0,1.5,36.0
2021-06-15,19.0,27.5,45.0,2.5,27.0
2021-06-16,19.0,26.4,67.0,1.4,44.0
2021-06-17,17.0,25.3,72.0,1.7,164.0
2021-06-18,18.0,25.0,77.0,1.8,71.0
2021-06-19,19.0,23.4,92.0,0.9,63.0
2021-06-20,22.0,25.1,67.0,1.3,217.0
2021-06-21,18.0,26.2,56.0,1.9,43.0
2021-06-22,14.0,25.7,50.0,2.1,10.0
2021-06-23,15.0,23.7,72.0,1.9,55.0
2021-06-24,13.0,24.0,67.0,2.8,42.0
2021-06-25,13.0,24.3,69.0,1.6,45.0
2021-06-26,15.0,24.7,67.0,1.2,108.0
2021-06-27,18.0,24.6,78.0,1.7,100.0
2021-06-28,25.0,25.6,73.0,1.3,68.0
2021-06-29,21.0,25.0,80.0,1.8,64.0
2021-07-02,18.0,25.1,87.0,0.8,107.0
2021-07-03,24.0,26.4,81.0,1.3,74.0
2021-07-04,21.0,27.4,75.0,1.4,96.0
2021-07-06,33.0,29.5,66.0,1.6,162.0
2021-07-07,19.0,27.2,74.0,1.5,71.0
2021-07-08,17.0,26.6,71.0,2.5,48.0
2021-07-09,16.0,25.9,75.0,2.5,54.0
2021-07-10,16.0,26.7,62.0,0.9,89.0
2021-07-11,14.0,,,,
2021-07-12,80.0,,,,
2021-07-13,23.0,25.9,60.0,1.9,122.0
2021-07-14,22.0,25.3,66.0,1.3,69.0
2021-07-15,13.0,24.9,70.0,1.8,54.0
2021-07-16,18.0,25.4,74.0,0.8,109.0
2021-07-17,14.0,26.2,74.0,0.9,67.0
2021-07-18,14.0,26.3,78.0,1.1,90.0
2021-07-19,16.0,26.9,76.0,1.3,80.0
2021-07-20,16.0,26.8,71.0,0.8,100.0
2021-07-21,17.0,27.7,73.0,1.3,49.0
2021-07-22,19.0,29.5,49.0,1.3,41.0
2021-07-23,19.0,28.6,60.0,0.7,98.0
2021-07-24,30.0,28.6,70.0,1.1,83.0
2021-07-25,22.0,27.3,85.0,1.3,138.0
2021-07-26,18.0,25.5,88.0,0.7,48.0
2021-07-27,15.0,25.8,78.0,0.8,80.0
2021-07-28,17.0,26.6,79.0,1.7,44.0
2021-07-29,20.0,26.9,77.0,1.1,107.0
2021-07-30,27.0,28.9,78.0,1.1,213.0
2021-08-01,11.0,26.1,67.0,1.4,94.0
2021-08-05,18.0,27.2,83.0,1.2,96.0
2021-08-06,22.0,27.9,80.0,1.4,53.0
2021-08-07,23.0,28.9,73.0,1.4,82.0
2021-08-09,19.0,27.3,78.0,2.8,61.0
2021-08-10,21.0,27.2,70.0,0.6,277.0
2021-08-11,44.0,29.0,65.0,0.8,108.0
2021-08-12,77.0,30.7,55.0,0.6,283.0
2021-08-13,70.0,29.5,69.0,0.8,80.0
2021-08-14,0.0,29.0,82.0,0.7,158.0
2021-08-15,51.0,30.3,69.0,1.1,185.0
2021-08-16,51.0,29.5,76.0,2.5,86.0
2021-08-17,27.0,27.1,81.0,2.0,103.0
2021-08-18,23.0,26.7,80.0,1.0,103.0
2021-08-19,18.0,26.6,81.0,1.1,78.0
2021-08-20,19.0,27.0,81.0,1.0,65.0
2021-08-21,16.0,27.6,78.0,1.2,45.0
2021-08-22,22.0,29.0,60.0,1.6,26.0
2021-08-23,26.0,28.4,59.0,2.7,42.0
2021-08-24,21.0,27.1,78.0,1.7,53.0
2021-08-25,19.0,27.1,75.0,1.1,111.0
2021-08-26,15.0,27.1,77.0,0.9,206.0
2021-08-27,34.0,28.6,69.0,1.2,190.0
2021-08-28,36.0,27.9,75.0,1.3,111.0
2021-08-29,25.0,28.0,79.0,1.1,74.0
2021-08-30,24.0,27.3,83.0,1.2,82.0
2021-08-31,17.0,27.2,75.0,2.9,58.0
2021-09-01,20.0,27.2,76.0,3.6,55.0
2021-09-02,18.0,25.7,79.0,1.3,191.0
2021-09-03,24.0,26.6,83.0,1.1,125.0
2021-09-04,23.0,26.3,84.0,1.1,65.0
2021-09-05,20.0,26.6,80.0,0.9,43.0
2021-09-06,17.0,27.0,69.0,0.8,45.0
2021-09-07,20.0,27.5,66.0,1.5,31.0
2021-09-08,26.0,27.2,71.0,1.2,58.0
2021-09-09,20.0,28.2,56.0,1.9,318.0
2021-09-10,17.0,28.4,56.0,1.6,358.0
2021-09-11,18.0,26.6,73.0,0.9,53.0
2021-09-12,13.0,26.8,69.0,0.9,33.0
2021-09-13,25.0,25.6,72.0,0.2,331.0
2021-09-14,32.0,26.8,72.0,1.4,359.0
2021-09-15,30.0,26.0,76.0,1.0,222.0
2021-09-16,27.0,25.1,78.0,1.0,62.0
2021-09-17,36.0,25.3,83.0,1.0,151.0
2021-09-18,23.0,25.2,85.0,1.2,81.0
2021-09-19,15.0,25.0,72.0,1.8,31.0
2021-09-20,15.0,24.6,67.0,1.6,37.0
2021-09-21,11.0,22.8,70.0,2.3,39.0
2021-09-22,11.0,24.2,62.0,1.2,13.0
2021-09-23,22.0,25.9,66.0,2.3,18.0
2021-09-24,26.0,26.2,76.0,1.2,355.0
2021-09-25,35.0,25.6,90.0,0.7,174.0
2021-09-29,30.0,23.9,79.0,0.9,55.0
2021-09-30,20.0,24.4,79.0,1.1,29.0
2021-10-01,26.0,23.9,83.0,0.8,20.0
2021-10-02,24.0,23.4,86.0,0.8,237.0
2021-10-03,36.0,23.1,78.0,1.6,295.0
2021-10-04,8.0,20.7,52.0,2.3,304.0
2021-10-05,17.0,21.5,52.0,1.2,244.0
2021-10-06,14.0,23.6,67.0,1.9,35.0
2021-10-07,13.0,23.2,75.0,0.5,56.0
2021-10-08,15.0,22.6,79.0,0.8,66.0
2021-10-09,13.0,22.2,77.0,0.8,40.0
2021-10-10,10.0,21.9,75.0,1.1,22.0
2021-10-11,15.0,21.7,76.0,2.5,30.0
2021-10-12,16.0,20.8,73.0,1.1,11.0
2021-10-13,18.0,20.6,75.0,0.7,353.0
2021-10-14,19.0,20.8,77.0,0.8,277.0
2021-10-15,22.0,20.2,82.0,0.7,290.0
2021-10-16,20.0,21.4,80.0,0.8,33.0
2021-10-17,19.0,21.8,89.0,0.6,12.0
2021-10-18,14.0,21.3,85.0,0.6,16.0
2021-10-19,12.0,21.3,81.0,1.1,28.0
2021-10-20,15.0,20.5,80.0,0.8,350.0
2021-10-21,41.0,22.8,76.0,1.1,300.0
2021-10-22,10.0,18.9,91.0,1.6,4.0
2021-10-23,9.0,19.1,80.0,1.7,12.0
2021-10-24,11.0,,,,
2021-10-25,14.0,,,,
2021-10-26,13.0,18.3,86.0,1.6,351.0
2021-10-27,10.0,19.0,83.0,1.6,5.0
2021-10-28,13.0,18.3,87.0,0.9,266.0
2021-10-29,18.0,18.8,89.0,0.4,295.0
2021-10-30,16.0,19.2,96.0,0.5,311.0
2021-10-31,7.0,23.6,77.0,1.4,262.0
2021-11-01,5.0,23.2,67.0,0.8,276.0
2021-11-02,10.0,20.2,63.0,1.3,304.0
2021-11-03,8.0,16.8,53.0,3.1,295.0
2021-11-04,7.0,14.6,60.0,1.3,314.0
2021-11-06,6.0,14.3,55.0,2.0,333.0
2021-11-07,8.0,14.3,45.0,1.3,276.0
2021-11-08,13.0,15.4,58.0,1.0,290.0
2021-11-09,15.0,16.2,68.0,1.0,345.0
2021-11-10,14.0,17.2,64.0,1.4,316.0
2021-11-11,18.0,17.5,59.0,1.0,305.0
2021-11-12,12.0,18.8,65.0,0.8,326.0
2021-11-13,19.0,16.7,82.0,0.5,309.0
2021-11-14,24.0,17.2,78.0,0.8,308.0
2021-11-15,13.0,15.6,58.0,1.3,313.0
2021-11-16,14.0,14.6,64.0,0.8,315.0
2021-11-17,19.0,14.5,78.0,0.8,342.0
2021-11-18,11.0,13.4,96.0,1.1,14.0
2021-11-19,10.0,16.0,81.0,2.7,43.0
2021-11-20,10.0,16.9,94.0,2.1,43.0
2021-11-21,8.0,16.7,82.0,0.5,284.0
2021-11-22,12.0,16.0,80.0,0.7,323.0
2021-11-24,8.0,11.5,65.0,2.4,285.0
2021-11-25,8.0,12.8,63.0,1.7,275.0
2021-11-26,8.0,12.5,60.0,1.9,295.0
2021-11-27,9.0,12.2,52.0,3.1,280.0
2021-11-28,8.0,11.3,44.0,4.9,286.0
2021-11-29,8.0,14.9,55.0,3.9,265.0
2021-11-30,13.0,14.4,74.0,1.0,328.0
2021-12-01,18.0,13.5,73.0,1.1,259.0
2021-12-02,6.0,14.3,50.0,2.8,306.0
2021-12-03,11.0,13.7,45.0,2.9,293.0
2021-12-04,8.0,15.1,55.0,2.1,285.0
2021-12-05,11.0,15.1,52.0,2.7,293.0
2021-12-06,5.0,15.1,48.0,2.1,296.0
2021-12-07,14.0,17.0,57.0,1.7,265.0
2021-12-08,10.0,15.1,52.0,3.2,281.0
2021-12-09,7.0,15.2,50.0,3.5,264.0
2021-12-10,8.0,17.8,55.0,4.5,271.0
2021-12-11,9.0,18.7,49.0,2.1,300.0
2021-12-12,10.0,16.0,74.0,0.8,353.0
2021-12-13,18.0,13.1,87.0,0.7,343.0
2021-12-14,17.0,13.1,86.0,1.2,5.0
2021-12-15,20.0,13.7,83.0,1.3,5.0
2021-12-16,16.0,14.4,79.0,2.0,28.0
2021-12-17,14.0,13.1,79.0,2.0,18.0
2021-12-18,14.0,13.6,85.0,1.4,21.0
2021-12-19,15.0,13.0,85.0,1.2,14.0
2021-12-20,25.0,12.7,85.0,0.8,277.0
2021-12-21,53.0,14.5,81.0,0.3,272.0
2021-12-22,27.0,14.8,87.0,0.4,22.0
2021-12-23,34.0,14.9,96.0,0.1,43.0
2021-12-24,51.0,13.7,97.0,0.3,297.0
2021-12-25,29.0,13.5,92.0,0.3,288.0
2021-12-26,13.0,16.6,73.0,0.6,276.0
2021-12-27,12.0,19.2,59.0,1.4,256.0
2021-12-28,14.0,18.8,56.0,2.7,287.0
2021-12-29,14.0,18.7,56.0,1.6,296.0
2021-12-30,24.0,15.8,72.0,0.6,307.0
2021-12-31,52.0,11.5,94.0,0.2,265.0
2022-01-02,37.0,10.7,92.0,0.3,291.0
2022-01-03,42.0,11.9,87.0,0.4,346.0
2022-01-04,39.0,14.4,74.0,1.4,262.0
2022-01-05,13.0,13.9,48.0,4.2,290.0
2022-01-06,6.0,11.0,61.0,0.9,308.0
2022-01-07,0.0,11.1,50.0,1.2,312.0
2022-01-08,8.0,12.7,44.0,1.5,289.0
2022-01-09,8.0,17.2,37.0,3.9,294.0
2022-01-10,11.0,19.0,57.0,3.5,313.0
2022-01-11,8.0,11.8,99.0,0.3,48.0
2022-01-12,15.0,11.9,89.0,0.6,333.0
2022-01-13,10.0,11.3,79.0,1.8,27.0
2022-01-14,14.0,10.1,78.0,1.6,352.0
2022-01-15,18.0,11.0,78.0,1.0,308.0
2022-01-16,18.0,10.1,66.0,0.8,297.0
2022-01-17,32.0,9.9,74.0,0.8,320.0
2022-01-18,25.0,9.7,76.0,0.8,307.0
2022-01-19,22.0,9.6,74.0,1.1,331.0
2022-01-20,22.0,10.2,78.0,0.8,331.0
2022-01-21,19.0,10.9,74.0,0.9,348.0
2022-01-22,10.0,10.3,88.0,1.1,9.0
2022-01-23,8.0,10.4,97.0,0.6,358.0
2022-01-24,10.0,11.9,80.0,1.5,10.0
2022-01-25,8.0,12.2,86.0,2.8,42.0
2022-01-26,10.0,11.4,83.0,2.0,10.0
2022-01-27,12.0,11.4,86.0,1.6,8.0
2022-01-28,19.0,11.3,73.0,1.0,357.0
2022-01-29,19.0,11.2,51.0,0.5,290.0
2022-01-30,17.0,11.3,49.0,0.4,301.0
2022-01-31,24.0,15.5,32.0,1.4,285.0
2022-02-01,18.0,13.8,55.0,1.4,334.0
2022-02-02,23.0,15.4,57.0,1.3,257.0
2022-02-03,30.0,15.1,61.0,0.6,288.0
2022-02-04,34.0,16.4,62.0,0.8,305.0
2022-02-05,22.0,14.6,90.0,1.0,35.0
2022-02-06,15.0,13.9,90.0,0.5,42.0
2022-02-07,21.0,12.3,89.0,0.8,306.0
2022-02-08,19.0,12.6,83.0,1.0,16.0
2022-02-09,22.0,12.5,84.0,0.8,348.0
2022-02-10,21.0,13.2,84.0,0.4,342.0
2022-02-11,25.0,12.0,85.0,0.6,350.0
2022-02-12,26.0,12.1,83.0,0.9,324.0
2022-02-13,25.0,12.0,88.0,0.8,295.0
2022-02-14,40.0,14.6,60.0,2.2,295.0
2022-02-15,11.0,15.4,36.0,2.2,299.0
2022-02-16,14.0,17.2,41.0,1.9,296.0
2022-02-17,14.0,17.4,57.0,1.6,353.0
2022-02-18,29.0,14.3,79.0,0.6,352.0
2022-02-19,27.0,14.5,83.0,2.2,26.0
2022-02-20,16.0,13.7,80.0,0.7,16.0
2022-02-21,19.0,14.2,75.0,1.2,276.0
2022-02-22,24.0,14.6,55.0,0.5,20.0
2022-02-23,20.0,13.7,64.0,1.1,8.0
2022-02-24,21.0,14.5,72.0,1.4,15.0
2022-02-25,22.0,14.8,83.0,2.9,44.0
2022-02-26,18.0,13.8,77.0,3.4,65.0
2022-02-27,18.0,13.0,73.0,1.4,34.0
2022-02-28,17.0,13.5,69.0,0.8,35.0
2022-03-01,21.0,12.9,83.0,0.7,336.0
2022-03-02,32.0,14.6,74.0,1.0,257.0
2022-03-03,18.0,15.7,70.0,1.5,42.0
2022-03-04,12.0,11.5,99.0,1.8,345.0
2022-03-05,10.0,12.8,85.0,0.7,301.0
2022-03-06,4.0,11.7,98.0,2.0,39.0
2022-03-07,5.0,11.8,97.0,1.0,18.0
2022-03-08,12.0,12.5,94.0,0.7,316.0
2022-03-09,15.0,13.5,82.0,0.8,356.0
2022-03-10,13.0,13.5,86.0,1.1,16.0
2022-03-11,18.0,13.8,96.0,0.7,359.0
2022-03-12,12.0,15.5,80.0,1.2,284.0
2022-03-13,12.0,15.9,79.0,1.0,305.0
2022-03-14,160.0,17.1,77.0,6.6,53.0
2022-03-15,220.0,20.9,45.0,5.1,53.0
2022-03-16,72.0,16.5,81.0,0.8,312.0
2022-03-17,17.0,14.1,99.0,1.7,33.0
2022-03-18,17.0,15.0,93.0,1.6,21.0
2022-03-19,18.0,14.7,85.0,1.4,33.0
2022-03-20,20.0,15.1,94.0,3.5,54.0
2022-03-21,29.0,15.2,99.0,3.3,60.0
2022-03-22,11.0,13.3,99.0,4.9,55.0
2022-03-25,29.0,15.1,98.0,5.5,56.0
2022-03-31,14.0,15.3,72.0,2.0,287.0
2022-04-01,10.0,15.1,47.0,2.7,310.0
2022-04-02,7.0,12.5,40.0,2.1,320.0
2022-04-03,7.0,11.2,48.0,2.7,31.0
2022-04-04,13.0,10.9,76.0,5.4,45.0
2022-04-05,7.0,10.3,94.0,1.8,16.0
2022-04-06,9.0,12.6,99.0,1.7,282.0
2022-04-07,15.0,17.9,73.0,1.8,245.0
2022-04-08,16.0,21.1,47.0,1.7,262.0
2022-04-09,15.0,20.4,59.0,1.4,341.0
2022-04-10,17.0,16.5,87.0,2.6,54.0
2022-04-11,24.0,16.4,80.0,2.7,24.0
2022-04-12,24.0,15.9,91.0,0.7,104.0
2022-04-13,9.0,15.3,99.0,0.8,5.0
2022-04-14,16.0,17.7,69.0,2.4,23.0
2022-04-15,20.0,20.0,50.0,1.3,6.0
2022-04-16,21.0,20.7,61.0,1.1,252.0
2022-04-17,23.0,19.8,69.0,1.4,34.0
2022-04-18,14.0,18.8,71.0,0.8,64.0
2022-04-19,17.0,17.7,88.0,1.6,70.0
2022-04-22,20.0,15.9,72.0,0.5,229.0
2022-04-23,8.0,16.5,59.0,3.0,259.0
2022-04-24,10.0,17.0,64.0,1.7,224.0
2022-04-25,11.0,16.9,75.0,1.0,63.0
2022-04-26,11.0,16.8,66.0,1.4,28.0
2022-04-27,19.0,16.1,79.0,0.6,267.0
2022-04-28,12.0,14.8,99.0,0.3,355.0
2022-04-29,18.0,17.9,83.0,1.7,16.0
2022-04-30,26.0,19.5,66.0,1.2,231.0
2022-05-01,25.0,19.9,69.0,1.1,41.0
2022-05-02,19.0,18.4,86.0,2.1,49.0
2022-05-03,13.0,17.4,87.0,1.3,221.0
2022-05-04,10.0,14.6,98.0,1.0,7.0
2022-05-05,12.0,18.0,76.0,1.6,356.0
2022-05-06,17.0,18.1,80.0,1.2,21.0
2022-05-07,15.0,19.1,71.0,1.1,131.0
2022-05-08,17.0,19.1,68.0,1.2,153.0
2022-05-09,18.0,20.1,58.0,1.2,31.0
2022-05-10,17.0,19.9,61.0,0.8,63.0
2022-05-11,23.0,20.1,68.0,1.0,53.0
2022-05-12,25.0,20.1,73.0,1.9,39.0
2022-05-13,22.0,21.0,77.0,1.0,25.0
2022-05-14,22.0,22.3,61.0,0.8,43.0
2022-05-15,23.0,21.7,68.0,0.8,135.0
2022-05-16,33.0,21.7,85.0,0.9,105.0
2022-05-17,34.0,22.7,80.0,0.9,130.0
2022-05-18,27.0,23.7,72.0,1.2,53.0
2022-05-19,30.0,24.4,57.0,2.5,34.0
2022-05-20,30.0,26.0,55.0,2.9,35.0
2022-05-21,27.0,25.0,53.0,2.2,30.0
2022-05-22,24.0,25.0,51.0,0.7,74.0
2022-05-23,37.0,27.4,50.0,2.1,315.0
2022-05-24,27.0,23.5,80.0,1.7,88.0
2022-05-25,12.0,20.6,57.0,2.4,297.0
2022-05-26,17.0,22.1,53.0,1.0,224.0
2022-05-27,18.0,22.8,62.0,1.1,102.0
2022-05-28,22.0,24.8,57.0,1.2,220.0
2022-05-29,38.0,27.0,52.0,1.7,266.0
2022-05-30,32.0,25.7,63.0,1.5,311.0
2022-05-31,23.0,23.6,82.0,1.2,95.0
2022-06-01,18.0,23.2,84.0,1.0,107.0
2022-06-02,19.0,23.4,84.0,1.0,128.0
2022-06-03,17.0,24.0,85.0,1.3,81.0
2022-06-04,24.0,24.1,75.0,1.3,65.0
2022-06-05,25.0,27.1,44.0,1.6,259.0
2022-06-06,24.0,25.4,59.0,1.0,158.0
2022-06-07,28.0,25.1,63.0,1.1,155.0
2022-06-08,26.0,25.7,67.0,1.2,68.0
2022-06-09,18.0,25.9,78.0,2.0,68.0
2022-06-10,19.0,24.6,81.0,1.0,99.0
2022-06-11,19.0,25.9,62.0,1.0,45.0
2022-06-12,13.0,26.8,42.0,0.9,65.0
2022-06-13,21.0,27.3,44.0,1.0,61.0
2022-06-14,19.0,27.9,52.0,1.4,50.0
2022-06-15,24.0,28.9,56.0,1.3,50.0
2022-06-16,26.0,29.8,41.0,1.1,39.0
2022-06-17,24.0,31.0,30.0,0.9,35.0
2022-06-18,29.0,30.3,34.0,1.3,39.0
2022-06-19,24.0,27.1,72.0,1.0,95.0
2022-06-20,25.0,26.4,82.0,1.5,70.0
2022-06-23,24.0,25.2,64.0,1.5,190.0
2022-06-24,19.0,26.2,52.0,1.7,202.0
2022-06-25,20.0,24.2,72.0,1.1,110.0
2022-06-26,19.0,23.8,81.0,1.5,70.0
2022-06-27,21.0,24.7,83.0,1.6,63.0
2022-06-28,21.0,25.4,77.0,1.2,114.0
2022-06-29,22.0,25.5,79.0,1.1,151.0
2022-06-30,20.0,24.8,81.0,1.2,92.0
2022-07-01,20.0,25.8,81.0,2.7,62.0
2022-07-02,23.0,26.9,66.0,2.7,53.0
2022-07-03,21.0,27.0,71.0,0.8,148.0
2022-07-04,27.0,27.4,78.0,0.8,112.0
2022-07-05,32.0,27.0,87.0,1.8,83.0
2022-07-06,29.0,27.9,79.0,2.7,61.0
2022-07-07,20.0,27.4,66.0,1.5,62.0
2022-07-08,19.0,27.1,64.0,1.2,97.0
2022-07-09,17.0,27.2,65.0,1.3,62.0
2022-07-10,14.0,27.7,63.0,1.0,138.0
2022-07-11,17.0,29.1,43.0,1.2,41.0
2022-07-12,17.0,29.3,38.0,1.4,34.0
2022-07-14,19.0,29.0,48.0,1.1,114.0
2022-07-16,17.0,30.0,44.0,1.0,68.0
2022-07-18,20.0,29.9,47.0,1.3,49.0
2022-07-20,15.0,28.6,70.0,1.6,48.0
2022-07-26,24.0,30.0,79.0,1.7,76.0
2022-07-28,21.0,29.1,79.0,1.0,94.0
2022-07-30,20.0,29.2,78.0,2.4,58.0
2022-08-01,13.0,29.3,73.0,1.1,97.0
2022-08-03,17.0,29.8,54.0,0.9,90.0
2022-08-07,12.0,29.0,60.0,1.2,93.0
2022-08-11,30.0,29.8,55.0,1.9,33.0
2022-08-19,16.0,27.4,68.0,1.4,108.0
2022-08-20,10.0,27.3,70.0,0.9,182.0
2022-08-21,18.0,28.2,73.0,1.3,319.0
2022-08-22,15.0,28.4,79.0,1.9,58.0
2022-08-23,9.0,28.0,77.0,1.1,69.0
2022-08-24,10.0,28.3,70.0,1.3,51.0
2022-08-25,18.0,28.6,72.0,1.3,43.0
2022-08-26,15.0,28.6,69.0,1.8,31.0
2022-08-31,43.0,29.6,62.0,1.4,236.0
2022-09-01,44.0,28.3,79.0,1.3,56.0
2022-09-02,40.0,29.4,61.0,1.2,253.0
2022-09-08,22.0,28.9,48.0,1.2,270.0
2022-09-09,22.0,27.5,62.0,1.0,288.0
2022-09-10,20.0,27.3,72.0,1.1,58.0
2022-09-11,12.0,27.3,76.0,0.8,46.0
2022-09-12,19.0,28.2,75.0,1.2,38.0
2022-09-13,28.0,28.3,84.0,1.4,35.0
2022-09-14,20.0,27.2,73.0,0.8,314.0
2022-09-15,19.0,27.3,55.0,1.4,291.0
2022-09-16,23.0,26.7,67.0,1.2,196.0
2022-09-17,15.0,26.0,76.0,2.0,40.0
2022-09-18,12.0,25.2,81.0,3.5,59.0
2022-09-19,14.0,25.4,70.0,1.5,23.0
2022-09-20,13.0,25.1,72.0,0.9,28.0
2022-09-21,14.0,24.7,76.0,0.5,28.0
2022-09-22,20.0,24.1,79.0,0.9,353.0
2022-09-23,10.0,24.1,80.0,1.0,36.0
2022-09-24,10.0,25.0,74.0,1.2,4.0
2022-09-25,7.0,23.5,82.0,2.0,39.0
2022-09-26,4.0,22.2,78.0,1.5,5.0
2022-09-27,11.0,23.2,57.0,1.6,289.0
2022-09-28,13.0,24.6,41.0,1.2,280.0
2022-09-29,10.0,23.0,49.0,1.6,288.0
2022-09-30,5.0,20.7,59.0,2.1,321.0
2022-10-01,6.0,21.2,64.0,1.0,345.0
2022-10-02,5.0,21.9,71.0,1.0,9.0
2022-10-03,11.0,23.3,78.0,0.9,18.0
2022-10-04,16.0,23.0,88.0,0.5,346.0
2022-10-05,15.0,23.3,82.0,1.3,19.0
2022-10-06,11.0,22.5,81.0,1.3,352.0
2022-10-08,22.0,22.9,78.0,1.3,21.0
2022-10-09,16.0,22.5,79.0,1.1,19.0
2022-10-10,14.0,22.7,82.0,1.1,13.0
2022-10-11,14.0,,,,
2022-10-12,9.0,21.9,77.0,0.6,339.0
2022-10-13,13.0,22.0,75.0,0.8,269.0
2022-10-14,17.0,22.9,70.0,0.7,254.0
2022-10-15,12.0,22.7,64.0,0.4,287.0
2022-10-16,18.0,22.9,70.0,0.3,296.0
2022-10-17,30.0,23.5,78.0,1.0,357.0
2022-10-18,37.0,23.5,88.0,0.6,3.0
2022-10-19,51.0,23.2,90.0,0.3,33.0
2022-10-20,50.0,23.3,91.0,0.4,254.0
2022-10-21,49.0,22.9,94.0,0.4,354.0
2022-10-22,38.0,22.7,93.0,0.2,18.0
2022-10-23,31.0,22.5,91.0,0.6,332.0
2022-10-24,36.0,22.2,89.0,0.3,353.0
2022-10-25,35.0,21.7,76.0,0.4,314.0
2022-10-28,26.0,21.6,75.0,0.8,346.0
2022-10-29,26.0,21.1,81.0,0.8,350.0
2022-10-30,26.0,20.8,88.0,0.5,2.0
2022-10-31,31.0,21.5,88.0,0.3,358.0
2022-11-01,33.0,22.7,85.0,0.5,344.0
2022-11-02,30.0,21.8,84.0,0.5,359.0
2022-11-03,34.0,21.3,78.0,0.6,278.0
2022-11-04,24.0,21.8,42.0,1.1,295.0
2022-11-05,13.0,18.2,45.0,0.8,306.0
2022-11-06,16.0,18.0,61.0,0.7,270.0
2022-11-07,21.0,19.5,61.0,0.9,350.0
2022-11-08,27.0,18.4,83.0,0.4,277.0
2022-11-09,22.0,19.7,68.0,0.9,264.0
2022-11-10,13.0,18.6,73.0,1.2,301.0
2022-11-11,13.0,17.8,91.0,1.5,2.0
2022-11-12,25.0,20.7,91.0,2.2,49.0
2022-11-13,19.0,19.1,87.0,0.8,353.0
2022-11-14,46.0,19.0,89.0,0.4,253.0
2022-11-15,36.0,18.8,80.0,0.4,260.0
2022-11-16,9.0,19.3,76.0,0.7,258.0
2022-11-17,8.0,22.2,58.0,1.5,253.0
2022-11-18,12.0,17.3,70.0,1.3,284.0
2022-11-19,21.0,15.4,43.0,2.4,294.0
2022-11-20,5.0,16.8,51.0,1.3,301.0
2022-11-21,31.0,17.2,66.0,2.0,254.0
2022-11-22,12.0,16.2,51.0,1.6,265.0
2022-11-23,8.0,20.6,60.0,1.8,265.0
2022-11-24,14.0,18.5,80.0,0.5,270.0
2022-11-25,14.0,18.4,61.0,1.4,283.0
2022-11-26,9.0,15.2,55.0,0.4,270.0
2022-11-27,14.0,13.3,76.0,0.3,277.0
2022-11-28,12.0,15.6,56.0,2.3,287.0
2022-11-29,9.0,15.8,47.0,1.4,307.0
2022-11-30,15.0,14.6,66.0,0.3,300.0
2022-12-01,9.0,13.9,81.0,0.7,336.0
2022-12-02,5.0,13.8,81.0,0.9,10.0
2022-12-03,14.0,13.4,80.0,0.6,284.0
2022-12-04,13.0,14.2,91.0,0.2,335.0
2022-12-05,15.0,15.6,84.0,1.4,345.0
2022-12-06,19.0,16.0,93.0,0.3,280.0
2022-12-07,29.0,16.3,92.0,0.4,299.0
2022-12-08,21.0,15.4,96.0,0.2,343.0
2022-12-09,22.0,15.4,91.0,0.3,257.0
2022-12-10,4.0,16.7,66.0,1.0,282.0
2022-12-11,9.0,13.5,92.0,0.2,315.0
2022-12-12,27.0,16.1,89.0,0.3,284.0
2022-12-13,13.0,19.1,88.0,0.5,302.0
2022-12-14,16.0,18.9,79.0,0.4,279.0
2022-12-15,18.0,15.1,89.0,0.3,266.0
2022-12-16,13.0,13.7,78.0,0.7,275.0
2022-12-17,8.0,14.8,83.0,0.4,326.0
2022-12-18,10.0,14.2,88.0,0.3,306.0
2022-12-19,15.0,14.2,93.0,0.3,355.0
2022-12-20,19.0,13.2,91.0,0.5,270.0
2022-12-21,15.0,16.5,71.0,1.3,277.0
2022-12-22,5.0,19.2,61.0,1.9,294.0
2022-12-23,18.0,17.8,70.0,1.1,255.0
2022-12-24,28.0,16.4,80.0,0.9,275.0
2022-12-25,20.0,14.9,84.0,0.3,294.0
2022-12-26,24.0,15.4,71.0,0.3,291.0
2022-12-27,25.0,15.5,66.0,0.4,306.0
2022-12-28,41.0,13.6,77.0,0.5,308.0
2022-12-29,63.0,14.0,66.0,0.4,263.0
2022-12-30,53.0,15.8,58.0,1.1,264.0
2022-12-31,36.0,15.0,65.0,0.6,280.0
2023-01-01,30.0,13.5,66.0,0.3,286.0
2023-01-02,55.0,13.6,63.0,0.3,311.0
2023-01-03,41.0,14.6,83.0,0.5,301.0
2023-01-04,38.0,14.1,89.0,0.4,319.0
2023-01-05,38.0,12.7,84.0,0.4,288.0
2023-01-06,26.0,11.8,85.0,0.7,278.0
2023-01-07,28.0,12.4,76.0,0.8,264.0
2023-01-08,27.0,14.1,75.0,0.4,250.0
2023-01-09,22.0,18.8,61.0,1.6,268.0
2023-01-10,25.0,16.9,63.0,1.0,269.0
2023-01-11,16.0,16.0,63.0,1.4,295.0
2023-01-12,9.0,14.3,81.0,0.3,328.0
2023-01-13,18.0,12.9,70.0,0.9,311.0
2023-01-14,30.0,12.4,67.0,0.6,270.0
2023-01-15,21.0,14.7,57.0,1.6,277.0
2023-01-16,34.0,15.0,47.0,2.7,257.0
2023-01-17,61.0,17.0,45.0,4.6,258.0
2023-01-18,20.0,12.0,43.0,5.1,281.0
2023-01-19,13.0,12.1,38.0,3.2,276.0
2023-01-20,12.0,14.2,62.0,1.9,322.0
2023-01-21,10.0,11.3,59.0,1.2,321.0
2023-01-22,8.0,8.6,35.0,1.0,296.0
2023-01-23,23.0,8.8,42.0,1.1,331.0
2023-01-24,14.0,7.9,64.0,1.4,344.0
2023-01-25,11.0,9.5,61.0,1.0,336.0
2023-01-26,30.0,9.5,55.0,0.9,317.0
2023-01-27,16.0,9.8,55.0,1.0,322.0
2023-01-28,15.0,9.5,63.0,0.9,307.0
2023-01-29,13.0,8.7,73.0,1.8,354.0
2023-01-30,28.0,9.7,67.0,0.8,295.0
2023-01-31,33.0,9.6,64.0,1.2,294.0
2023-02-01,19.0,10.8,69.0,0.8,6.0
2023-02-02,21.0,11.0,76.0,0.7,330.0
2023-02-03,29.0,10.9,67.0,0.7,344.0
2023-02-04,25.0,12.6,56.0,0.8,277.0
2023-02-05,18.0,13.0,65.0,1.4,20.0
2023-02-06,11.0,9.6,92.0,1.2,350.0
2023-02-07,8.0,10.8,77.0,1.0,353.0
2023-02-08,7.0,12.3,77.0,2.0,10.0
2023-02-09,7.0,10.9,77.0,1.1,0.0
2023-02-10,12.0,9.7,74.0,1.6,4.0
2023-02-11,8.0,11.1,77.0,2.6,46.0
2023-02-12,12.0,11.4,74.0,1.9,33.0
2023-02-13,9.0,11.3,78.0,1.6,22.0
2023-02-14,7.0,12.6,80.0,2.5,42.0
2023-02-15,12.0,12.7,79.0,2.0,36.0
2023-02-16,29.0,12.9,77.0,1.5,5.0
2023-02-17,12.0,12.4,78.0,1.6,10.0
2023-02-18,15.0,12.9,86.0,0.8,14.0
2023-02-19,16.0,13.4,81.0,1.1,10.0
2023-02-20,22.0,13.6,74.0,1.0,2.0
2023-02-23,59.0,13.8,90.0,0.6,15.0
2023-02-24,16.0,11.7,59.0,1.1,304.0
2023-02-25,11.0,11.8,51.0,1.5,277.0
2023-02-26,9.0,13.1,44.0,2.5,281.0
2023-02-27,12.0,9.3,29.0,2.4,300.0
2023-02-28,38.0,10.4,41.0,1.4,296.0
2023-03-01,15.0,9.8,62.0,1.7,334.0
2023-03-02,14.0,9.6,44.0,0.9,307.0
2023-03-08,18.0,19.1,62.0,1.1,245.0
2023-03-09,14.0,20.3,55.0,1.6,254.0
2023-03-10,51.0,21.8,41.0,2.7,274.0
2023-03-11,17.0,23.9,42.0,2.5,288.0
2023-03-12,13.0,22.2,56.0,1.6,348.0
2023-03-13,26.0,19.6,65.0,1.0,345.0
2023-03-14,18.0,20.7,31.0,1.7,291.0
2023-03-15,18.0,17.4,56.0,0.8,39.0
2023-03-16,18.0,15.9,61.0,1.0,25.0
2023-03-17,20.0,15.2,74.0,1.3,315.0
2023-03-18,24.0,16.0,78.0,0.5,263.0
2023-03-19,15.0,16.9,59.0,2.0,15.0
2023-03-20,16.0,15.4,76.0,1.0,80.0
2023-03-21,18.0,14.7,87.0,1.1,29.0
2023-03-22,20.0,15.3,90.0,1.0,37.0
2023-03-23,19.0,16.5,74.0,1.3,24.0
2023-03-24,32.0,20.6,42.0,0.8,266.0
2023-03-25,14.0,21.0,58.0,1.7,303.0
2023-03-26,16.0,22.8,46.0,1.4,264.0
2023-03-27,15.0,18.2,41.0,1.5,21.0
2023-03-29,12.0,16.2,77.0,0.8,10.0
2023-03-31,32.0,26.4,24.0,2.0,283.0
2023-04-04,12.0,15.7,69.0,1.2,55.0
2023-04-05,10.0,15.5,70.0,1.5,39.0
2023-04-06,11.0,15.2,66.0,1.3,32.0
2023-04-07,10.0,15.8,57.0,1.2,93.0
2023-04-08,18.0,16.9,68.0,1.4,29.0
2023-04-09,17.0,17.3,83.0,1.1,36.0
2023-04-10,19.0,18.0,86.0,0.9,58.0
2023-04-11,20.0,18.5,86.0,0.8,105.0
2023-04-12,37.0,24.0,48.0,1.9,254.0
2023-04-13,15.0,19.0,60.0,1.6,348.0
2023-04-14,26.0,21.4,39.0,1.4,262.0
2023-04-15,24.0,23.3,40.0,2.2,322.0
2023-04-16,17.0,17.9,63.0,2.2,86.0
2023-04-17,17.0,16.6,68.0,1.2,64.0
2023-04-18,15.0,16.6,70.0,1.9,44.0
2023-04-19,13.0,17.2,61.0,2.5,30.0
2023-04-20,20.0,18.9,56.0,1.5,39.0
2023-04-21,22.0,18.3,75.0,1.4,74.0
2023-04-22,23.0,19.0,78.0,0.7,38.0
2023-04-23,20.0,21.9,52.0,1.5,246.0
2023-04-24,19.0,21.8,53.0,1.1,200.0
2023-04-25,26.0,22.4,64.0,1.3,358.0
2023-04-26,23.0,21.6,73.0,1.5,79.0
2023-04-27,19.0,21.0,79.0,0.8,60.0
2023-04-28,22.0,22.3,65.0,1.2,68.0
2023-04-29,29.0,26.5,50.0,1.6,260.0
2023-04-30,16.0,22.2,70.0,1.0,129.0
2023-05-01,13.0,21.4,80.0,1.2,99.0
2023-05-02,16.0,21.0,75.0,1.4,46.0
2023-05-03,13.0,20.8,66.0,1.1,52.0
2023-05-04,17.0,20.7,62.0,1.1,55.0
2023-05-05,16.0,20.9,82.0,1.2,47.0
2023-05-06,14.0,22.1,57.0,1.4,42.0
2023-05-07,12.0,21.1,73.0,1.0,120.0
2023-05-08,15.0,21.2,78.0,1.3,79.0
2023-05-09,21.0,21.7,86.0,1.5,120.0
2023-05-10,11.0,21.4,79.0,1.7,64.0
2023-05-11,12.0,20.6,75.0,1.7,70.0
2023-05-12,9.0,18.3,80.0,1.6,35.0
2023-05-13,5.0,16.4,81.0,0.7,292.0
2023-05-14,7.0,18.4,62.0,1.3,314.0
2023-05-15,13.0,20.9,56.0,1.7,355.0
2023-05-16,12.0,20.3,51.0,1.7,269.0
2023-05-17,16.0,19.6,66.0,2.8,58.0
2023-05-18,17.0,19.4,68.0,1.2,58.0
2023-05-19,13.0,16.5,86.0,0.7,284.0
2023-05-20,12.0,17.4,78.0,1.4,319.0
2023-05-21,12.0,18.8,73.0,,38.0
2023-05-22,15.0,20.1,75.0,,45.0
2023-05-23,17.0,17.1,97.0,,20.0
2023-05-24,14.0,18.6,93.0,,324.0
2023-05-25,15.0,19.8,86.0,,230.0
2023-05-26,21.0,20.5,87.0,,54.0
2023-05-27,24.0,21.1,72.0,,26.0
2023-05-28,23.0,19.8,90.0,,276.0
2023-05-29,17.0,20.1,84.0,,261.0
2023-05-30,16.0,20.2,87.0,,280.0
2023-05-31,19.0,21.8,73.0,,359.0
2023-06-01,21.0,21.4,82.0,1.3,55.0
2023-06-02,20.0,22.1,81.0,1.9,56.0
2023-06-03,17.0,21.3,89.0,,50.0
2023-06-04,15.0,22.0,82.0,,74.0
2023-06-05,14.0,22.0,83.0,1.1,105.0
2023-06-06,15.0,22.6,80.0,1.4,59.0
2023-06-07,14.0,21.4,92.0,0.6,21.0
2023-06-08,19.0,22.1,88.0,1.0,34.0
2023-06-09,22.0,24.8,78.0,1.3,201.0
2023-06-10,17.0,27.2,54.0,1.6,350.0
2023-06-11,20.0,25.1,67.0,1.1,60.0
2023-06-12,21.0,23.9,87.0,1.0,78.0
2023-06-13,21.0,22.4,92.0,1.3,21.0
2023-06-14,14.0,24.1,66.0,1.2,328.0
2023-06-15,22.0,25.1,66.0,1.4,126.0
2023-06-16,18.0,25.9,66.0,0.7,104.0
2023-06-17,20.0,26.9,54.0,0.9,44.0
2023-06-18,20.0,26.1,53.0,1.6,20.0
2023-06-19,32.0,26.6,62.0,1.3,209.0
2023-06-20,22.0,25.3,79.0,0.9,144.0
2023-06-21,25.0,26.0,75.0,1.1,87.0
2023-06-22,25.0,27.7,64.0,1.4,221.0
2023-06-23,19.0,26.5,69.0,1.8,40.0
2023-06-24,16.0,27.1,58.0,1.0,199.0
2023-06-25,16.0,27.5,60.0,1.4,129.0
2023-06-26,20.0,27.5,66.0,1.2,151.0
2023-06-27,20.0,28.6,53.0,0.9,61.0
2023-06-28,19.0,27.7,65.0,1.5,43.0
2023-06-29,19.0,26.9,79.0,1.1,65.0
2023-06-30,23.0,26.5,79.0,2.3,63.0
2023-07-01,21.0,27.0,73.0,1.2,109.0
2023-07-02,19.0,27.1,75.0,1.2,138.0
2023-07-03,19.0,27.3,73.0,1.2,99.0
2023-07-04,19.0,27.7,80.0,1.5,109.0
2023-07-05,19.0,27.5,84.0,1.7,75.0
2023-07-06,20.0,27.5,81.0,1.7,62.0
2023-07-07,22.0,28.4,73.0,1.2,102.0
2023-07-08,22.0,28.4,78.0,1.0,174.0
2023-07-09,25.0,28.8,79.0,0.9,94.0
2023-07-10,35.0,29.5,74.0,1.6,89.0
2023-07-11,45.0,29.6,81.0,1.0,125.0
2023-07-12,58.0,29.9,86.0,1.5,98.0
2023-07-13,37.0,29.0,83.0,1.8,78.0
2023-07-14,26.0,28.6,79.0,1.0,105.0
2023-07-15,36.0,29.6,80.0,1.5,145.0
2023-07-16,29.0,29.0,86.0,1.9,76.0
2023-07-19,41.0,30.4,82.0,1.3,107.0
2023-07-21,37.0,29.4,73.0,1.5,35.0
2023-07-22,32.0,29.1,79.0,1.3,50.0
2023-07-23,37.0,29.5,83.0,1.1,53.0
2023-07-24,42.0,31.3,73.0,1.1,218.0
2023-07-25,32.0,30.7,54.0,1.6,62.0
2023-07-26,24.0,28.4,77.0,2.6,44.0
2023-07-27,21.0,29.1,76.0,1.4,60.0
2023-07-28,17.0,29.0,76.0,1.1,118.0
2023-07-29,14.0,29.1,76.0,1.1,78.0
2023-07-30,18.0,29.3,77.0,1.4,82.0
2023-07-31,23.0,30.0,77.0,1.2,95.0
2023-08-01,23.0,29.8,78.0,1.1,102.0
2023-08-02,25.0,30.5,74.0,1.3,46.0
2023-08-03,21.0,31.0,65.0,2.5,85.0
2023-08-04,17.0,27.8,57.0,2.1,73.0
2023-08-05,16.0,27.1,58.0,1.7,152.0
2023-08-06,12.0,28.0,67.0,1.3,51.0
2023-08-07,23.0,27.9,75.0,2.0,77.0
2023-08-08,16.0,28.0,72.0,1.3,67.0
2023-08-09,16.0,28.6,75.0,0.9,114.0
2023-08-10,25.0,31.0,76.0,1.3,70.0
2023-08-11,23.0,29.6,80.0,1.5,54.0
2023-08-12,18.0,28.5,81.0,1.2,83.0
2023-08-13,18.0,28.2,80.0,1.2,46.0
2023-08-14,16.0,28.5,76.0,1.0,58.0
2023-08-15,18.0,28.7,81.0,1.2,44.0
2023-08-16,20.0,28.9,82.0,1.1,93.0
2023-08-17,20.0,28.9,82.0,1.0,174.0
2023-08-18,20.0,29.1,83.0,1.0,137.0
2023-08-19,17.0,29.7,81.0,1.0,69.0
2023-08-20,14.0,29.9,82.0,1.0,94.0
2023-08-21,20.0,30.2,74.0,0.8,70.0
2023-08-22,24.0,30.2,63.0,1.0,35.0
2023-08-23,21.0,30.8,55.0,1.2,31.0
2023-08-24,25.0,30.4,50.0,1.0,219.0
2023-08-25,28.0,29.9,63.0,1.3,61.0
2023-08-26,23.0,29.2,84.0,1.0,71.0
2023-08-27,26.0,28.8,48.0,1.8,299.0
2023-08-31,13.0,26.3,70.0,1.0,64.0
2023-09-01,12.0,26.2,76.0,0.9,51.0
2023-09-02,14.0,24.7,83.0,0.9,37.0
2023-09-03,45.0,26.0,87.0,5.9,36.0
2023-09-04,192.0,28.0,91.0,1.6,84.0
2023-09-05,116.0,27.7,84.0,1.5,88.0
2023-09-06,21.0,27.2,79.0,1.8,47.0
2023-09-07,18.0,26.4,77.0,1.1,40.0
2023-09-08,18.0,25.6,80.0,0.8,47.0
2023-09-09,12.0,25.6,79.0,1.1,31.0
2023-09-10,13.0,25.9,81.0,1.6,34.0
2023-09-11,17.0,26.3,77.0,1.1,330.0
2023-09-12,21.0,25.9,87.0,0.8,269.0
2023-09-13,17.0,26.0,85.0,1.4,47.0
2023-09-14,17.0,26.9,76.0,2.2,43.0
2023-09-15,23.0,25.3,91.0,1.4,53.0
2023-09-16,39.0,25.2,92.0,0.6,53.0
2023-09-17,54.0,26.5,86.0,1.2,201.0
2023-09-18,39.0,26.8,67.0,0.9,308.0
2023-09-19,19.0,24.7,89.0,0.7,44.0
2023-09-20,24.0,25.1,73.0,1.4,242.0
2023-09-21,25.0,25.7,62.0,0.9,246.0
2023-09-22,17.0,25.5,45.0,1.2,308.0
2023-09-23,13.0,23.3,60.0,1.0,22.0
2023-09-24,10.0,23.5,72.0,1.0,23.0
2023-09-25,11.0,23.8,76.0,1.1,33.0
2023-09-26,12.0,24.2,78.0,1.0,33.0
2023-09-27,11.0,23.9,79.0,0.7,289.0
2023-09-28,16.0,23.5,81.0,0.6,227.0
2023-09-29,16.0,23.9,83.0,0.7,36.0
2023-09-30,15.0,24.9,70.0,0.4,274.0
2023-10-01,15.0,25.9,55.0,0.6,291.0
2023-10-02,19.0,25.5,61.0,0.9,16.0
2023-10-03,17.0,24.8,75.0,0.6,59.0
2023-10-04,16.0,24.9,80.0,0.9,34.0
2023-10-05,19.0,23.7,80.0,0.5,358.0
2023-10-06,18.0,24.2,76.0,0.7,19.0
2023-10-07,15.0,24.1,83.0,0.8,36.0
2023-10-08,14.0,24.2,83.0,0.7,23.0
2023-10-09,14.0,23.7,76.0,1.1,24.0
2023-10-10,11.0,23.9,79.0,1.0,23.0
2023-10-11,13.0,24.0,81.0,0.7,24.0
2023-10-12,14.0,23.6,81.0,0.6,345.0
2023-10-13,17.0,23.0,87.0,0.8,294.0
2023-10-14,32.0,23.3,69.0,0.7,289.0
2023-10-15,19.0,23.5,66.0,1.1,266.0
2023-10-16,26.0,23.4,77.0,0.9,335.0
2023-10-17,25.0,23.2,80.0,0.6,18.0
2023-10-18,20.0,24.8,60.0,1.2,267.0
2023-10-19,45.0,22.6,63.0,1.6,233.0
2023-10-20,9.0,20.0,64.0,2.9,258.0
2023-10-21,9.0,19.1,54.0,1.0,274.0
2023-10-22,13.0,19.7,71.0,2.6,24.0
2023-10-23,25.0,21.5,80.0,0.8,266.0
2023-10-24,13.0,21.4,52.0,1.5,255.0
2023-10-25,11.0,22.1,52.0,1.1,250.0
2023-10-26,15.0,23.6,58.0,1.1,243.0
2023-10-27,16.0,22.1,48.0,0.8,286.0
2023-10-28,17.0,19.1,63.0,0.9,300.0
2023-10-29,16.0,18.1,74.0,0.6,317.0
2023-10-30,15.0,20.2,63.0,1.3,273.0
2023-10-31,14.0,19.0,54.0,0.5,354.0
2023-11-01,13.0,20.1,57.0,1.0,251.0
2023-11-02,46.0,22.0,51.0,3.2,258.0
2023-11-03,13.0,18.7,43.0,4.6,264.0
2023-11-04,12.0,20.7,51.0,1.7,241.0
2023-11-05,13.0,20.2,39.0,2.5,275.0
2023-11-06,11.0,17.9,46.0,1.2,295.0
2023-11-07,16.0,16.2,51.0,0.8,292.0
2023-11-08,19.0,15.7,57.0,0.6,248.0
2023-11-09,34.0,17.8,55.0,1.0,282.0
2023-11-10,10.0,19.9,48.0,1.3,290.0
2023-11-11,8.0,21.5,57.0,1.3,279.0
2023-11-12,7.0,23.2,53.0,2.5,291.0
2023-11-13,12.0,22.8,61.0,1.0,279.0
2023-11-14,12.0,23.8,49.0,1.0,273.0
2023-11-15,14.0,21.8,54.0,1.1,321.0
2023-11-16,21.0,20.2,63.0,0.6,274.0
2023-11-17,16.0,21.1,65.0,0.7,325.0
2023-11-19,21.0,16.4,85.0,0.3,287.0
2023-11-20,25.0,14.4,88.0,0.5,51.0
2023-11-21,29.0,17.5,63.0,0.9,325.0
2023-11-22,10.0,16.5,45.0,1.3,326.0
2023-11-23,13.0,14.7,54.0,1.0,317.0
2023-11-24,19.0,16.6,33.0,1.0,273.0
2023-11-25,21.0,16.7,55.0,1.6,327.0
2023-11-26,24.0,15.6,82.0,0.9,319.0
2023-11-27,26.0,17.8,59.0,1.1,266.0
2023-11-28,17.0,18.8,55.0,1.7,299.0
2023-11-29,18.0,18.6,67.0,1.1,250.0
2023-11-30,35.0,17.8,82.0,0.3,267.0
2023-12-01,29.0,16.7,71.0,1.3,269.0
2023-12-02,6.0,15.3,48.0,2.1,295.0
2023-12-03,10.0,13.0,62.0,1.1,281.0
2023-12-04,26.0,12.0,70.0,0.6,269.0
2023-12-05,9.0,14.6,65.0,0.9,345.0
2023-12-06,18.0,13.7,88.0,0.4,286.0
2023-12-07,18.0,14.2,90.0,0.5,258.0
2023-12-08,12.0,16.4,65.0,1.6,282.0
2023-12-09,6.0,18.5,53.0,1.9,280.0
2023-12-10,5.0,20.0,64.0,1.1,267.0
2023-12-11,20.0,18.2,66.0,1.2,264.0
2023-12-12,27.0,19.0,52.0,0.5,259.0
2023-12-13,10.0,18.1,50.0,1.9,283.0
2023-12-14,10.0,15.2,41.0,1.8,297.0
2023-12-19,25.0,11.5,48.0,0.6,278.0
2023-12-20,12.0,16.0,40.0,1.6,304.0
2023-12-21,14.0,13.9,51.0,1.2,270.0
2023-12-22,11.0,15.1,55.0,1.1,312.0
2023-12-23,14.0,13.6,70.0,0.6,314.0
2023-12-24,24.0,11.8,84.0,0.5,301.0
2023-12-25,20.0,11.6,75.0,0.6,285.0
2023-12-26,27.0,12.0,66.0,0.6,288.0
2023-12-27,31.0,,,,
2023-12-28,45.0,,,,
2023-12-29,52.0,12.4,67.0,0.3,276.0
2024-01-01,13.0,14.4,62.0,0.6,288.0
2024-01-02,28.0,12.8,60.0,0.7,257.0
2024-01-03,25.0,16.7,56.0,1.1,262.0
2024-01-04,22.0,17.3,74.0,0.5,273.0
2024-01-05,14.0,14.9,62.0,2.1,283.0
2024-01-06,12.0,13.9,42.0,4.0,287.0
2024-01-07,4.0,13.2,39.0,2.7,292.0
2024-01-08,7.0,12.9,33.0,1.3,310.0
2024-01-09,14.0,13.3,51.0,0.5,319.0
2024-01-10,12.0,12.4,94.0,0.5,290.0
2024-01-11,14.0,12.2,85.0,1.1,14.0
2024-01-12,25.0,11.2,78.0,0.4,3.0
2024-01-13,40.0,10.9,84.0,0.9,262.0
2024-01-14,34.0,14.7,72.0,0.5,245.0
2024-01-15,20.0,17.8,54.0,1.0,262.0
2024-01-17,62.0,18.8,58.0,2.5,264.0
2024-01-18,20.0,17.9,58.0,1.0,256.0
2024-01-19,20.0,15.3,87.0,0.9,14.0
2024-01-20,9.0,13.4,73.0,1.1,41.0
2024-01-21,18.0,12.9,77.0,0.6,315.0
2024-01-22,18.0,13.3,71.0,1.0,263.0
2024-01-23,19.0,16.8,65.0,0.7,320.0
2024-01-24,29.0,15.9,73.0,0.6,284.0
2024-01-25,24.0,17.6,62.0,0.6,281.0
2024-01-27,22.0,15.9,65.0,0.7,356.0
2024-01-28,17.0,15.1,74.0,1.3,15.0
2024-01-29,19.0,14.6,82.0,1.6,22.0
2024-01-30,20.0,15.7,76.0,1.1,38.0
2024-01-31,25.0,15.2,72.0,0.6,44.0
2024-02-01,22.0,12.9,78.0,0.8,305.0
2024-02-02,23.0,12.7,80.0,0.9,13.0
2024-02-03,17.0,13.2,80.0,0.5,313.0
2024-02-04,18.0,12.5,86.0,0.7,306.0
2024-02-05,25.0,12.9,81.0,0.5,299.0
2024-02-06,42.0,14.5,67.0,0.7,265.0
2024-02-07,31.0,18.7,49.0,1.0,292.0
2024-02-08,36.0,16.5,70.0,0.8,248.0
2024-02-09,31.0,14.4,88.0,0.3,293.0
2024-02-10,7.0,15.3,62.0,4.3,275.0
2024-02-11,9.0,13.0,57.0,1.6,268.0
2024-02-12,10.0,17.3,64.0,2.3,285.0
2024-02-13,13.0,20.3,59.0,1.2,317.0
2024-02-14,33.0,16.9,79.0,0.4,14.0
2024-02-15,14.0,16.2,78.0,0.8,20.0
2024-02-16,8.0,16.6,80.0,1.3,287.0
2024-02-17,8.0,,,,
2024-02-18,9.0,,,,
2024-02-19,18.0,,,,
2024-02-20,20.0,,,,
2024-02-21,21.0,15.7,,,
2024-02-22,24.0,19.8,60.0,1.3,241.0
2024-02-23,12.0,16.6,40.0,2.9,280.0
2024-02-24,14.0,14.4,43.0,3.1,274.0
2024-02-25,11.0,15.2,57.0,1.9,229.0
2024-02-26,7.0,16.3,53.0,2.6,275.0
2024-02-27,10.0,15.0,41.0,2.5,297.0
2024-02-28,10.0,13.6,45.0,2.0,308.0
2024-02-29,12.0,17.1,41.0,1.9,290.0
2024-03-01,18.0,15.4,37.0,2.5,286.0
2024-03-02,20.0,15.5,47.0,2.1,251.0
2024-03-03,8.0,13.8,46.0,3.5,277.0
2024-03-04,9.0,15.7,54.0,1.9,260.0
2024-03-05,15.0,16.0,57.0,1.7,340.0
2024-03-06,19.0,14.3,73.0,1.0,7.0
2024-03-07,18.0,14.2,87.0,1.5,30.0
2024-03-08,17.0,14.6,66.0,1.4,237.0
2024-03-09,15.0,12.6,80.0,2.0,253.0
2024-03-10,8.0,14.0,59.0,1.7,266.0
2024-03-11,17.0,16.7,44.0,2.1,276.0
2024-03-12,16.0,15.6,53.0,1.4,323.0
2024-03-13,16.0,14.5,70.0,1.0,24.0
2024-03-14,23.0,16.0,73.0,0.9,317.0
2024-03-15,25.0,20.5,56.0,1.0,312.0
2024-03-16,24.0,19.8,58.0,1.1,264.0
2024-03-17,18.0,18.8,62.0,0.7,274.0
2024-03-18,26.0,18.7,66.0,0.9,74.0
2024-03-20,23.0,19.2,71.0,1.6,49.0
2024-03-21,30.0,19.0,69.0,2.3,12.0
2024-03-22,27.0,20.1,52.0,1.6,13.0
2024-03-23,30.0,19.3,50.0,1.7,18.0
2024-03-24,24.0,16.9,75.0,2.7,43.0
2024-03-25,21.0,16.6,91.0,1.1,89.0
2024-03-26,15.0,14.1,68.0,2.3,269.0
2024-03-27,14.0,17.4,52.0,3.6,235.0
2024-03-28,20.0,19.6,65.0,2.6,211.0
2024-03-29,17.0,18.3,64.0,2.0,237.0
2024-03-30,9.0,15.2,60.0,2.4,235.0
2024-03-31,6.0,14.1,84.0,1.0,285.0
2024-04-01,7.0,16.4,53.0,1.7,261.0
2024-04-02,16.0,17.0,60.0,0.9,214.0
2024-04-03,21.0,18.8,62.0,1.1,268.0
2024-04-04,20.0,18.7,69.0,0.8,171.0
2024-04-05,18.0,19.0,69.0,1.0,47.0
2024-04-06,47.0,20.6,60.0,1.2,22.0
2024-04-07,59.0,22.6,54.0,0.8,54.0
2024-04-08,75.0,22.3,58.0,1.2,190.0
2024-04-09,21.0,18.4,46.0,2.3,285.0
2024-04-10,25.0,17.4,61.0,1.4,335.0
2024-04-11,15.0,17.2,72.0,1.3,58.0
2024-04-12,18.0,18.4,53.0,0.9,348.0
2024-04-13,21.0,19.5,50.0,1.0,33.0
2024-04-14,22.0,21.4,43.0,1.1,321.0
2024-04-15,27.0,21.1,44.0,0.9,124.0
2024-04-16,31.0,20.3,62.0,1.4,55.0
2024-04-17,18.0,18.3,78.0,2.0,55.0
2024-04-18,21.0,18.0,78.0,1.1,77.0
2024-04-19,19.0,16.9,69.0,2.4,92.0
2024-04-20,15.0,16.0,67.0,1.3,24.0
2024-04-21,14.0,16.5,70.0,1.6,94.0
2024-04-22,17.0,16.2,79.0,1.7,60.0
2024-04-23,18.0,15.8,62.0,1.5,321.0
2024-04-24,17.0,15.4,57.0,1.4,17.0
2024-04-25,19.0,16.7,74.0,1.2,76.0
2024-04-26,21.0,18.1,84.0,1.1,51.0
2024-04-27,28.0,20.2,66.0,1.7,315.0
2024-04-28,16.0,15.9,93.0,0.6,215.0
2024-04-29,15.0,15.4,92.0,0.6,311.0
2024-04-30,14.0,17.9,67.0,1.6,295.0
2024-05-01,14.0,17.9,49.0,2.8,274.0
2024-05-02,17.0,17.6,47.0,2.4,238.0
2024-05-03,19.0,19.5,47.0,1.4,10.0
2024-05-04,21.0,20.3,58.0,1.6,91.0
2024-05-05,21.0,21.8,62.0,1.4,165.0
2024-05-06,21.0,22.6,61.0,0.9,308.0
2024-05-07,17.0,19.7,70.0,1.4,82.0
2024-05-08,16.0,19.1,67.0,1.3,96.0
2024-05-09,15.0,20.2,56.0,1.5,330.0
2024-05-10,14.0,20.8,51.0,1.5,52.0
2024-05-11,13.0,20.1,64.0,1.3,48.0
2024-05-12,12.0,21.5,59.0,1.5,45.0
2024-05-13,18.0,21.7,64.0,1.1,85.0
2024-05-14,36.0,23.3,68.0,1.8,288.0
2024-05-15,24.0,22.3,42.0,2.0,292.0
2024-05-17,24.0,21.5,62.0,2.0,103.0
2024-05-18,19.0,20.9,82.0,1.7,102.0
2024-05-19,14.0,20.4,81.0,1.7,93.0
2024-05-20,22.0,21.8,70.0,1.5,58.0
2024-05-21,23.0,23.2,48.0,1.7,217.0
2024-05-22,15.0,22.8,59.0,2.4,112.0
2024-05-23,13.0,21.2,73.0,1.6,44.0
2024-05-24,16.0,21.7,70.0,2.3,46.0
2024-05-25,16.0,22.1,76.0,1.4,134.0
2024-05-26,20.0,22.5,84.0,1.0,105.0
2024-05-27,27.0,23.5,82.0,1.4,140.0
2024-05-28,23.0,22.6,78.0,1.8,60.0
2024-05-29,21.0,23.2,65.0,0.9,141.0
2024-05-30,17.0,25.1,53.0,1.0,100.0
2024-05-31,19.0,22.4,79.0,3.4,61.0
2024-06-01,15.0,21.6,75.0,2.6,66.0
2024-06-02,12.0,21.9,71.0,1.9,68.0
2024-06-03,13.0,22.1,68.0,1.5,86.0
2024-06-04,11.0,23.3,62.0,1.2,103.0
2024-06-05,15.0,24.4,59.0,1.0,55.0
2024-06-06,20.0,26.2,40.0,1.9,43.0
2024-06-07,45.0,27.9,44.0,2.7,53.0
2024-06-08,64.0,25.5,62.0,2.1,231.0
2024-06-09,23.0,26.9,46.0,1.8,271.0
2024-06-10,22.0,24.6,71.0,2.4,47.0
2024-06-11,13.0,22.2,85.0,0.9,67.0
2024-06-12,8.0,20.3,94.0,1.0,84.0
2024-06-13,8.0,21.6,86.0,0.8,83.0
2024-06-14,13.0,25.8,59.0,0.8,327.0
2024-06-15,23.0,26.6,56.0,1.7,184.0
2024-06-16,17.0,24.7,84.0,1.1,142.0
2024-06-17,19.0,24.4,86.0,1.1,91.0
2024-06-18,23.0,24.4,82.0,1.3,128.0
2024-06-19,19.0,25.3,68.0,1.4,31.0
2024-06-20,24.0,26.0,47.0,2.1,239.0
2024-06-21,14.0,25.7,54.0,1.7,223.0
2024-06-22,15.0,25.5,57.0,1.3,129.0
2024-06-23,12.0,24.9,71.0,1.5,74.0
2024-06-24,13.0,24.6,75.0,1.6,90.0
2024-06-25,12.0,24.9,71.0,1.3,76.0
2024-06-26,16.0,25.9,63.0,2.6,40.0
2024-06-27,38.0,26.6,67.0,2.6,56.0
2024-06-28,32.0,25.9,86.0,1.2,133.0
2024-06-29,21.0,27.9,48.0,2.3,255.0
2024-06-30,19.0,26.7,68.0,1.3,97.0
2024-07-01,16.0,25.5,75.0,1.5,77.0
2024-07-02,16.0,25.5,72.0,1.4,159.0
2024-07-03,19.0,26.4,73.0,1.1,168.0
2024-07-04,17.0,27.7,58.0,1.3,73.0
2024-07-05,27.0,26.9,55.0,2.0,44.0
2024-07-06,20.0,26.7,69.0,1.8,114.0
2024-07-07,18.0,26.4,79.0,1.9,101.0
2024-07-08,21.0,26.1,81.0,1.4,85.0
2024-07-19,56.0,29.5,60.0,0.8,96.0
2024-07-20,38.0,29.5,59.0,1.3,89.0
2024-07-21,25.0,30.4,58.0,2.7,35.0
2024-07-22,26.0,28.0,76.0,1.4,108.0
2024-07-23,20.0,28.2,66.0,1.0,170.0
2024-07-24,17.0,28.8,58.0,0.9,89.0
2024-07-25,16.0,28.8,66.0,1.5,56.0
2024-07-26,15.0,28.1,75.0,2.2,50.0
2024-07-27,14.0,27.9,73.0,1.7,49.0
2024-07-28,24.0,29.4,71.0,1.5,5.0
2024-07-29,30.0,30.7,54.0,1.8,36.0
2024-07-30,22.0,31.9,37.0,1.8,30.0
2024-07-31,24.0,30.7,52.0,0.8,156.0
2024-08-01,24.0,29.7,75.0,1.3,99.0
2024-08-02,26.0,28.8,85.0,1.3,100.0
2024-08-03,25.0,29.1,79.0,1.4,117.0
2024-08-04,23.0,29.3,72.0,1.1,115.0
2024-08-05,22.0,29.4,67.0,0.9,86.0
2024-08-06,25.0,30.2,57.0,0.9,62.0
2024-08-07,28.0,30.6,47.0,2.8,33.0
2024-08-08,22.0,30.5,51.0,1.5,36.0
2024-08-09,21.0,30.2,49.0,1.5,27.0
2024-08-10,21.0,30.8,41.0,2.2,22.0
2024-08-11,16.0,30.8,46.0,2.0,36.0
2024-08-12,22.0,29.2,67.0,1.1,158.0
2024-08-13,23.0,28.3,82.0,1.1,85.0
2024-08-14,22.0,26.1,83.0,0.8,352.0
2024-08-15,13.0,26.4,70.0,1.0,87.0
2024-08-16,12.0,27.4,69.0,1.1,224.0
2024-08-17,13.0,28.2,71.0,1.3,105.0
2024-08-18,16.0,28.5,76.0,1.0,75.0
2024-08-19,17.0,29.0,77.0,1.0,84.0
2024-08-20,17.0,28.5,79.0,1.0,84.0
2024-08-21,22.0,28.0,80.0,1.3,65.0
2024-08-22,24.0,27.9,80.0,1.0,103.0
2024-08-23,25.0,28.5,80.0,0.9,72.0
2024-08-24,25.0,28.4,81.0,1.3,46.0
2024-08-25,25.0,28.7,80.0,1.7,49.0
2024-08-26,24.0,28.3,74.0,1.6,58.0
2024-08-27,21.0,27.9,78.0,0.9,92.0
2024-08-28,17.0,27.9,80.0,1.3,55.0
2024-08-29,17.0,27.6,78.0,2.0,49.0
2024-08-30,17.0,27.5,81.0,2.1,47.0
2024-08-31,20.0,28.2,75.0,2.2,53.0
2024-09-01,17.0,28.2,80.0,0.9,88.0
2024-09-02,20.0,28.2,84.0,1.1,159.0
2024-09-03,19.0,26.7,90.0,1.4,52.0
2024-09-04,13.0,26.2,82.0,1.3,72.0
2024-09-05,9.0,25.7,78.0,1.2,96.0
2024-09-06,14.0,27.1,76.0,1.3,84.0
2024-09-07,17.0,27.2,79.0,0.7,259.0
2024-09-08,31.0,28.0,74.0,1.2,341.0
2024-09-09,22.0,27.3,58.0,1.4,34.0
2024-09-10,19.0,26.2,79.0,1.0,52.0
2024-09-11,18.0,26.2,79.0,1.2,75.0
2024-09-12,24.0,26.8,73.0,1.6,51.0
2024-09-13,15.0,24.4,68.0,4.0,64.0
2024-09-14,14.0,23.7,57.0,1.5,66.0
2024-09-15,14.0,23.3,66.0,1.2,271.0
2024-09-16,13.0,23.9,72.0,1.1,43.0
2024-09-17,12.0,23.7,73.0,1.4,55.0
2024-09-19,11.0,22.4,77.0,1.2,19.0
2024-09-20,11.0,23.3,80.0,1.4,35.0
2024-09-21,14.0,23.9,89.0,1.0,43.0
2024-09-22,16.0,24.7,80.0,1.0,352.0
2024-09-23,22.0,25.1,68.0,1.0,333.0
2024-09-24,27.0,25.3,55.0,0.8,282.0
2024-09-25,28.0,25.3,48.0,1.3,240.0
2024-09-26,27.0,27.2,59.0,1.3,244.0
2024-09-27,15.0,27.1,52.0,1.6,302.0
2024-09-28,13.0,22.7,57.0,1.4,26.0
2024-09-29,12.0,21.9,73.0,1.4,13.0
2024-09-30,13.0,22.5,77.0,1.0,12.0
2024-10-01,16.0,22.8,82.0,0.9,309.0
2024-10-02,29.0,27.4,51.0,1.8,253.0
2024-10-03,21.0,26.1,59.0,2.0,333.0
2024-10-04,15.0,23.1,70.0,1.0,58.0
2024-10-05,20.0,24.0,76.0,0.9,299.0
2024-10-06,22.0,26.5,66.0,1.2,239.0
2024-10-07,37.0,24.6,77.0,0.9,52.0
2024-10-08,16.0,24.2,53.0,1.8,284.0
2024-10-09,23.0,23.3,52.0,0.4,254.0
2024-10-10,17.0,23.6,47.0,1.0,296.0
2024-10-11,15.0,21.4,58.0,0.7,1.0
2024-10-12,15.0,22.1,74.0,0.7,355.0
2024-10-13,14.0,24.5,71.0,1.8,31.0
2024-10-14,26.0,24.2,86.0,1.3,85.0
2024-10-15,0.0,23.4,88.0,1.4,77.0
2024-10-16,19.0,23.6,82.0,0.7,55.0
2024-10-17,16.0,22.4,59.0,3.1,274.0
2024-10-18,13.0,21.3,41.0,1.7,282.0
2024-10-19,12.0,22.2,54.0,0.6,281.0
2024-10-20,13.0,22.8,65.0,0.7,252.0
2024-10-21,15.0,22.0,74.0,0.8,15.0
2024-10-22,12.0,21.7,76.0,0.7,352.0
2024-10-23,10.0,20.9,90.0,1.5,46.0
2024-10-24,12.0,20.7,83.0,1.0,5.0
2024-10-25,16.0,20.1,93.0,0.4,24.0
2024-10-26,9.0,19.5,58.0,1.2,298.0
2024-10-27,7.0,15.2,83.0,0.5,316.0
2024-10-28,11.0,18.0,85.0,1.2,13.0
2024-10-29,36.0,22.2,95.0,6.5,55.0
2024-10-30,39.0,20.4,78.0,0.5,49.0
2024-10-31,109.0,20.0,70.0,0.4,313.0
2024-11-01,26.0,21.0,77.0,0.8,312.0
2024-11-02,23.0,19.6,84.0,0.5,309.0
2024-11-03,14.0,19.0,89.0,1.0,4.0
2024-11-04,28.0,20.8,84.0,0.8,0.0
2024-11-05,43.0,21.0,84.0,0.4,318.0
2024-11-06,40.0,20.3,89.0,0.5,356.0
2024-11-07,19.0,20.2,83.0,0.6,299.0
2024-11-08,18.0,19.2,85.0,0.5,277.0
2024-11-09,31.0,19.8,78.0,0.6,306.0
2024-11-10,18.0,19.1,70.0,0.4,334.0
2024-11-11,13.0,17.6,80.0,1.1,3.0
2024-11-12,13.0,17.4,81.0,0.7,323.0
2024-11-13,10.0,16.3,76.0,0.7,342.0
2024-11-14,24.0,19.1,83.0,2.8,25.0
2024-11-15,15.0,,,2.6,49.0
2024-11-16,17.0,,,1.5,2.0
2024-11-17,20.0,,,0.7,305.0
2024-11-18,31.0,,,0.4,311.0
2024-11-19,35.0,,,0.5,264.0
2024-11-20,17.0,21.6,,1.6,289.0
2024-11-21,12.0,19.4,,2.2,275.0
2024-11-22,10.0,19.9,,1.5,295.0
2024-11-23,14.0,18.5,99.0,1.1,50.0
2024-11-24,53.0,17.8,99.0,0.9,8.0
2024-11-25,92.0,18.1,90.0,0.4,296.0
2024-11-26,13.0,18.6,80.0,0.8,315.0
2024-11-27,22.0,17.6,94.0,0.5,344.0
2024-11-28,22.0,16.6,94.0,0.6,296.0
2024-11-29,38.0,17.8,76.0,1.1,270.0
2024-11-30,43.0,18.9,88.0,0.5,202.0
2024-12-01,35.0,17.3,99.0,0.3,1.0
2024-12-02,51.0,17.2,96.0,0.5,277.0
2024-12-03,42.0,18.8,83.0,0.4,285.0
2024-12-04,17.0,17.1,82.0,1.1,304.0
2024-12-05,15.0,15.9,62.0,0.8,290.0
2024-12-06,11.0,21.2,46.0,0.8,293.0
2024-12-07,13.0,20.8,51.0,1.8,288.0
2024-12-08,29.0,15.8,24.0,2.5,279.0
2024-12-09,10.0,13.5,37.0,2.0,283.0
2024-12-10,10.0,12.9,53.0,0.8,314.0
2024-12-11,16.0,11.7,86.0,0.9,318.0
2024-12-12,17.0,12.3,86.0,0.8,277.0
2024-12-17,26.0,13.2,92.0,0.7,273.0
2024-12-18,34.0,15.6,68.0,0.9,262.0
2024-12-19,33.0,,,1.1,276.0
2024-12-20,12.0,,,1.2,321.0
2024-12-21,17.0,,,0.6,280.0
2024-12-22,12.0,,,1.0,262.0
2024-12-23,23.0,,,2.4,300.0
2024-12-24,17.0,,,0.9,280.0
2024-12-25,14.0,,,1.0,339.0
2024-12-26,12.0,,,0.9,4.0
2024-12-27,14.0,,,1.0,342.0
2024-12-28,12.0,,,1.1,353.0
2024-12-29,12.0,,,1.1,342.0
2024-12-30,12.0,,,1.1,339.0
2024-12-31,10.0,,,0.8,335.0
