date,pm10
2017-01-01,21.0
2017-01-02,33.0
2017-01-03,44.0
2017-01-04,40.0
2017-01-05,25.0
2017-01-06,26.0
2017-01-07,30.0
2017-01-08,28.0
2017-01-09,32.0
2017-01-10,32.0
2017-01-11,21.0
2017-01-12,24.0
2017-01-13,17.0
2017-01-14,13.0
2017-01-15,9.0
2017-01-16,26.0
2017-01-17,12.0
2017-01-18,18.0
2017-01-19,37.0
2017-01-20,7.0
2017-01-21,11.0
2017-01-22,12.0
2017-01-23,21.0
2017-01-24,32.0
2017-01-25,28.0
2017-01-26,41.0
2017-01-27,24.0
2017-01-28,9.0
2017-01-29,14.0
2017-01-31,40.0
2017-02-01,21.0
2017-02-02,19.0
2017-02-03,24.0
2017-02-05,8.0
2017-02-08,31.0
2017-02-10,26.0
2017-02-12,53.0
2017-02-13,47.0
2017-02-17,45.0
2017-02-18,43.0
2017-02-19,37.0
2017-02-20,36.0
2017-02-21,33.0
2017-02-23,43.0
2017-02-24,44.0
2017-02-25,26.0
2017-02-26,40.0
2017-02-27,37.0
2017-02-28,26.0
2017-03-01,22.0
2017-03-02,34.0
2017-03-03,41.0
2017-03-04,11.0
2017-03-05,12.0
2017-03-06,22.0
2017-03-07,39.0
2017-03-08,30.0
2017-03-09,40.0
2017-03-10,40.0
2017-03-11,51.0
2017-03-12,37.0
2017-03-13,18.0
2017-03-14,33.0
2017-03-15,35.0
2017-03-16,42.0
2017-03-17,31.0
2017-03-18,36.0
2017-03-19,53.0
2017-03-20,51.0
2017-03-21,44.0
2017-03-22,29.0
2017-03-23,21.0
2017-03-24,16.0
2017-03-25,27.0
2017-03-26,24.0
2017-03-27,21.0
2017-03-28,27.0
2017-03-29,32.0
2017-03-30,25.0
2017-03-31,32.0
2017-04-01,28.0
2017-04-02,18.0
2017-04-03,25.0
2017-04-04,52.0
2017-04-05,36.0
2017-04-06,31.0
2017-04-07,35.0
2017-04-08,27.0
2017-04-09,23.0
2017-04-10,29.0
2017-04-11,36.0
2017-04-12,32.0
2017-04-13,40.0
2017-04-14,42.0
2017-04-15,34.0
2017-04-16,33.0
2017-04-17,34.0
2017-04-18,37.0
2017-04-19,31.0
2017-04-20,31.0
2017-04-21,23.0
2017-04-22,20.0
2017-04-23,24.0
2017-04-24,30.0
2017-04-26,30.0
2017-04-27,13.0
2017-04-28,16.0
2017-04-29,25.0
2017-04-30,17.0
2017-05-01,14.0
2017-05-02,25.0
2017-05-03,24.0
2017-05-04,26.0
2017-05-05,29.0
2017-05-06,24.0
2017-05-07,25.0
2017-05-08,26.0
2017-05-09,25.0
2017-05-10,34.0
2017-05-11,33.0
2017-05-12,24.0
2017-05-13,19.0
2017-05-14,22.0
2017-05-15,28.0
2017-05-16,41.0
2017-05-17,21.0
2017-05-18,23.0
2017-05-19,15.0
2017-05-20,16.0
2017-05-21,18.0
2017-05-22,24.0
2017-05-23,22.0
2017-05-24,23.0
2017-05-25,24.0
2017-05-26,27.0
2017-05-27,27.0
2017-05-28,26.0
2017-05-29,21.0
2017-05-30,25.0
2017-05-31,21.0
2017-06-01,27.0
2017-06-02,30.0
2017-06-03,26.0
2017-06-04,17.0
2017-06-05,11.0
2017-06-06,19.0
2017-06-07,22.0
2017-06-08,26.0
2017-06-09,23.0
2017-06-10,19.0
2017-06-11,20.0
2017-06-12,20.0
2017-06-13,23.0
2017-06-14,24.0
2017-06-15,30.0
2017-06-16,29.0
2017-06-17,30.0
2017-06-18,20.0
2017-06-19,24.0
2017-06-20,31.0
2017-06-21,24.0
2017-06-22,29.0
2017-06-23,31.0
2017-06-24,25.0
2017-06-25,25.0
2017-06-26,26.0
2017-06-27,30.0
2017-06-28,22.0
2017-06-29,21.0
2017-06-30,20.0
2017-07-01,14.0
2017-07-02,15.0
2017-07-03,20.0
2017-07-04,16.0
2017-07-05,18.0
2017-07-06,24.0
2017-07-07,40.0
2017-07-08,36.0
2017-07-09,24.0
2017-07-10,29.0
2017-07-11,28.0
2017-07-12,31.0
2017-07-13,28.0
2017-07-14,28.0
2017-07-15,29.0
2017-07-16,24.0
2017-07-17,19.0
2017-07-18,25.0
2017-07-19,34.0
2017-07-20,41.0
2017-07-21,30.0
2017-07-22,28.0
2017-07-23,24.0
2017-07-24,31.0
2017-07-25,25.0
2017-07-26,29.0
2017-07-27,40.0
2017-07-28,30.0
2017-07-29,22.0
2017-07-30,24.0
2017-07-31,25.0
2017-08-01,38.0
2017-08-02,52.0
2017-08-03,54.0
2017-08-11,21.0
2017-08-12,19.0
2017-08-19,29.0
2017-08-21,29.0
2017-08-22,27.0
2017-08-23,27.0
2017-08-25,25.0
2017-08-26,27.0
2017-08-28,28.0
2017-08-29,19.0
2017-09-07,18.0
2017-09-08,21.0
2017-09-09,27.0
2017-09-13,27.0
2017-09-14,36.0
2017-09-15,25.0
2017-09-16,10.0
2017-09-17,16.0
2017-09-18,20.0
2017-09-19,17.0
2017-09-20,17.0
2017-09-21,19.0
2017-09-22,19.0
2017-09-23,19.0
2017-09-24,27.0
2017-09-25,41.0
2017-09-26,19.0
2017-09-27,22.0
2017-09-28,18.0
2017-09-29,20.0
2017-09-30,16.0
2017-10-01,14.0
2017-10-02,19.0
2017-10-03,22.0
2017-10-04,15.0
2017-10-05,31.0
2017-10-06,28.0
2017-10-07,29.0
2017-10-08,22.0
2017-10-09,21.0
2017-10-10,23.0
2017-10-11,25.0
2017-10-12,30.0
2017-10-13,30.0
2017-10-14,27.0
2017-10-15,19.0
2017-10-16,24.0
2017-10-17,25.0
2017-10-19,12.0
2017-10-20,18.0
2017-10-23,23.0
2017-10-25,32.0
2017-10-26,34.0
2017-10-27,32.0
2017-10-28,23.0
2017-10-30,17.0
2017-10-31,17.0
2017-11-01,14.0
2017-11-02,17.0
2017-11-03,26.0
2017-11-04,15.0
2017-11-05,10.0
2017-11-06,17.0
2017-11-07,20.0
2017-11-08,17.0
2017-11-09,26.0
2017-11-10,26.0
2017-11-11,15.0
2017-11-12,15.0
2017-11-13,33.0
2017-11-14,20.0
2017-11-15,34.0
2017-11-16,34.0
2017-11-17,65.0
2017-11-18,40.0
2017-11-19,31.0
2017-11-20,40.0
2017-11-21,41.0
2017-11-22,37.0
2017-11-23,39.0
2017-11-24,46.0
2017-11-25,36.0
2017-11-26,14.0
2017-11-27,22.0
2017-11-28,33.0
2017-11-29,15.0
2017-11-30,10.0
2017-12-01,11.0
2017-12-02,9.0
2017-12-03,9.0
2017-12-04,24.0
2017-12-05,24.0
2017-12-06,24.0
2017-12-07,35.0
2017-12-08,28.0
2017-12-09,21.0
2017-12-10,21.0
2017-12-11,15.0
2017-12-12,12.0
2017-12-13,17.0
2017-12-15,11.0
2017-12-16,8.0
2017-12-17,13.0
2017-12-18,19.0
2017-12-19,18.0
2017-12-20,27.0
2017-12-21,31.0
2017-12-22,34.0
2017-12-23,24.0
2017-12-24,29.0
2017-12-25,18.0
2017-12-26,71.0
2017-12-27,26.0
2017-12-28,18.0
2017-12-29,19.0
2017-12-30,13.0
2017-12-31,18.0
2018-01-01,16.0
2018-01-02,13.0
2018-01-03,14.0
2018-01-04,11.0
2018-01-05,12.0
2018-01-06,15.0
2018-01-07,6.0
2018-01-08,18.0
2018-01-09,12.0
2018-01-10,9.0
2018-01-11,12.0
2018-01-12,18.0
2018-01-13,14.0
2018-01-14,11.0
2018-01-15,15.0
2018-01-16,16.0
2018-01-17,15.0
2018-01-18,24.0
2018-01-19,32.0
2018-01-20,14.0
2018-01-21,8.0
2018-01-22,17.0
2018-01-23,25.0
2018-01-24,28.0
2018-01-25,40.0
2018-01-26,8.0
2018-01-27,9.0
2018-01-28,21.0
2018-01-29,24.0
2018-01-30,26.0
2018-01-31,26.0
2018-02-01,25.0
2018-02-02,7.0
2018-02-03,3.0
2018-02-04,7.0
2018-02-05,12.0
2018-02-06,6.0
2018-02-07,7.0
2018-02-08,7.0
2018-02-10,7.0
2018-02-11,9.0
2018-02-12,10.0
2018-02-13,10.0
2018-02-14,9.0
2018-02-15,16.0
2018-02-16,33.0
2018-02-17,34.0
2018-02-18,10.0
2018-02-19,19.0
2018-02-20,11.0
2018-02-21,9.0
2018-02-22,18.0
2018-02-23,22.0
2018-02-24,20.0
2018-02-25,25.0
2018-02-26,29.0
2018-02-27,12.0
2018-02-28,17.0
2018-03-01,34.0
2018-03-02,33.0
2018-03-03,16.0
2018-03-04,16.0
2018-03-05,10.0
2018-03-06,11.0
2018-03-07,13.0
2018-03-08,16.0
2018-03-09,22.0
2018-03-10,23.0
2018-03-11,16.0
2018-03-12,14.0
2018-03-13,19.0
2018-03-14,23.0
2018-03-15,12.0
2018-03-16,12.0
2018-03-17,8.0
2018-03-18,12.0
2018-03-19,22.0
2018-03-20,10.0
2018-03-21,11.0
2018-03-22,22.0
2018-03-23,20.0
2018-03-24,17.0
2018-03-25,9.0
2018-03-26,13.0
2018-03-27,25.0
2018-03-28,24.0
2018-03-29,21.0
2018-03-30,23.0
2018-03-31,21.0
2018-04-01,15.0
2018-04-02,14.0
2018-04-03,22.0
2018-04-04,24.0
2018-04-05,17.0
2018-04-06,19.0
2018-04-07,26.0
2018-04-08,6.0
2018-04-09,8.0
2018-04-10,8.0
2018-04-11,8.0
2018-04-12,10.0
2018-04-13,15.0
2018-04-14,21.0
2018-04-15,15.0
2018-04-16,11.0
2018-04-17,20.0
2018-04-18,22.0
2018-04-19,30.0
2018-04-20,32.0
2018-04-21,38.0
2018-04-22,34.0
2018-04-23,45.0
2018-04-24,40.0
2018-04-25,38.0
2018-04-26,38.0
2018-04-27,52.0
2018-04-28,49.0
2018-04-29,21.0
2018-04-30,15.0
2018-05-01,17.0
2018-05-02,24.0
2018-05-03,18.0
2018-05-04,18.0
2018-05-05,23.0
2018-05-06,23.0
2018-05-07,25.0
2018-05-08,32.0
2018-05-09,31.0
2018-05-10,27.0
2018-05-11,29.0
2018-05-12,33.0
2018-05-13,19.0
2018-05-14,24.0
2018-05-15,19.0
2018-05-16,18.0
2018-05-17,21.0
2018-05-18,22.0
2018-05-19,22.0
2018-05-20,24.0
2018-05-21,27.0
2018-05-22,27.0
2018-05-23,27.0
2018-05-24,39.0
2018-05-25,25.0
2018-05-26,41.0
2018-05-27,26.0
2018-05-28,17.0
2018-05-29,18.0
2018-05-30,12.0
2018-06-01,19.0
2018-06-03,11.0
2018-06-04,17.0
2018-06-06,16.0
2018-06-07,15.0
2018-06-10,18.0
2018-06-14,20.0
2018-06-15,27.0
2018-06-16,25.0
2018-06-17,24.0
2018-06-18,19.0
2018-06-19,9.0
2018-06-20,21.0
2018-06-21,22.0
2018-06-22,29.0
2018-06-23,20.0
2018-06-24,19.0
2018-06-25,24.0
2018-06-26,22.0
2018-06-27,26.0
2018-06-28,31.0
2018-06-29,23.0
2018-06-30,22.0
2018-07-01,28.0
2018-07-02,37.0
2018-07-05,32.0
2018-07-06,29.0
2018-07-07,22.0
2018-07-08,23.0
2018-07-09,34.0
2018-07-10,23.0
2018-07-11,27.0
2018-07-12,23.0
2018-07-13,24.0
2018-07-14,26.0
2018-07-15,32.0
2018-07-16,33.0
2018-07-18,27.0
2018-07-19,26.0
2018-07-20,27.0
2018-07-21,24.0
2018-07-22,18.0
2018-07-25,23.0
2018-07-26,24.0
2018-07-27,27.0
2018-07-28,31.0
2018-07-29,30.0
2018-07-30,31.0
2018-07-31,29.0
2018-08-01,26.0
2018-08-02,33.0
2018-08-03,34.0
2018-08-04,28.0
2018-08-14,20.0
2018-08-16,27.0
2018-08-17,18.0
2018-08-18,15.0
2018-08-19,16.0
2018-08-28,27.0
2018-08-29,20.0
2018-08-30,21.0
2018-08-31,22.0
2018-09-01,23.0
2018-09-02,23.0
2018-09-03,19.0
2018-09-04,19.0
2018-09-05,22.0
2018-09-06,19.0
2018-09-12,21.0
2018-09-13,19.0
2018-09-14,20.0
2018-09-15,13.0
2018-09-16,11.0
2018-09-17,15.0
2018-09-18,16.0
2018-09-19,21.0
2018-09-20,28.0
2018-09-21,32.0
2018-09-22,27.0
2018-09-23,27.0
2018-09-24,22.0
2018-09-25,22.0
2018-09-26,17.0
2018-09-27,16.0
2018-09-28,22.0
2018-09-30,17.0
2018-10-01,24.0
2018-10-02,21.0
2018-10-03,25.0
2018-10-04,21.0
2018-10-05,15.0
2018-10-06,20.0
2018-10-07,21.0
2018-10-08,11.0
2018-10-09,8.0
2018-10-10,15.0
2018-10-11,22.0
2018-10-12,19.0
2018-10-13,17.0
2018-10-14,12.0
2018-10-15,11.0
2018-10-16,18.0
2018-10-19,11.0
2018-10-20,20.0
2018-10-21,25.0
2018-10-22,27.0
2018-10-23,24.0
2018-10-24,2.0
2018-10-25,25.0
2018-10-26,32.0
2018-10-27,7.0
2018-10-29,11.0
2018-10-30,10.0
2018-11-01,13.0
2018-11-02,20.0
2018-11-03,13.0
2018-11-04,14.0
2018-11-05,22.0
2018-11-06,10.0
2018-11-07,17.0
2018-11-08,20.0
2018-11-09,14.0
2018-11-15,23.0
2018-11-16,18.0
2018-11-17,20.0
2018-11-18,15.0
2018-11-19,14.0
2018-11-20,23.0
2018-11-21,14.0
2018-11-22,20.0
2018-11-23,14.0
2018-11-24,8.0
2018-11-25,8.0
2018-11-26,8.0
2018-11-27,10.0
2018-11-28,20.0
2018-11-29,24.0
2018-11-30,18.0
2018-12-01,18.0
2018-12-02,20.0
2018-12-03,31.0
2018-12-04,26.0
2018-12-05,32.0
2018-12-06,24.0
2018-12-07,23.0
2018-12-08,20.0
2018-12-09,15.0
2018-12-10,28.0
2018-12-11,32.0
2018-12-12,24.0
2018-12-13,9.0
2018-12-14,4.0
2018-12-15,9.0
2018-12-16,6.0
2018-12-17,17.0
2018-12-18,19.0
2018-12-19,11.0
2018-12-20,14.0
2018-12-21,11.0
2018-12-22,9.0
2018-12-23,17.0
2018-12-24,26.0
2018-12-25,18.0
2018-12-27,22.0
2018-12-28,19.0
2018-12-29,21.0
2018-12-30,18.0
2018-12-31,19.0
2019-01-01,15.0
2019-01-02,24.0
2019-01-03,27.0
2019-01-04,25.0
2019-01-05,23.0
2019-01-06,26.0
2019-01-07,27.0
2019-01-08,33.0
2019-01-09,27.0
2019-01-10,13.0
2019-01-11,27.0
2019-01-12,26.0
2019-01-13,22.0
2019-01-14,27.0
2019-01-15,31.0
2019-01-16,42.0
2019-01-17,48.0
2019-01-18,25.0
2019-01-19,20.0
2019-01-20,19.0
2019-01-21,14.0
2019-01-22,17.0
2019-01-23,24.0
2019-01-24,18.0
2019-01-25,14.0
2019-01-26,23.0
2019-02-12,20.0
2019-02-13,24.0
2019-02-14,20.0
2019-02-15,27.0
2019-02-16,29.0
2019-02-18,27.0
2019-02-19,31.0
2019-02-20,31.0
2019-02-21,38.0
2019-02-22,61.0
2019-02-23,47.0
2019-02-24,35.0
2019-02-25,36.0
2019-02-26,40.0
2019-02-27,49.0
2019-02-28,46.0
2019-03-01,44.0
2019-03-02,50.0
2019-03-03,43.0
2019-03-04,51.0
2019-03-05,35.0
2019-03-06,40.0
2019-03-07,31.0
2019-03-08,35.0
2019-03-09,32.0
2019-03-10,23.0
2019-03-11,32.0
2019-03-12,18.0
2019-03-13,34.0
2019-03-14,27.0
2019-03-15,38.0
2019-03-16,46.0
2019-03-17,50.0
2019-03-18,25.0
2019-03-19,21.0
2019-03-20,16.0
2019-03-21,22.0
2019-03-22,28.0
2019-03-23,35.0
2019-03-24,34.0
2019-03-25,33.0
2019-03-26,36.0
2019-03-27,29.0
2019-03-28,28.0
2019-03-29,26.0
2019-03-30,23.0
2019-03-31,14.0
2019-04-01,16.0
2019-04-02,28.0
2019-04-03,19.0
2019-04-04,14.0
2019-04-05,18.0
2019-04-06,7.0
2019-04-07,8.0
2019-04-08,11.0
2019-04-09,13.0
2019-04-10,9.0
2019-04-11,16.0
2019-04-12,19.0
2019-04-13,23.0
2019-04-14,23.0
2019-04-15,25.0
2019-04-17,23.0
2019-04-18,27.0
2019-04-19,21.0
2019-04-20,29.0
2019-04-21,22.0
2019-04-22,24.0
2019-04-23,17.0
2019-04-24,13.0
2019-04-25,15.0
2019-04-26,15.0
2019-04-27,18.0
2019-04-28,19.0
2019-04-29,21.0
2019-04-30,22.0
2019-05-01,22.0
2019-05-02,10.0
2019-05-03,22.0
2019-05-04,17.0
2019-05-05,24.0
2019-05-06,24.0
2019-05-07,34.0
2019-05-08,28.0
2019-05-09,15.0
2019-05-10,17.0
2019-05-11,20.0
2019-05-12,23.0
2019-05-13,26.0
2019-05-14,27.0
2019-05-15,31.0
2019-05-16,27.0
2019-05-17,25.0
2019-05-18,12.0
2019-05-19,12.0
2019-05-20,14.0
2019-05-21,18.0
2019-05-22,16.0
2019-05-23,24.0
2019-05-24,16.0
2019-05-25,12.0
2019-05-26,13.0
2019-05-27,17.0
2019-05-28,19.0
2019-05-29,12.0
2019-05-30,20.0
2019-05-31,24.0
2019-06-01,16.0
2019-06-02,16.0
2019-06-03,21.0
2019-06-04,20.0
2019-06-05,38.0
2019-06-07,28.0
2019-06-09,28.0
2019-06-12,17.0
2019-06-13,24.0
2019-06-14,32.0
2019-06-15,31.0
2019-06-16,23.0
2019-06-17,32.0
2019-06-18,26.0
2019-06-20,33.0
2019-06-30,32.0
2019-07-01,36.0
2019-07-02,28.0
2019-07-03,32.0
2019-07-04,33.0
2019-07-05,33.0
2019-07-06,43.0
2019-07-07,47.0
2019-07-08,45.0
2019-07-09,31.0
2019-07-10,23.0
2019-07-11,26.0
2019-07-12,26.0
2019-07-13,17.0
2019-07-14,17.0
2019-07-15,20.0
2019-07-16,19.0
2019-07-17,18.0
2019-07-18,17.0
2019-07-19,17.0
2019-07-20,19.0
2019-07-21,17.0
2019-07-22,22.0
2019-07-23,21.0
2019-07-24,31.0
2019-07-25,27.0
2019-07-26,29.0
2019-07-27,40.0
2019-08-01,25.0
2019-08-02,24.0
2019-08-03,22.0
2019-08-04,20.0
2019-08-05,27.0
2019-08-06,39.0
2019-08-07,46.0
2019-08-08,36.0
2019-08-10,31.0
2019-08-11,25.0
2019-08-12,30.0
2019-08-13,28.0
2019-08-14,29.0
2019-08-15,25.0
2019-08-16,20.0
2019-08-17,25.0
2019-08-18,26.0
2019-08-21,19.0
2019-08-22,20.0
2019-08-23,20.0
2019-08-24,20.0
2019-08-25,21.0
2019-08-27,14.0
2019-08-28,19.0
2019-08-30,24.0
2019-08-31,24.0
2019-09-01,26.0
2019-09-02,16.0
2019-09-04,22.0
2019-09-05,25.0
2019-09-06,21.0
2019-09-07,19.0
2019-09-08,22.0
2019-09-09,25.0
2019-09-10,22.0
2019-09-11,12.0
2019-09-13,24.0
2019-09-14,23.0
2019-09-15,26.0
2019-09-16,27.0
2019-09-17,35.0
2019-09-18,27.0
2019-09-19,31.0
2019-09-20,30.0
2019-09-21,24.0
2019-09-22,18.0
2019-09-25,16.0
2019-09-26,18.0
2019-09-27,20.0
2019-09-28,15.0
2019-09-29,18.0
2019-09-30,22.0
2019-10-01,28.0
2019-10-02,23.0
2019-10-03,20.0
2019-10-04,25.0
2019-10-05,16.0
2019-10-06,15.0
2019-10-07,27.0
2019-10-08,31.0
2019-10-09,26.0
2019-10-10,20.0
2019-10-11,21.0
2019-10-12,20.0
2019-10-13,22.0
2019-10-14,27.0
2019-10-16,23.0
2019-10-17,25.0
2019-10-18,25.0
2019-10-19,25.0
2019-10-20,13.0
2019-10-21,13.0
2019-10-22,8.0
2019-10-23,8.0
2019-10-24,13.0
2019-10-25,28.0
2019-10-26,21.0
2019-10-27,20.0
2019-10-28,29.0
2019-10-29,29.0
2019-10-30,24.0
2019-10-31,16.0
2019-11-01,13.0
2019-11-02,18.0
2019-11-03,17.0
2019-11-04,16.0
2019-11-05,14.0
2019-11-06,14.0
2019-11-07,14.0
2019-11-08,10.0
2019-11-09,9.0
2019-11-10,10.0
2019-11-11,13.0
2019-11-12,15.0
2019-11-13,16.0
2019-11-14,7.0
2019-11-15,5.0
2019-11-16,8.0
2019-11-17,10.0
2019-11-18,10.0
2019-11-19,21.0
2019-11-20,24.0
2019-11-21,16.0
2019-11-22,16.0
2019-11-23,15.0
2019-11-24,16.0
2019-11-25,19.0
2019-11-26,13.0
2019-11-27,16.0
2019-11-28,11.0
2019-11-29,17.0
2019-11-30,20.0
2019-12-01,19.0
2019-12-02,17.0
2019-12-03,16.0
2019-12-04,13.0
2019-12-05,14.0
2019-12-06,24.0
2019-12-07,21.0
2019-12-08,18.0
2019-12-09,18.0
2019-12-10,25.0
2019-12-11,21.0
2019-12-12,15.0
2019-12-13,14.0
2019-12-14,10.0
2019-12-15,15.0
2019-12-16,25.0
2019-12-17,45.0
2019-12-18,21.0
2019-12-19,35.0
2019-12-20,21.0
2019-12-21,23.0
2019-12-22,26.0
2019-12-24,26.0
2019-12-26,34.0
2019-12-28,34.0
2020-01-01,33.0
2020-01-02,31.0
2020-01-03,38.0
2020-01-04,27.0
2020-01-05,16.0
2020-01-06,21.0
2020-01-07,36.0
2020-01-08,45.0
2020-01-09,32.0
2020-01-10,38.0
2020-01-11,21.0
2020-01-12,28.0
2020-01-13,43.0
2020-01-14,35.0
2020-01-15,42.0
2020-01-16,41.0
2020-01-17,36.0
2020-01-18,22.0
2020-01-19,12.0
2020-01-20,8.0
2020-01-21,54.0
2020-01-22,48.0
2020-01-23,68.0
2020-01-24,88.0
2020-01-25,82.0
2020-01-26,30.0
2020-01-27,18.0
2020-01-28,13.0
2020-01-29,14.0
2020-01-30,16.0
2020-01-31,16.0
2020-02-01,11.0
2020-02-02,15.0
2020-02-03,32.0
2020-02-04,44.0
2020-02-05,26.0
2020-02-06,29.0
2020-02-07,35.0
2020-02-08,34.0
2020-02-09,36.0
2020-02-10,22.0
2020-02-11,29.0
2020-02-12,34.0
2020-02-13,45.0
2020-02-14,29.0
2020-02-15,33.0
2020-02-16,42.0
2020-02-17,56.0
2020-02-18,29.0
2020-02-19,25.0
2020-02-20,30.0
2020-02-21,34.0
2020-02-22,32.0
2020-02-23,31.0
2020-02-24,35.0
2020-02-25,65.0
2020-02-26,30.0
2020-02-27,49.0
2020-02-28,116.0
2020-02-29,75.0
2020-03-01,36.0
2020-03-02,51.0
2020-03-03,32.0
2020-03-04,27.0
2020-03-05,35.0
2020-03-06,29.0
2020-03-07,24.0
2020-03-08,27.0
2020-03-09,33.0
2020-03-10,26.0
2020-03-11,42.0
2020-03-12,33.0
2020-03-13,27.0
2020-03-14,22.0
2020-03-15,19.0
2020-03-16,8.0
2020-03-17,18.0
2020-03-18,21.0
2020-03-19,18.0
2020-03-20,15.0
2020-03-21,16.0
2020-03-22,10.0
2020-03-23,14.0
2020-03-24,23.0
2020-03-25,13.0
2020-03-26,15.0
2020-03-27,11.0
2020-03-28,14.0
2020-03-29,16.0
2020-03-30,19.0
2020-03-31,7.0
2020-04-01,7.0
2020-04-02,11.0
2020-04-03,15.0
2020-04-04,17.0
2020-04-05,18.0
2020-04-06,18.0
2020-04-07,17.0
2020-04-08,18.0
2020-04-09,20.0
2020-04-10,23.0
2020-04-11,22.0
2020-04-12,21.0
2020-04-13,18.0
2020-04-14,13.0
2020-04-15,16.0
2020-04-16,19.0
2020-04-17,20.0
2020-04-18,20.0
2020-04-19,9.0
2020-04-20,13.0
2020-04-21,14.0
2020-04-22,15.0
2020-04-23,24.0
2020-04-24,23.0
2020-04-25,19.0
2020-04-26,17.0
2020-04-27,18.0
2020-04-28,12.0
2020-04-29,14.0
2020-04-30,14.0
2020-05-01,12.0
2020-05-02,16.0
2020-05-03,17.0
2020-05-04,18.0
2020-05-06,23.0
2020-05-07,20.0
2020-05-08,24.0
2020-05-09,25.0
2020-05-10,15.0
2020-05-11,13.0
2020-05-12,18.0
2020-05-13,14.0
2020-05-14,14.0
2020-05-15,13.0
2020-05-16,14.0
2020-05-17,14.0
2020-05-18,19.0
2020-05-19,29.0
2020-05-20,25.0
2020-05-21,24.0
2020-05-22,26.0
2020-05-23,19.0
2020-05-24,24.0
2020-05-25,19.0
2020-05-26,17.0
2020-05-27,23.0
2020-05-28,17.0
2020-05-29,24.0
2020-05-30,17.0
2020-05-31,21.0
2020-06-01,26.0
2020-06-02,26.0
2020-06-03,35.0
2020-06-04,24.0
2020-06-05,19.0
2020-06-06,28.0
2020-06-07,24.0
2020-06-08,14.0
2020-06-09,18.0
2020-06-10,21.0
2020-06-11,29.0
2020-06-12,23.0
2020-06-13,21.0
2020-06-14,22.0
2020-06-15,23.0
2020-06-16,23.0
2020-06-17,19.0
2020-06-18,22.0
2020-06-19,20.0
2020-06-20,21.0
2020-06-21,21.0
2020-06-23,21.0
2020-06-25,21.0
2020-06-27,21.0
2020-06-29,29.0
2020-06-30,22.0
2020-07-01,28.0
2020-07-02,24.0
2020-07-03,21.0
2020-07-04,21.0
2020-07-05,21.0
2020-07-06,24.0
2020-07-07,25.0
2020-07-08,23.0
2020-07-09,28.0
2020-07-10,25.0
2020-07-12,23.0
2020-07-13,21.0
2020-07-14,20.0
2020-07-15,22.0
2020-07-16,21.0
2020-07-17,21.0
2020-07-18,20.0
2020-07-19,20.0
2020-07-20,18.0
2020-07-21,15.0
2020-07-22,20.0
2020-07-23,19.0
2020-07-24,17.0
2020-07-25,14.0
2020-07-26,18.0
2020-07-27,23.0
2020-07-28,23.0
2020-07-29,24.0
2020-07-31,22.0
2020-08-02,22.0
2020-08-04,17.0
2020-08-06,16.0
2020-08-10,20.0
2020-08-11,23.0
2020-08-12,25.0
2020-08-13,31.0
2020-08-14,28.0
2020-08-15,26.0
2020-08-16,24.0
2020-08-17,24.0
2020-08-18,19.0
2020-08-19,19.0
2020-08-20,18.0
2020-08-21,20.0
2020-08-22,19.0
2020-08-23,20.0
2020-08-24,16.0
2020-08-25,23.0
2020-08-26,22.0
2020-08-27,23.0
2020-08-28,27.0
2020-08-29,24.0
2020-08-30,13.0
2020-08-31,19.0
2020-09-01,18.0
2020-09-02,16.0
2020-09-03,18.0
2020-09-04,24.0
2020-09-05,20.0
2020-09-06,20.0
2020-09-07,26.0
2020-09-08,16.0
2020-09-09,16.0
2020-09-10,17.0
2020-09-11,21.0
2020-09-12,22.0
2020-09-13,26.0
2020-09-14,25.0
2020-09-15,24.0
2020-09-16,29.0
2020-09-17,29.0
2020-09-18,17.0
2020-09-19,16.0
2020-09-20,16.0
2020-09-21,18.0
2020-09-22,23.0
2020-09-23,26.0
2020-09-24,24.0
2020-09-25,15.0
2020-09-26,14.0
2020-09-27,20.0
2020-09-28,21.0
2020-09-29,20.0
2020-09-30,20.0
2020-10-01,30.0
2020-10-02,39.0
2020-10-03,11.0
2020-10-04,12.0
2020-10-05,17.0
2020-10-06,25.0
2020-10-07,20.0
2020-10-08,24.0
2020-10-09,20.0
2020-10-10,20.0
2020-10-11,15.0
2020-10-12,16.0
2020-10-13,21.0
2020-10-15,10.0
2020-10-21,49.0
2020-10-23,13.0
2020-10-25,12.0
2020-10-27,15.0
2020-10-29,26.0
2020-10-31,26.0
2020-11-02,36.0
2020-11-03,31.0
2020-11-05,17.0
2020-11-06,27.0
2020-11-07,18.0
2020-11-08,15.0
2020-11-09,14.0
2020-11-10,12.0
2020-11-11,18.0
2020-11-12,20.0
2020-11-13,25.0
2020-11-14,30.0
2020-11-15,10.0
2020-11-16,12.0
2020-11-17,16.0
2020-11-18,22.0
2020-11-19,26.0
2020-11-20,21.0
2020-11-21,17.0
2020-11-22,17.0
2020-11-23,22.0
2020-11-24,27.0
2020-11-25,30.0
2020-11-26,20.0
2020-11-27,16.0
2020-11-28,14.0
2020-11-29,16.0
2020-11-30,20.0
2020-12-01,16.0
2020-12-02,8.0
2020-12-03,10.0
2020-12-04,7.0
2020-12-05,5.0
2020-12-06,8.0
2020-12-07,8.0
2020-12-08,1.0
2020-12-09,7.0
2020-12-10,8.0
2020-12-11,6.0
2020-12-12,10.0
2020-12-13,13.0
2020-12-14,31.0
2020-12-15,17.0
2020-12-16,22.0
2020-12-17,26.0
2020-12-18,28.0
2020-12-19,19.0
2020-12-20,11.0
2020-12-21,19.0
2020-12-22,26.0
2020-12-23,26.0
2020-12-24,15.0
2020-12-25,6.0
2020-12-26,15.0
2020-12-27,19.0
2020-12-28,18.0
2020-12-29,14.0
2020-12-30,10.0
2020-12-31,14.0
2021-01-01,2.0
2021-01-02,3.0
2021-01-03,3.0
2021-01-04,9.0
2021-01-05,16.0
2021-01-06,10.0
2021-01-07,11.0
2021-01-08,10.0
2021-01-09,8.0
2021-01-10,12.0
2021-01-11,15.0
2021-01-12,17.0
2021-01-13,24.0
2021-01-14,33.0
2021-01-15,15.0
2021-01-16,19.0
2021-01-17,13.0
2021-01-18,19.0
2021-01-19,26.0
2021-01-20,35.0
2021-01-22,10.0
2021-01-24,8.0
2021-01-26,21.0
2021-01-27,14.0
2021-01-28,14.0
2021-01-29,14.0
2021-01-30,22.0
2021-01-31,6.0
2021-02-01,14.0
2021-02-02,8.0
2021-02-03,13.0
2021-02-04,23.0
2021-02-05,25.0
2021-02-06,46.0
2021-02-07,12.0
2021-02-08,21.0
2021-02-09,13.0
2021-02-10,19.0
2021-02-11,15.0
2021-02-12,15.0
2021-02-13,13.0
2021-02-14,16.0
2021-02-15,12.0
2021-02-16,17.0
2021-02-17,26.0
2021-02-18,46.0
2021-02-19,49.0
2021-02-20,37.0
2021-02-21,49.0
2021-02-22,10.0
2021-02-23,15.0
2021-02-24,30.0
2021-02-25,31.0
2021-02-26,27.0
2021-02-27,39.0
2021-02-28,36.0
2021-03-01,41.0
2021-03-02,42.0
2021-03-08,17.0
2021-03-09,17.0
2021-03-10,19.0
2021-03-11,31.0
2021-03-12,22.0
2021-03-13,23.0
2021-03-14,14.0
2021-03-15,21.0
2021-03-16,27.0
2021-03-17,32.0
2021-03-18,14.0
2021-03-19,10.0
2021-03-20,17.0
2021-03-21,14.0
2021-03-22,17.0
2021-03-23,26.0
2021-03-24,29.0
2021-03-25,31.0
2021-03-26,38.0
2021-03-27,31.0
2021-03-28,17.0
2021-03-29,26.0
2021-03-30,27.0
2021-03-31,35.0
2021-04-01,35.0
2021-04-02,27.0
2021-04-03,27.0
2021-04-04,25.0
2021-04-05,29.0
2021-04-06,36.0
2021-04-07,24.0
2021-04-08,15.0
2021-04-09,15.0
2021-04-10,14.0
2021-04-11,16.0
2021-04-12,14.0
2021-04-13,19.0
2021-04-14,12.0
2021-04-15,16.0
2021-04-16,17.0
2021-04-17,16.0
2021-04-18,18.0
2021-04-19,32.0
2021-04-20,25.0
2021-04-21,17.0
2021-04-22,9.0
2021-04-23,13.0
2021-04-24,16.0
2021-04-25,18.0
2021-04-28,22.0
2021-04-29,20.0
2021-04-30,21.0
2021-05-01,19.0
2021-05-02,18.0
2021-05-03,16.0
2021-05-04,21.0
2021-05-05,21.0
2021-05-06,26.0
2021-05-07,29.0
2021-05-08,24.0
2021-05-09,26.0
2021-05-10,18.0
2021-05-11,8.0
2021-05-12,15.0
2021-05-13,18.0
2021-05-14,17.0
2021-05-15,27.0
2021-05-16,16.0
2021-05-17,23.0
2021-05-18,28.0
2021-05-19,22.0
2021-05-20,25.0
2021-05-21,28.0
2021-05-22,26.0
2021-05-23,14.0
2021-05-24,13.0
2021-05-25,20.0
2021-05-26,19.0
2021-05-27,18.0
2021-05-28,20.0
2021-05-29,19.0
2021-05-30,19.0
2021-05-31,18.0
2021-06-01,16.0
2021-06-02,15.0
2021-06-03,16.0
2021-06-04,21.0
2021-06-05,17.0
2021-06-06,12.0
2021-06-07,19.0
2021-06-08,18.0
2021-06-09,13.0
2021-06-10,12.0
2021-06-11,16.0
2021-06-12,17.0
2021-06-13,24.0
2021-06-14,26.0
2021-06-15,25.0
2021-06-16,25.0
2021-06-17,21.0
2021-06-18,21.0
2021-06-19,19.0
2021-06-20,14.0
2021-06-21,18.0
2021-06-22,17.0
2021-06-23,13.0
2021-06-24,10.0
2021-06-25,15.0
2021-06-26,19.0
2021-06-27,20.0
2021-06-28,20.0
2021-06-29,19.0
2021-06-30,77.0
2021-07-01,18.0
2021-07-02,20.0
2021-07-03,21.0
2021-07-04,27.0
2021-07-05,25.0
2021-07-06,29.0
2021-07-07,15.0
2021-07-08,18.0
2021-07-11,16.0
2021-07-12,38.0
2021-07-13,20.0
2021-07-14,16.0
2021-07-15,17.0
2021-07-16,21.0
2021-07-17,18.0
2021-07-19,18.0
2021-07-20,38.0
2021-07-21,23.0
2021-07-22,22.0
2021-07-23,25.0
2021-07-24,24.0
2021-07-25,25.0
2021-07-26,14.0
2021-07-27,15.0
2021-07-28,16.0
2021-07-29,17.0
2021-07-30,23.0
2021-07-31,25.0
2021-08-01,11.0
2021-08-02,12.0
2021-08-03,19.0
2021-08-04,29.0
2021-08-05,24.0
2021-08-06,24.0
2021-08-07,26.0
2021-08-08,17.0
2021-08-09,15.0
2021-08-10,19.0
2021-08-11,24.0
2021-08-12,53.0
2021-08-13,40.0
2021-08-14,52.0
2021-08-15,48.0
2021-08-16,35.0
2021-08-17,22.0
2021-08-18,23.0
2021-08-19,22.0
2021-08-20,18.0
2021-08-21,15.0
2021-08-22,19.0
2021-08-23,22.0
2021-08-24,22.0
2021-08-25,18.0
2021-08-26,19.0
2021-08-27,26.0
2021-08-28,22.0
2021-08-29,23.0
2021-08-30,18.0
2021-08-31,17.0
2021-09-01,16.0
2021-09-02,17.0
2021-09-03,22.0
2021-09-04,21.0
2021-09-05,27.0
2021-09-06,26.0
2021-09-07,18.0
2021-09-08,20.0
2021-09-09,21.0
2021-09-10,22.0
2021-09-11,19.0
2021-09-12,17.0
2021-09-13,25.0
2021-09-14,31.0
2021-09-15,28.0
2021-09-16,15.0
2021-09-17,27.0
2021-09-18,29.0
2021-09-19,16.0
2021-09-20,15.0
2021-09-21,9.0
2021-09-22,12.0
2021-09-23,14.0
2021-09-24,19.0
2021-09-25,24.0
2021-09-26,16.0
2021-09-27,22.0
2021-09-28,27.0
2021-09-29,24.0
2021-09-30,19.0
2021-10-01,22.0
2021-10-02,26.0
2021-10-03,20.0
2021-10-04,10.0
2021-10-05,13.0
2021-10-06,10.0
2021-10-07,17.0
2021-10-08,16.0
2021-10-09,18.0
2021-10-10,12.0
2021-10-11,17.0
2021-10-12,16.0
2021-10-13,17.0
2021-10-14,20.0
2021-10-15,20.0
2021-10-16,21.0
2021-10-17,14.0
2021-10-18,18.0
2021-10-19,17.0
2021-10-20,23.0
2021-10-21,31.0
2021-10-22,15.0
2021-10-23,11.0
2021-10-24,12.0
2021-10-25,13.0
2021-10-26,18.0
2021-10-27,21.0
2021-10-28,26.0
2021-10-29,24.0
2021-10-30,10.0
2021-10-31,5.0
2021-11-01,38.0
2021-11-02,8.0
2021-11-03,6.0
2021-11-04,10.0
2021-11-05,7.0
2021-11-06,9.0
2021-11-07,9.0
2021-11-08,20.0
2021-11-09,19.0
2021-11-10,20.0
2021-11-11,20.0
2021-11-12,18.0
2021-11-13,20.0
2021-11-14,14.0
2021-11-15,15.0
2021-11-16,18.0
2021-11-17,19.0
2021-11-18,17.0
2021-11-19,12.0
2021-11-20,14.0
2021-11-21,16.0
2021-11-22,14.0
2021-11-23,7.0
2021-11-24,6.0
2021-11-25,2.0
2021-11-26,8.0
2021-11-27,5.0
2021-11-28,2.0
2021-11-29,6.0
2021-11-30,23.0
2021-12-01,16.0
2021-12-02,9.0
2021-12-03,9.0
2021-12-04,8.0
2021-12-05,9.0
2021-12-06,6.0
2021-12-07,9.0
2021-12-08,6.0
2021-12-09,6.0
2021-12-10,8.0
2021-12-11,7.0
2021-12-12,13.0
2021-12-13,22.0
2021-12-14,25.0
2021-12-15,30.0
2021-12-16,22.0
2021-12-17,20.0
2021-12-18,19.0
2021-12-19,25.0
2021-12-20,27.0
2021-12-21,31.0
2021-12-22,37.0
2021-12-23,30.0
2021-12-24,25.0
2021-12-25,11.0
2021-12-26,9.0
2021-12-27,17.0
2021-12-28,20.0
2021-12-29,20.0
2021-12-30,25.0
2021-12-31,32.0
2022-01-01,38.0
2022-01-02,36.0
2022-01-03,45.0
2022-01-04,27.0
2022-01-05,15.0
2022-01-06,14.0
2022-01-07,15.0
2022-01-08,13.0
2022-01-09,13.0
2022-01-10,11.0
2022-01-11,12.0
2022-01-12,44.0
2022-01-13,13.0
2022-01-14,19.0
2022-01-15,16.0
2022-01-16,16.0
2022-01-17,29.0
2022-01-18,32.0
2022-01-19,36.0
2022-01-20,32.0
2022-01-21,23.0
2022-01-22,23.0
2022-01-23,20.0
2022-01-25,10.0
2022-01-26,18.0
2022-01-27,22.0
2022-01-28,22.0
2022-01-29,21.0
2022-01-30,24.0
2022-02-01,24.0
2022-02-02,32.0
2022-02-03,35.0
2022-02-04,44.0
2022-02-05,37.0
2022-02-06,18.0
2022-02-07,24.0
2022-02-08,23.0
2022-02-09,21.0
2022-02-10,23.0
2022-02-11,29.0
2022-02-12,28.0
2022-02-13,28.0
2022-02-14,26.0
2022-02-15,15.0
2022-02-16,18.0
2022-02-17,23.0
2022-02-18,36.0
2022-02-19,23.0
2022-02-21,19.0
2022-02-22,33.0
2022-02-23,29.0
2022-02-24,29.0
2022-02-25,20.0
2022-02-26,24.0
2022-02-27,23.0
2022-02-28,34.0
2022-03-01,36.0
2022-03-02,46.0
2022-03-03,27.0
2022-03-04,16.0
2022-03-05,15.0
2022-03-06,12.0
2022-03-07,9.0
2022-03-08,14.0
2022-03-09,19.0
2022-03-10,22.0
2022-03-11,28.0
2022-03-12,26.0
2022-03-13,23.0
2022-03-14,28.0
2022-03-15,50.0
2022-03-16,30.0
2022-03-17,23.0
2022-03-18,30.0
2022-03-19,34.0
2022-03-20,31.0
2022-03-22,26.0
2022-03-23,21.0
2022-03-24,12.0
2022-03-25,25.0
2022-03-26,21.0
2022-03-27,35.0
2022-03-28,38.0
2022-03-29,46.0
2022-03-30,48.0
2022-03-31,15.0
2022-04-01,11.0
2022-04-02,9.0
2022-04-03,12.0
2022-04-04,15.0
2022-04-05,16.0
2022-04-06,14.0
2022-04-07,14.0
2022-04-08,14.0
2022-04-09,13.0
2022-04-10,24.0
2022-04-11,25.0
2022-04-12,30.0
2022-04-13,15.0
2022-04-14,20.0
2022-04-15,21.0
2022-04-16,29.0
2022-04-17,23.0
2022-04-18,22.0
2022-04-19,15.0
2022-04-20,10.0
2022-04-21,12.0
2022-04-22,20.0
2022-04-23,6.0
2022-04-24,9.0
2022-04-25,15.0
2022-04-26,13.0
2022-04-27,26.0
2022-04-28,18.0
2022-04-29,26.0
2022-04-30,24.0
2022-05-01,26.0
2022-05-02,22.0
2022-05-03,12.0
2022-05-04,19.0
2022-05-05,13.0
2022-05-06,20.0
2022-05-07,25.0
2022-05-08,20.0
2022-05-09,22.0
2022-05-10,22.0
2022-05-11,28.0
2022-05-12,24.0
2022-05-13,27.0
2022-05-14,27.0
2022-05-15,24.0
2022-05-16,32.0
2022-05-17,34.0
2022-05-18,27.0
2022-05-19,29.0
2022-05-20,24.0
2022-05-21,28.0
2022-05-22,24.0
2022-05-23,34.0
2022-05-25,7.0
2022-05-26,8.0
2022-05-28,27.0
2022-05-29,26.0
2022-05-31,27.0
2022-06-01,30.0
2022-06-02,27.0
2022-06-03,28.0
2022-06-04,29.0
2022-06-05,28.0
2022-06-06,24.0
2022-06-07,28.0
2022-06-08,32.0
2022-06-09,29.0
2022-06-10,27.0
2022-06-11,28.0
2022-06-12,24.0
2022-06-13,26.0
2022-06-14,30.0
2022-06-15,25.0
2022-06-16,31.0
2022-06-17,46.0
2022-06-18,43.0
2022-06-19,34.0
2022-06-20,39.0
2022-06-21,42.0
2022-06-22,33.0
2022-06-23,27.0
2022-06-24,23.0
2022-06-25,24.0
2022-06-26,24.0
2022-06-27,25.0
2022-06-28,26.0
2022-06-29,30.0
2022-06-30,27.0
2022-07-01,27.0
2022-07-02,23.0
2022-07-03,24.0
2022-07-04,11.0
2022-07-05,27.0
2022-07-06,29.0
2022-07-13,32.0
2022-07-14,29.0
2022-07-15,31.0
2022-07-16,28.0
2022-07-17,26.0
2022-07-18,32.0
2022-07-19,35.0
2022-07-20,28.0
2022-07-21,28.0
2022-07-22,31.0
2022-07-23,32.0
2022-07-24,30.0
2022-07-25,36.0
2022-07-26,34.0
2022-07-27,34.0
2022-07-28,35.0
2022-07-29,27.0
2022-07-30,23.0
2022-07-31,28.0
2022-08-01,24.0
2022-08-02,26.0
2022-08-03,29.0
2022-08-04,27.0
2022-08-05,21.0
2022-08-06,21.0
2022-08-07,22.0
2022-08-08,22.0
2022-08-09,24.0
2022-08-10,23.0
2022-08-11,26.0
2022-08-12,34.0
2022-08-13,76.0
2022-08-19,25.0
2022-08-20,20.0
2022-08-21,21.0
2022-08-22,23.0
2022-08-23,22.0
2022-08-24,21.0
2022-08-25,23.0
2022-08-26,23.0
2022-08-27,20.0
2022-08-28,17.0
2022-08-29,20.0
2022-08-30,31.0
2022-08-31,51.0
2022-09-01,36.0
2022-09-06,62.0
2022-09-10,46.0
2022-09-11,39.0
2022-09-12,27.0
2022-09-13,28.0
2022-09-14,23.0
2022-09-17,20.0
2022-09-18,16.0
2022-09-19,20.0
2022-09-20,20.0
2022-09-21,24.0
2022-09-22,22.0
2022-09-23,25.0
2022-09-24,22.0
2022-09-25,16.0
2022-09-26,14.0
2022-09-27,15.0
2022-09-28,17.0
2022-09-29,17.0
2022-09-30,18.0
2022-10-01,16.0
2022-10-02,14.0
2022-10-03,27.0
2022-10-04,25.0
2022-10-05,22.0
2022-10-06,27.0
2022-10-07,19.0
2022-10-08,27.0
2022-10-09,24.0
2022-10-10,27.0
2022-10-11,21.0
2022-10-12,21.0
2022-10-13,25.0
2022-10-14,28.0
2022-10-15,27.0
2022-10-16,26.0
2022-10-17,31.0
2022-10-18,39.0
2022-10-19,49.0
2022-10-20,49.0
2022-10-21,27.0
2022-10-22,26.0
2022-10-23,34.0
2022-10-24,33.0
2022-10-25,35.0
2022-10-26,44.0
2022-10-27,40.0
2022-10-28,35.0
2022-10-29,34.0
2022-10-30,33.0
2022-10-31,34.0
2022-11-01,26.0
2022-11-02,25.0
2022-11-03,26.0
2022-11-04,19.0
2022-11-05,24.0
2022-11-06,20.0
2022-11-07,24.0
2022-11-08,31.0
2022-11-09,25.0
2022-11-10,18.0
2022-11-11,16.0
2022-11-12,25.0
2022-11-13,20.0
2022-11-14,23.0
2022-11-15,12.0
2022-11-16,6.0
2022-11-17,7.0
2022-11-18,11.0
2022-11-19,8.0
2022-11-20,4.0
2022-11-21,7.0
2022-11-22,10.0
2022-11-23,9.0
2022-11-24,13.0
2022-11-25,15.0
2022-11-26,19.0
2022-11-27,24.0
2022-11-28,16.0
2022-11-29,16.0
2022-11-30,23.0
2022-12-01,12.0
2022-12-02,14.0
2022-12-03,18.0
2022-12-04,18.0
2022-12-05,20.0
2022-12-06,27.0
2022-12-07,31.0
2022-12-08,31.0
2022-12-09,21.0
2022-12-10,14.0
2022-12-11,14.0
2022-12-12,22.0
2022-12-13,12.0
2022-12-14,16.0
2022-12-15,11.0
2022-12-16,13.0
2022-12-17,19.0
2022-12-18,17.0
2022-12-19,19.0
2022-12-20,27.0
2022-12-21,15.0
2022-12-22,19.0
2022-12-23,14.0
2022-12-24,16.0
2022-12-25,14.0
2022-12-26,30.0
2022-12-27,22.0
2022-12-28,29.0
2022-12-29,20.0
2022-12-30,17.0
2022-12-31,23.0
2023-01-01,23.0
2023-01-02,26.0
2023-01-03,30.0
2023-01-04,22.0
2023-01-05,23.0
2023-01-06,18.0
2023-01-07,15.0
2023-01-08,6.0
2023-01-09,8.0
2023-01-10,13.0
2023-01-11,18.0
2023-01-12,17.0
2023-01-13,28.0
2023-01-14,16.0
2023-01-15,16.0
2023-01-16,23.0
2023-01-17,33.0
2023-01-18,14.0
2023-01-19,15.0
2023-01-20,18.0
2023-01-21,18.0
2023-01-22,10.0
2023-01-23,18.0
2023-01-24,15.0
2023-01-25,24.0
2023-01-26,16.0
2023-01-27,16.0
2023-01-28,11.0
2023-01-29,9.0
2023-01-30,17.0
2023-01-31,27.0
2023-02-01,26.0
2023-02-02,29.0
2023-02-03,31.0
2023-02-04,27.0
2023-02-05,21.0
2023-02-06,18.0
2023-02-07,17.0
2023-02-08,10.0
2023-02-09,12.0
2023-02-10,20.0
2023-02-11,15.0
2023-02-12,17.0
2023-02-13,16.0
2023-02-14,14.0
2023-02-15,11.0
2023-02-16,20.0
2023-02-17,27.0
2023-02-18,23.0
2023-02-19,34.0
2023-02-20,34.0
2023-02-21,36.0
2023-02-22,35.0
2023-02-23,44.0
2023-02-24,11.0
2023-02-25,15.0
2023-02-26,18.0
2023-02-27,18.0
2023-02-28,14.0
2023-03-01,14.0
2023-03-02,20.0
2023-03-03,22.0
2023-03-04,22.0
2023-03-05,28.0
2023-03-06,9.0
2023-03-07,21.0
2023-03-08,14.0
2023-03-09,19.0
2023-03-10,22.0
2023-03-11,24.0
2023-03-12,18.0
2023-03-13,29.0
2023-03-14,17.0
2023-03-15,28.0
2023-03-16,27.0
2023-03-17,21.0
2023-03-18,35.0
2023-03-19,34.0
2023-03-20,25.0
2023-03-21,22.0
2023-03-22,24.0
2023-03-23,30.0
2023-03-24,47.0
2023-03-25,22.0
2023-03-26,24.0
2023-03-27,19.0
2023-03-28,31.0
2023-03-29,25.0
2023-03-30,37.0
2023-03-31,43.0
2023-04-01,38.0
2023-04-02,18.0
2023-04-03,16.0
2023-04-04,22.0
2023-04-05,25.0
2023-04-06,23.0
2023-04-07,24.0
2023-04-08,33.0
2023-04-09,30.0
2023-04-10,28.0
2023-04-11,28.0
2023-04-12,37.0
2023-04-13,25.0
2023-04-14,27.0
2023-04-15,24.0
2023-04-16,19.0
2023-04-17,23.0
2023-04-18,21.0
2023-04-19,17.0
2023-04-20,27.0
2023-04-21,32.0
2023-04-22,29.0
2023-04-23,25.0
2023-04-24,23.0
2023-04-25,29.0
2023-04-26,23.0
2023-04-27,23.0
2023-04-28,24.0
2023-04-29,28.0
2023-04-30,26.0
2023-05-01,24.0
2023-05-02,26.0
2023-05-03,32.0
2023-05-04,25.0
2023-05-05,28.0
2023-05-06,29.0
2023-05-07,22.0
2023-05-08,28.0
2023-05-09,33.0
2023-05-10,24.0
2023-05-11,23.0
2023-05-12,19.0
2023-05-13,17.0
2023-05-14,20.0
2023-05-15,25.0
2023-05-16,23.0
2023-05-17,27.0
2023-05-18,25.0
2023-05-19,22.0
2023-05-20,22.0
2023-05-21,21.0
2023-05-22,20.0
2023-05-23,25.0
2023-05-24,22.0
2023-05-25,22.0
2023-05-26,18.0
2023-05-27,28.0
2023-05-28,26.0
2023-05-29,26.0
2023-05-30,27.0
2023-05-31,31.0
2023-06-01,29.0
2023-06-02,24.0
2023-06-03,23.0
2023-06-04,20.0
2023-06-05,23.0
2023-06-06,23.0
2023-06-07,21.0
2023-06-08,23.0
2023-06-09,25.0
2023-06-10,24.0
2023-06-11,24.0
2023-06-12,21.0
2023-06-13,21.0
2023-06-14,14.0
2023-06-15,25.0
2023-06-16,24.0
2023-06-17,27.0
2023-06-18,24.0
2023-06-19,28.0
2023-06-20,34.0
2023-06-21,33.0
2023-06-22,17.0
2023-06-23,18.0
2023-06-24,20.0
2023-06-25,25.0
2023-06-26,19.0
2023-06-28,24.0
2023-06-29,24.0
2023-07-01,23.0
2023-07-02,26.0
2023-07-03,27.0
2023-07-04,21.0
2023-07-05,18.0
2023-07-06,19.0
2023-07-07,20.0
2023-07-08,24.0
2023-07-09,28.0
2023-07-11,49.0
2023-07-12,47.0
2023-07-13,36.0
2023-07-14,32.0
2023-07-15,35.0
2023-07-16,29.0
2023-07-17,27.0
2023-07-18,36.0
2023-07-19,39.0
2023-07-21,29.0
2023-07-22,27.0
2023-07-23,30.0
2023-07-24,36.0
2023-07-25,24.0
2023-08-01,28.0
2023-08-03,32.0
2023-08-08,30.0
2023-08-09,26.0
2023-08-10,46.0
2023-08-11,23.0
2023-08-12,29.0
2023-08-13,24.0
2023-08-14,20.0
2023-08-15,20.0
2023-08-16,24.0
2023-08-17,22.0
2023-08-18,18.0
2023-08-20,24.0
2023-08-21,32.0
2023-08-22,41.0
2023-08-23,45.0
2023-08-24,41.0
2023-08-25,38.0
2023-08-26,32.0
2023-08-27,16.0
2023-08-29,16.0
2023-08-30,16.0
2023-08-31,18.0
2023-09-01,21.0
2023-09-02,14.0
2023-09-04,35.0
2023-09-05,31.0
2023-09-06,17.0
2023-09-07,19.0
2023-09-08,19.0
2023-09-09,18.0
2023-09-10,17.0
2023-09-11,18.0
2023-09-12,17.0
2023-09-13,12.0
2023-09-14,16.0
2023-09-15,13.0
2023-09-16,23.0
2023-09-17,30.0
2023-09-18,16.0
2023-09-19,19.0
2023-09-20,17.0
2023-09-21,19.0
2023-09-22,18.0
2023-09-23,18.0
2023-09-24,17.0
2023-09-25,15.0
2023-09-26,14.0
2023-09-27,18.0
2023-09-28,21.0
2023-09-29,23.0
2023-09-30,26.0
2023-10-01,25.0
2023-10-02,22.0
2023-10-03,20.0
2023-10-06,24.0
2023-10-07,24.0
2023-10-08,27.0
2023-10-09,23.0
2023-10-10,23.0
2023-10-12,20.0
2023-10-13,21.0
2023-10-14,34.0
2023-10-15,24.0
2023-10-16,24.0
2023-10-17,29.0
2023-10-18,35.0
2023-10-19,21.0
2023-10-20,26.0
2023-10-21,13.0
2023-10-22,14.0
2023-10-23,13.0
2023-10-24,10.0
2023-10-25,16.0
2023-10-26,18.0
2023-10-27,15.0
2023-10-28,10.0
2023-10-29,26.0
2023-10-30,21.0
2023-10-31,20.0
2023-11-01,22.0
2023-11-02,97.0
2023-11-03,43.0
2023-11-04,18.0
2023-11-05,20.0
2023-11-06,16.0
2023-11-07,19.0
2023-11-08,18.0
2023-11-09,15.0
2023-11-10,18.0
2023-11-11,16.0
2023-11-12,12.0
2023-11-13,14.0
2023-11-14,24.0
2023-11-15,31.0
2023-11-16,21.0
2023-11-17,23.0
2023-11-18,14.0
2023-11-19,19.0
2023-11-20,30.0
2023-11-21,32.0
2023-11-22,19.0
2023-11-23,28.0
2023-11-24,32.0
2023-11-25,31.0
2023-11-26,24.0
2023-11-27,42.0
2023-11-28,19.0
2023-11-29,11.0
2023-11-30,18.0
2023-12-01,39.0
2023-12-02,13.0
2023-12-03,11.0
2023-12-04,9.0
2023-12-05,14.0
2023-12-06,15.0
2023-12-07,14.0
2023-12-08,1.0
2023-12-09,5.0
2023-12-10,1.0
2023-12-11,21.0
2023-12-12,9.0
2023-12-13,8.0
2023-12-14,6.0
2023-12-15,22.0
2023-12-16,6.0
2023-12-17,8.0
2023-12-18,27.0
2023-12-19,32.0
2023-12-20,17.0
2023-12-21,13.0
2023-12-22,21.0
2023-12-23,12.0
2023-12-24,18.0
2023-12-25,15.0
2023-12-26,27.0
2023-12-27,26.0
2023-12-28,40.0
2023-12-29,52.0
2023-12-30,47.0
2023-12-31,19.0
2024-01-01,13.0
2024-01-02,18.0
2024-01-03,14.0
2024-01-04,16.0
2024-01-05,6.0
2024-01-06,12.0
2024-01-07,7.0
2024-01-08,12.0
2024-01-09,19.0
2024-01-10,20.0
2024-01-11,7.0
2024-01-12,22.0
2024-01-13,23.0
2024-01-14,26.0
2024-01-15,26.0
2024-01-16,33.0
2024-01-17,91.0
2024-01-19,13.0
2024-01-20,16.0
2024-01-21,19.0
2024-01-22,18.0
2024-01-23,23.0
2024-01-24,27.0
2024-01-25,28.0
2024-01-26,13.0
2024-01-27,34.0
2024-01-28,30.0
2024-01-30,35.0
2024-01-31,31.0
2024-02-01,31.0
2024-02-02,38.0
2024-02-03,33.0
2024-02-04,30.0
2024-02-05,38.0
2024-02-06,47.0
2024-02-07,39.0
2024-02-08,41.0
2024-02-09,18.0
2024-02-10,3.0
2024-02-11,4.0
2024-02-12,13.0
2024-02-13,24.0
2024-02-14,31.0
2024-02-15,27.0
2024-02-16,21.0
2024-02-17,14.0
2024-02-18,20.0
2024-02-19,20.0
2024-02-20,17.0
2024-02-21,27.0
2024-02-22,48.0
2024-02-23,22.0
2024-02-24,12.0
2024-02-25,14.0
2024-02-26,9.0
2024-02-27,13.0
2024-02-28,15.0
2024-02-29,21.0
2024-03-01,16.0
2024-03-02,25.0
2024-03-03,9.0
2024-03-04,19.0
2024-03-05,24.0
2024-03-06,24.0
2024-03-07,25.0
2024-03-08,20.0
2024-03-09,13.0
2024-03-10,8.0
2024-03-11,18.0
2024-03-12,19.0
2024-03-13,25.0
2024-03-14,31.0
2024-03-15,37.0
2024-03-16,34.0
2024-03-17,36.0
2024-03-18,43.0
2024-03-19,33.0
2024-03-20,22.0
2024-03-21,19.0
2024-03-22,42.0
2024-03-23,40.0
2024-03-24,24.0
2024-03-25,9.0
2024-03-26,13.0
2024-03-27,17.0
2024-03-28,22.0
2024-03-29,28.0
2024-03-30,12.0
2024-03-31,7.0
2024-04-01,11.0
2024-04-02,19.0
2024-04-03,20.0
2024-04-04,24.0
2024-04-05,25.0
2024-04-06,22.0
2024-04-07,37.0
2024-04-08,38.0
2024-04-09,15.0
2024-04-10,21.0
2024-04-11,21.0
2024-04-12,23.0
2024-04-13,25.0
2024-04-14,25.0
2024-04-15,40.0
2024-04-16,30.0
2024-04-17,29.0
2024-04-18,25.0
2024-04-19,18.0
2024-04-20,19.0
2024-04-21,23.0
2024-04-22,24.0
2024-04-23,20.0
2024-04-24,23.0
2024-04-25,18.0
2024-04-26,20.0
2024-04-27,20.0
2024-04-28,20.0
2024-04-29,12.0
2024-04-30,17.0
2024-05-01,12.0
2024-05-02,16.0
2024-05-03,35.0
2024-05-04,23.0
2024-05-05,33.0
2024-05-06,27.0
2024-05-15,29.0
2024-05-16,41.0
2024-05-17,32.0
2024-05-18,25.0
2024-05-19,23.0
2024-05-20,25.0
2024-05-21,29.0
2024-05-22,28.0
2024-05-23,29.0
2024-05-24,26.0
2024-05-25,25.0
2024-05-26,24.0
2024-05-27,34.0
2024-05-28,29.0
2024-05-29,34.0
2024-05-30,30.0
2024-05-31,20.0
2024-06-01,18.0
2024-06-02,19.0
2024-06-03,20.0
2024-06-04,25.0
2024-06-05,23.0
2024-06-06,30.0
2024-06-07,30.0
2024-06-08,32.0
2024-06-09,17.0
2024-06-10,19.0
2024-06-11,14.0
2024-06-12,13.0
2024-06-13,16.0
2024-06-14,25.0
2024-06-15,27.0
2024-06-16,16.0
2024-06-17,18.0
2024-06-18,25.0
2024-06-19,35.0
2024-06-20,34.0
2024-06-21,23.0
2024-06-22,20.0
2024-06-23,19.0
2024-06-24,14.0
2024-06-25,17.0
2024-06-26,13.0
2024-06-27,20.0
2024-06-28,21.0
2024-06-29,21.0
2024-06-30,20.0
2024-07-01,15.0
2024-07-02,14.0
2024-07-03,20.0
2024-07-04,19.0
2024-07-05,17.0
2024-07-06,19.0
2024-07-07,18.0
2024-07-08,19.0
2024-07-09,21.0
2024-07-10,28.0
2024-07-11,30.0
2024-07-12,33.0
2024-07-13,24.0
2024-07-14,28.0
2024-07-15,31.0
2024-07-16,24.0
2024-07-17,21.0
2024-07-18,23.0
2024-07-19,23.0
2024-07-20,30.0
2024-07-21,29.0
2024-07-22,27.0
2024-07-23,31.0
2024-07-24,24.0
2024-07-25,24.0
2024-07-26,18.0
2024-07-27,20.0
2024-07-28,29.0
2024-07-29,32.0
2024-07-30,38.0
2024-07-31,37.0
2024-08-01,24.0
2024-08-02,44.0
2024-08-03,40.0
2024-08-04,28.0
2024-08-05,28.0
2024-08-06,34.0
2024-08-07,28.0
2024-08-08,21.0
2024-08-09,24.0
2024-08-10,21.0
2024-08-11,17.0
2024-08-12,29.0
2024-08-13,31.0
2024-08-14,31.0
2024-08-15,15.0
2024-08-16,21.0
2024-08-17,24.0
2024-08-18,23.0
2024-08-19,30.0
2024-08-20,30.0
2024-08-21,30.0
2024-08-22,33.0
2024-08-23,34.0
2024-08-24,31.0
2024-08-25,29.0
2024-08-26,25.0
2024-08-27,33.0
2024-08-28,24.0
2024-08-29,23.0
2024-08-30,26.0
2024-08-31,24.0
2024-09-01,27.0
2024-09-02,31.0
2024-09-03,37.0
2024-09-04,18.0
2024-09-05,17.0
2024-09-06,20.0
2024-09-07,26.0
2024-09-08,28.0
2024-09-09,26.0
2024-09-10,24.0
2024-09-11,23.0
2024-09-14,21.0
2024-09-15,23.0
2024-09-16,24.0
2024-09-17,26.0
2024-09-18,15.0
2024-09-19,15.0
2024-09-20,16.0
2024-09-21,13.0
2024-09-22,17.0
2024-09-23,22.0
2024-09-24,25.0
2024-09-25,18.0
2024-09-26,18.0
2024-09-27,16.0
2024-09-28,15.0
2024-09-29,20.0
2024-09-30,23.0
2024-10-01,25.0
2024-10-02,34.0
2024-10-03,17.0
2024-10-04,21.0
2024-10-05,21.0
2024-10-06,45.0
2024-10-07,41.0
2024-10-08,16.0
2024-10-09,19.0
2024-10-10,12.0
2024-10-11,17.0
2024-10-12,21.0
2024-10-13,14.0
2024-10-14,19.0
2024-10-15,39.0
2024-10-16,29.0
2024-10-17,15.0
2024-10-18,17.0
2024-10-19,14.0
2024-10-20,15.0
2024-10-21,17.0
2024-10-22,19.0
2024-10-23,10.0
2024-10-24,16.0
2024-10-25,23.0
2024-10-26,9.0
2024-10-27,7.0
2024-10-28,11.0
2024-10-29,24.0
2024-10-30,80.0
2024-10-31,63.0
2024-11-01,19.0
2024-11-02,19.0
2024-11-03,20.0
2024-11-04,23.0
2024-11-05,32.0
2024-11-06,23.0
2024-11-07,14.0
2024-11-08,19.0
2024-11-09,22.0
2024-11-10,18.0
2024-11-11,15.0
2024-11-12,14.0
2024-11-13,5.0
2024-11-14,11.0
2024-11-15,13.0
2024-11-16,17.0
2024-11-17,22.0
2024-11-18,31.0
2024-11-19,34.0
2024-11-20,22.0
2024-11-21,17.0
2024-11-22,10.0
2024-11-23,12.0
2024-11-24,16.0
2024-11-25,53.0
2024-11-26,16.0
2024-11-27,21.0
2024-11-28,26.0
2024-11-29,36.0
2024-11-30,33.0
2024-12-01,36.0
2024-12-02,57.0
2024-12-03,33.0
2024-12-04,18.0
2024-12-05,24.0
2024-12-06,15.0
2024-12-07,15.0
2024-12-08,11.0
2024-12-09,11.0
2024-12-10,40.0
2024-12-11,12.0
2024-12-12,19.0
2024-12-13,24.0
2024-12-14,15.0
2024-12-15,14.0
2024-12-16,21.0
2024-12-17,27.0
2024-12-18,41.0
2024-12-19,43.0
2024-12-20,21.0
2024-12-21,19.0
2024-12-22,15.0
2024-12-23,31.0
2024-12-24,25.0
2024-12-25,16.0
2024-12-26,26.0
2024-12-27,25.0
2024-12-28,21.0
2024-12-29,20.0
2024-12-30,22.0
2024-12-31,16.0
